sku_id,name,pair_sku_id,side,arm_type,is_boxed,length_cm,width_cm,height_cm,weight_kg,unit_volume_l,effective_volume_l,rotation,effective_rotation,sales_median_6m,target_stock_qty,batch_weight_kg,batch_volume_l
SKU-1000-LH,Важіль curved LH (R1),SKU-1000-RH,LH,curved,False,41.2,18.8,8.6,1.88,6.66,2.8,R1,R1,31.6,48,90.2,134.4
SKU-1000-RH,Важіль curved RH (R1),SKU-1000-LH,RH,curved,False,41.2,18.8,8.6,1.88,6.66,2.8,R1,R1,33.8,51,95.9,142.8
SKU-1001-LH,Важіль straight_link LH (R1),SKU-1001-RH,LH,straight_link,False,27.9,4.1,7.4,1.23,0.85,0.24,R1,R1,33.0,50,61.5,12.0
SKU-1001-RH,Важіль straight_link RH (R1),SKU-1001-LH,RH,straight_link,False,27.9,4.1,7.4,1.23,0.85,0.24,R1,R1,33.0,50,61.5,12.0
SKU-1002-LH,Важіль trailing LH (R1),SKU-1002-RH,LH,trailing,False,65.6,8.2,6.2,3.38,3.34,1.27,R1,R1,32.0,48,162.2,61.0
SKU-1002-RH,Важіль trailing RH (R1),SKU-1002-LH,RH,trailing,False,65.6,8.2,6.2,3.38,3.34,1.27,R1,R1,32.2,49,165.6,62.2
SKU-1003-LH,Важіль straight_link LH (R1),SKU-1003-RH,LH,straight_link,False,29.0,4.7,5.8,0.99,0.79,0.22,R1,R1,31.1,47,46.5,10.3
SKU-1003-RH,Важіль straight_link RH (R1),SKU-1003-LH,RH,straight_link,False,29.0,4.7,5.8,0.99,0.79,0.22,R1,R1,30.0,45,44.5,9.9
SKU-1004-LH,Важіль a_shaped LH (R1),SKU-1004-RH,LH,a_shaped,True,51.2,41.5,13.5,4.57,28.68,30.11,R1,R1,32.2,49,223.9,1475.4
SKU-1004-RH,Важіль a_shaped RH (R1),SKU-1004-LH,RH,a_shaped,True,51.2,41.5,13.5,4.57,28.68,30.11,R1,R1,31.6,48,219.4,1445.3
SKU-1005-LH,Важіль curved LH (R1),SKU-1005-RH,LH,curved,False,33.9,10.4,10.5,2.07,3.7,1.55,R1,R1,41.3,62,128.3,96.1
SKU-1005-RH,Важіль curved RH (R1),SKU-1005-LH,RH,curved,False,33.9,10.4,10.5,2.07,3.7,1.55,R1,R1,42.0,63,130.4,97.7
SKU-1006-LH,Важіль a_shaped LH (R1),SKU-1006-RH,LH,a_shaped,False,39.0,41.5,13.2,6.61,21.36,11.11,R1,R1,46.5,70,462.7,777.7
SKU-1006-RH,Важіль a_shaped RH (R1),SKU-1006-LH,RH,a_shaped,False,39.0,41.5,13.2,6.61,21.36,11.11,R1,R1,47.7,72,475.9,799.9
SKU-1007-LH,Важіль straight_link LH (R1),SKU-1007-RH,LH,straight_link,False,20.7,4.2,5.1,0.79,0.44,0.12,R1,R1,35.8,54,42.7,6.5
SKU-1007-RH,Важіль straight_link RH (R1),SKU-1007-LH,RH,straight_link,False,20.7,4.2,5.1,0.79,0.44,0.12,R1,R1,34.5,52,41.1,6.2
SKU-1008-LH,Важіль trailing LH (R1),SKU-1008-RH,LH,trailing,False,66.1,6.7,8.2,2.26,3.63,1.38,R1,R1,48.8,74,167.2,102.1
SKU-1008-RH,Важіль trailing RH (R1),SKU-1008-LH,RH,trailing,False,66.1,6.7,8.2,2.26,3.63,1.38,R1,R1,46.6,70,158.2,96.6
SKU-1009-LH,Важіль straight_link LH (R1),SKU-1009-RH,LH,straight_link,True,29.4,6.5,6.6,1.17,1.26,1.32,R1,R1,31.0,47,55.0,62.0
SKU-1009-RH,Важіль straight_link RH (R1),SKU-1009-LH,RH,straight_link,True,29.4,6.5,6.6,1.17,1.26,1.32,R1,R1,30.4,46,53.8,60.7
SKU-1010-LH,Важіль straight_link LH (R1),SKU-1010-RH,LH,straight_link,False,26.7,5.2,4.2,0.71,0.58,0.16,R1,R1,36.5,55,39.0,8.8
SKU-1010-RH,Важіль straight_link RH (R1),SKU-1010-LH,RH,straight_link,False,26.7,5.2,4.2,0.71,0.58,0.16,R1,R1,36.2,55,39.0,8.8
SKU-1011-LH,Важіль curved LH (R1),SKU-1011-RH,LH,curved,False,33.6,11.4,9.3,2.97,3.56,1.5,R1,R1,41.0,62,184.1,93.0
SKU-1011-RH,Важіль curved RH (R1),SKU-1011-LH,RH,curved,False,33.6,11.4,9.3,2.97,3.56,1.5,R1,R1,40.1,61,181.2,91.5
SKU-1012-LH,Важіль straight_link LH (R1),SKU-1012-RH,LH,straight_link,False,24.0,4.1,4.4,0.43,0.43,0.12,R1,R1,40.8,62,26.7,7.4
SKU-1012-RH,Важіль straight_link RH (R1),SKU-1012-LH,RH,straight_link,False,24.0,4.1,4.4,0.43,0.43,0.12,R1,R1,41.5,63,27.1,7.6
SKU-1013-LH,Важіль straight_link LH (R1),SKU-1013-RH,LH,straight_link,False,21.5,5.4,6.6,0.63,0.77,0.22,R1,R1,30.9,47,29.6,10.3
SKU-1013-RH,Важіль straight_link RH (R1),SKU-1013-LH,RH,straight_link,False,21.5,5.4,6.6,0.63,0.77,0.22,R1,R1,30.5,46,29.0,10.1
SKU-1014-LH,Важіль curved LH (R1),SKU-1014-RH,LH,curved,False,38.9,17.6,10.2,3.05,6.98,2.93,R1,R1,34.4,52,158.6,152.4
SKU-1014-RH,Важіль curved RH (R1),SKU-1014-LH,RH,curved,False,38.9,17.6,10.2,3.05,6.98,2.93,R1,R1,33.5,51,155.5,149.4
SKU-1015-LH,Важіль curved LH (R1),SKU-1015-RH,LH,curved,False,40.3,13.8,5.7,2.01,3.17,1.33,R1,R1,38.6,58,116.6,77.1
SKU-1015-RH,Важіль curved RH (R1),SKU-1015-LH,RH,curved,False,40.3,13.8,5.7,2.01,3.17,1.33,R1,R1,38.8,59,118.6,78.5
SKU-1016-LH,Важіль straight_link LH (R1),SKU-1016-RH,LH,straight_link,True,25.2,5.5,4.8,0.52,0.67,0.7,R1,R1,37.4,57,29.6,39.9
SKU-1016-RH,Важіль straight_link RH (R1),SKU-1016-LH,RH,straight_link,True,25.2,5.5,4.8,0.52,0.67,0.7,R1,R1,35.6,54,28.1,37.8
SKU-1017-LH,Важіль curved LH (R1),SKU-1017-RH,LH,curved,False,37.2,14.4,10.8,3.33,5.79,2.43,R1,R1,34.5,52,173.2,126.4
SKU-1017-RH,Важіль curved RH (R1),SKU-1017-LH,RH,curved,False,37.2,14.4,10.8,3.33,5.79,2.43,R1,R1,34.0,51,169.8,123.9
SKU-1018-LH,Важіль a_shaped LH (R1),SKU-1018-RH,LH,a_shaped,False,36.6,35.8,11.0,3.76,14.41,7.49,R1,R1,36.2,55,206.8,411.9
SKU-1018-RH,Важіль a_shaped RH (R1),SKU-1018-LH,RH,a_shaped,False,36.6,35.8,11.0,3.76,14.41,7.49,R1,R1,34.3,52,195.5,389.5
SKU-1019-LH,Важіль straight_link LH (R1),SKU-1019-RH,LH,straight_link,False,24.9,7.4,4.8,1.07,0.88,0.25,R1,R1,42.8,65,69.5,16.2
SKU-1019-RH,Важіль straight_link RH (R1),SKU-1019-LH,RH,straight_link,False,24.9,7.4,4.8,1.07,0.88,0.25,R1,R1,44.5,67,71.7,16.8
SKU-1020-LH,Важіль a_shaped LH (R1),SKU-1020-RH,LH,a_shaped,False,46.1,36.1,11.3,3.89,18.81,9.78,R1,R1,44.4,67,260.6,655.3
SKU-1020-RH,Важіль a_shaped RH (R1),SKU-1020-LH,RH,a_shaped,False,46.1,36.1,11.3,3.89,18.81,9.78,R1,R1,43.9,66,256.7,645.5
SKU-1021-LH,Важіль curved LH (R1),SKU-1021-RH,LH,curved,True,35.5,18.1,5.1,2.52,3.28,3.44,R1,R1,34.5,52,131.0,178.9
SKU-1021-RH,Важіль curved RH (R1),SKU-1021-LH,RH,curved,True,35.5,18.1,5.1,2.52,3.28,3.44,R1,R1,33.2,50,126.0,172.0
SKU-1022-LH,Важіль trailing LH (R1),SKU-1022-RH,LH,trailing,False,62.1,10.7,5.6,2.82,3.72,1.41,R1,R1,33.1,50,141.0,70.5
SKU-1022-RH,Важіль trailing RH (R1),SKU-1022-LH,RH,trailing,False,62.1,10.7,5.6,2.82,3.72,1.41,R1,R1,33.0,50,141.0,70.5
SKU-1023-LH,Важіль straight_link LH (R1),SKU-1023-RH,LH,straight_link,False,27.2,6.9,5.9,0.93,1.11,0.31,R1,R1,33.2,50,46.5,15.5
SKU-1023-RH,Важіль straight_link RH (R1),SKU-1023-LH,RH,straight_link,False,27.2,6.9,5.9,0.93,1.11,0.31,R1,R1,35.4,54,50.2,16.7
SKU-1024-LH,Важіль heavy_integral LH (R1),SKU-1024-RH,LH,heavy_integral,False,70.3,19.4,12.8,9.32,17.46,11.87,R1,R1,47.6,72,671.0,854.6
SKU-1024-RH,Важіль heavy_integral RH (R1),SKU-1024-LH,RH,heavy_integral,False,70.3,19.4,12.8,9.32,17.46,11.87,R1,R1,47.2,71,661.7,842.8
SKU-1025-LH,Важіль trailing LH (R1),SKU-1025-RH,LH,trailing,False,54.2,6.8,8.6,3.37,3.17,1.2,R1,R1,29.2,44,148.3,52.8
SKU-1025-RH,Важіль trailing RH (R1),SKU-1025-LH,RH,trailing,False,54.2,6.8,8.6,3.37,3.17,1.2,R1,R1,30.6,46,155.0,55.2
SKU-1026-LH,Важіль straight_link LH (R1),SKU-1026-RH,LH,straight_link,True,20.3,5.9,6.4,1.05,0.77,0.81,R1,R1,34.6,52,54.6,42.1
SKU-1026-RH,Важіль straight_link RH (R1),SKU-1026-LH,RH,straight_link,True,20.3,5.9,6.4,1.05,0.77,0.81,R1,R1,33.3,50,52.5,40.5
SKU-1027-LH,Важіль straight_link LH (R1),SKU-1027-RH,LH,straight_link,False,28.5,6.3,7.0,1.06,1.26,0.35,R1,R1,38.9,59,62.5,20.6
SKU-1027-RH,Важіль straight_link RH (R1),SKU-1027-LH,RH,straight_link,False,28.5,6.3,7.0,1.06,1.26,0.35,R1,R1,39.8,60,63.6,21.0
SKU-1028-LH,Важіль a_shaped LH (R1),SKU-1028-RH,LH,a_shaped,False,39.9,41.6,10.1,6.45,16.76,8.72,R1,R1,42.3,64,412.8,558.1
SKU-1028-RH,Важіль a_shaped RH (R1),SKU-1028-LH,RH,a_shaped,False,39.9,41.6,10.1,6.45,16.76,8.72,R1,R1,41.4,63,406.4,549.4
SKU-1029-LH,Важіль curved LH (R1),SKU-1029-RH,LH,curved,False,33.9,12.3,9.3,2.11,3.88,1.63,R1,R1,30.8,47,99.2,76.6
SKU-1029-RH,Важіль curved RH (R1),SKU-1029-LH,RH,curved,False,33.9,12.3,9.3,2.11,3.88,1.63,R1,R1,29.7,45,94.9,73.3
SKU-1030-LH,Важіль a_shaped LH (R1),SKU-1030-RH,LH,a_shaped,False,51.3,40.6,10.0,3.65,20.83,10.83,R1,R1,46.4,70,255.5,758.1
SKU-1030-RH,Важіль a_shaped RH (R1),SKU-1030-LH,RH,a_shaped,False,51.3,40.6,10.0,3.65,20.83,10.83,R1,R1,48.5,73,266.4,790.6
SKU-1031-LH,Важіль a_shaped LH (R1),SKU-1031-RH,LH,a_shaped,False,49.6,30.7,10.1,6.32,15.38,8.0,R1,R1,34.8,53,335.0,424.0
SKU-1031-RH,Важіль a_shaped RH (R1),SKU-1031-LH,RH,a_shaped,False,49.6,30.7,10.1,6.32,15.38,8.0,R1,R1,35.9,54,341.3,432.0
SKU-1032-LH,Важіль curved LH (R1),SKU-1032-RH,LH,curved,False,37.1,16.8,5.6,2.71,3.49,1.47,R1,R1,46.4,70,189.7,102.9
SKU-1032-RH,Важіль curved RH (R1),SKU-1032-LH,RH,curved,False,37.1,16.8,5.6,2.71,3.49,1.47,R1,R1,47.9,72,195.1,105.8
SKU-1033-LH,Важіль heavy_integral LH (R1),SKU-1033-RH,LH,heavy_integral,False,73.7,23.0,15.6,7.75,26.44,17.98,R1,R1,36.2,55,426.2,988.9
SKU-1033-RH,Важіль heavy_integral RH (R1),SKU-1033-LH,RH,heavy_integral,False,73.7,23.0,15.6,7.75,26.44,17.98,R1,R1,36.2,55,426.2,988.9
SKU-1034-LH,Важіль trailing LH (R1),SKU-1034-RH,LH,trailing,False,75.7,8.6,7.0,3.78,4.56,1.73,R1,R1,42.4,64,241.9,110.7
SKU-1034-RH,Важіль trailing RH (R1),SKU-1034-LH,RH,trailing,False,75.7,8.6,7.0,3.78,4.56,1.73,R1,R1,42.7,65,245.7,112.5
SKU-1035-LH,Важіль curved LH (R1),SKU-1035-RH,LH,curved,False,31.4,14.5,5.6,2.64,2.55,1.07,R1,R1,30.6,46,121.4,49.2
SKU-1035-RH,Важіль curved RH (R1),SKU-1035-LH,RH,curved,False,31.4,14.5,5.6,2.64,2.55,1.07,R1,R1,30.8,47,124.1,50.3
SKU-1036-LH,Важіль a_shaped LH (R1),SKU-1036-RH,LH,a_shaped,False,45.5,26.5,7.3,6.23,8.8,4.58,R1,R1,35.4,54,336.4,247.3
SKU-1036-RH,Важіль a_shaped RH (R1),SKU-1036-LH,RH,a_shaped,False,45.5,26.5,7.3,6.23,8.8,4.58,R1,R1,36.5,55,342.7,251.9
SKU-1037-LH,Важіль curved LH (R1),SKU-1037-RH,LH,curved,False,29.5,17.5,5.5,1.69,2.84,1.19,R1,R1,39.7,60,101.4,71.4
SKU-1037-RH,Важіль curved RH (R1),SKU-1037-LH,RH,curved,False,29.5,17.5,5.5,1.69,2.84,1.19,R1,R1,40.0,60,101.4,71.4
SKU-1038-LH,Важіль a_shaped LH (R1),SKU-1038-RH,LH,a_shaped,False,51.6,34.3,9.6,6.14,16.99,8.83,R1,R1,34.7,53,325.4,468.0
SKU-1038-RH,Важіль a_shaped RH (R1),SKU-1038-LH,RH,a_shaped,False,51.6,34.3,9.6,6.14,16.99,8.83,R1,R1,33.7,51,313.1,450.3
SKU-1039-LH,Важіль curved LH (R1),SKU-1039-RH,LH,curved,True,41.4,20.0,9.2,2.34,7.62,8.0,R1,R1,32.2,49,114.7,392.0
SKU-1039-RH,Важіль curved RH (R1),SKU-1039-LH,RH,curved,True,41.4,20.0,9.2,2.34,7.62,8.0,R1,R1,32.5,49,114.7,392.0
SKU-1040-LH,Важіль a_shaped LH (R1),SKU-1040-RH,LH,a_shaped,False,47.4,36.6,9.2,6.66,15.96,8.3,R1,R1,43.5,66,439.6,547.8
SKU-1040-RH,Важіль a_shaped RH (R1),SKU-1040-LH,RH,a_shaped,False,47.4,36.6,9.2,6.66,15.96,8.3,R1,R1,43.7,66,439.6,547.8
SKU-1041-LH,Важіль straight_link LH (R1),SKU-1041-RH,LH,straight_link,False,21.5,5.2,6.7,0.41,0.75,0.21,R1,R1,30.9,47,19.3,9.9
SKU-1041-RH,Важіль straight_link RH (R1),SKU-1041-LH,RH,straight_link,False,21.5,5.2,6.7,0.41,0.75,0.21,R1,R1,30.9,47,19.3,9.9
SKU-1042-LH,Важіль straight_link LH (R1),SKU-1042-RH,LH,straight_link,False,27.9,5.7,4.3,0.89,0.68,0.19,R1,R1,37.5,57,50.7,10.8
SKU-1042-RH,Важіль straight_link RH (R1),SKU-1042-LH,RH,straight_link,False,27.9,5.7,4.3,0.89,0.68,0.19,R1,R1,38.3,58,51.6,11.0
SKU-1043-LH,Важіль trailing LH (R1),SKU-1043-RH,LH,trailing,False,68.0,9.2,5.2,2.89,3.25,1.24,R1,R1,41.3,62,179.2,76.9
SKU-1043-RH,Важіль trailing RH (R1),SKU-1043-LH,RH,trailing,False,68.0,9.2,5.2,2.89,3.25,1.24,R1,R1,42.4,64,185.0,79.4
SKU-1044-LH,Важіль straight_link LH (R1),SKU-1044-RH,LH,straight_link,False,20.3,4.2,6.2,0.43,0.53,0.15,R1,R1,42.0,63,27.1,9.4
SKU-1044-RH,Важіль straight_link RH (R1),SKU-1044-LH,RH,straight_link,False,20.3,4.2,6.2,0.43,0.53,0.15,R1,R1,40.8,62,26.7,9.3
SKU-1045-LH,Важіль straight_link LH (R1),SKU-1045-RH,LH,straight_link,False,27.0,5.6,5.9,1.34,0.89,0.25,R1,R1,38.3,58,77.7,14.5
SKU-1045-RH,Важіль straight_link RH (R1),SKU-1045-LH,RH,straight_link,False,27.0,5.6,5.9,1.34,0.89,0.25,R1,R1,38.1,58,77.7,14.5
SKU-1046-LH,Важіль straight_link LH (R1),SKU-1046-RH,LH,straight_link,False,19.0,4.4,4.1,0.49,0.34,0.1,R1,R1,40.8,62,30.4,6.2
SKU-1046-RH,Важіль straight_link RH (R1),SKU-1046-LH,RH,straight_link,False,19.0,4.4,4.1,0.49,0.34,0.1,R1,R1,41.7,63,30.9,6.3
SKU-1047-LH,Важіль trailing LH (R1),SKU-1047-RH,LH,trailing,False,52.6,10.1,6.1,2.35,3.24,1.23,R1,R1,43.0,65,152.8,80.0
SKU-1047-RH,Важіль trailing RH (R1),SKU-1047-LH,RH,trailing,False,52.6,10.1,6.1,2.35,3.24,1.23,R1,R1,43.8,66,155.1,81.2
SKU-1048-LH,Важіль curved LH (R1),SKU-1048-RH,LH,curved,False,38.9,13.4,6.1,2.95,3.18,1.34,R1,R1,46.3,70,206.5,93.8
SKU-1048-RH,Важіль curved RH (R1),SKU-1048-LH,RH,curved,False,38.9,13.4,6.1,2.95,3.18,1.34,R1,R1,44.2,67,197.7,89.8
SKU-1049-LH,Важіль trailing LH (R1),SKU-1049-RH,LH,trailing,False,72.2,7.7,8.7,3.9,4.84,1.84,R1,R1,38.5,58,226.2,106.7
SKU-1049-RH,Важіль trailing RH (R1),SKU-1049-LH,RH,trailing,False,72.2,7.7,8.7,3.9,4.84,1.84,R1,R1,38.5,58,226.2,106.7
SKU-1050-LH,Важіль trailing LH (R1),SKU-1050-RH,LH,trailing,False,75.5,8.5,8.3,2.77,5.33,2.03,R1,R1,45.7,69,191.1,140.1
SKU-1050-RH,Важіль trailing RH (R1),SKU-1050-LH,RH,trailing,False,75.5,8.5,8.3,2.77,5.33,2.03,R1,R1,44.3,67,185.6,136.0
SKU-1051-LH,Важіль straight_link LH (R1),SKU-1051-RH,LH,straight_link,False,19.3,5.1,7.3,1.35,0.72,0.2,R1,R1,40.7,62,83.7,12.4
SKU-1051-RH,Важіль straight_link RH (R1),SKU-1051-LH,RH,straight_link,False,19.3,5.1,7.3,1.35,0.72,0.2,R1,R1,40.2,61,82.4,12.2
SKU-1052-LH,Важіль trailing LH (R1),SKU-1052-RH,LH,trailing,False,60.5,9.4,8.0,3.76,4.55,1.73,R1,R1,42.8,65,244.4,112.5
SKU-1052-RH,Важіль trailing RH (R1),SKU-1052-LH,RH,trailing,False,60.5,9.4,8.0,3.76,4.55,1.73,R1,R1,44.2,67,251.9,115.9
SKU-1053-LH,Важіль heavy_integral LH (R1),SKU-1053-RH,LH,heavy_integral,True,67.6,20.4,17.1,7.71,23.58,24.76,R1,R1,31.2,47,362.4,1163.7
SKU-1053-RH,Важіль heavy_integral RH (R1),SKU-1053-LH,RH,heavy_integral,True,67.6,20.4,17.1,7.71,23.58,24.76,R1,R1,32.8,50,385.5,1238.0
SKU-1054-LH,Важіль curved LH (R1),SKU-1054-RH,LH,curved,False,27.6,11.0,9.2,1.73,2.79,1.17,R1,R1,45.5,69,119.4,80.7
SKU-1054-RH,Важіль curved RH (R1),SKU-1054-LH,RH,curved,False,27.6,11.0,9.2,1.73,2.79,1.17,R1,R1,43.3,65,112.5,76.0
SKU-1055-LH,Важіль curved LH (R1),SKU-1055-RH,LH,curved,False,41.8,14.5,7.2,3.06,4.36,1.83,R1,R1,48.9,74,226.4,135.4
SKU-1055-RH,Важіль curved RH (R1),SKU-1055-LH,RH,curved,False,41.8,14.5,7.2,3.06,4.36,1.83,R1,R1,48.0,72,220.3,131.8
SKU-1056-LH,Важіль straight_link LH (R1),SKU-1056-RH,LH,straight_link,False,19.2,6.7,6.0,0.82,0.77,0.22,R1,R1,44.9,68,55.8,15.0
SKU-1056-RH,Важіль straight_link RH (R1),SKU-1056-LH,RH,straight_link,False,19.2,6.7,6.0,0.82,0.77,0.22,R1,R1,46.3,70,57.4,15.4
SKU-1057-LH,Важіль a_shaped LH (R1),SKU-1057-RH,LH,a_shaped,True,43.5,26.9,8.0,3.98,9.36,9.83,R1,R1,42.5,64,254.7,629.1
SKU-1057-RH,Важіль a_shaped RH (R1),SKU-1057-LH,RH,a_shaped,True,43.5,26.9,8.0,3.98,9.36,9.83,R1,R1,42.0,63,250.7,619.3
SKU-1058-LH,Важіль straight_link LH (R1),SKU-1058-RH,LH,straight_link,False,23.2,5.0,7.0,0.62,0.81,0.23,R1,R1,45.5,69,42.8,15.9
SKU-1058-RH,Важіль straight_link RH (R1),SKU-1058-LH,RH,straight_link,False,23.2,5.0,7.0,0.62,0.81,0.23,R1,R1,49.1,74,45.9,17.0
SKU-1059-LH,Важіль trailing LH (R1),SKU-1059-RH,LH,trailing,True,75.2,8.6,9.0,2.25,5.82,6.11,R1,R1,41.5,63,141.8,384.9
SKU-1059-RH,Важіль trailing RH (R1),SKU-1059-LH,RH,trailing,True,75.2,8.6,9.0,2.25,5.82,6.11,R1,R1,40.0,60,135.0,366.6
SKU-1060-LH,Важіль heavy_integral LH (R1),SKU-1060-RH,LH,heavy_integral,False,72.3,20.5,15.0,8.71,22.23,15.12,R1,R1,44.5,67,583.6,1013.0
SKU-1060-RH,Важіль heavy_integral RH (R1),SKU-1060-LH,RH,heavy_integral,False,72.3,20.5,15.0,8.71,22.23,15.12,R1,R1,45.4,69,601.0,1043.3
SKU-1061-LH,Важіль curved LH (R1),SKU-1061-RH,LH,curved,False,40.2,15.5,8.7,2.1,5.42,2.28,R1,R1,33.3,50,105.0,114.0
SKU-1061-RH,Важіль curved RH (R1),SKU-1061-LH,RH,curved,False,40.2,15.5,8.7,2.1,5.42,2.28,R1,R1,33.0,50,105.0,114.0
SKU-1062-LH,Важіль curved LH (R1),SKU-1062-RH,LH,curved,False,27.2,21.7,10.9,2.86,6.43,2.7,R1,R1,39.0,59,168.7,159.3
SKU-1062-RH,Важіль curved RH (R1),SKU-1062-LH,RH,curved,False,27.2,21.7,10.9,2.86,6.43,2.7,R1,R1,40.6,61,174.5,164.7
SKU-1063-LH,Важіль curved LH (R1),SKU-1063-RH,LH,curved,False,28.6,20.9,9.9,3.31,5.92,2.49,R1,R1,43.5,66,218.5,164.3
SKU-1063-RH,Важіль curved RH (R1),SKU-1063-LH,RH,curved,False,28.6,20.9,9.9,3.31,5.92,2.49,R1,R1,42.8,65,215.2,161.9
SKU-1064-LH,Важіль a_shaped LH (R1),SKU-1064-RH,LH,a_shaped,False,49.9,26.7,7.2,4.8,9.59,4.99,R1,R1,46.3,70,336.0,349.3
SKU-1064-RH,Важіль a_shaped RH (R1),SKU-1064-LH,RH,a_shaped,False,49.9,26.7,7.2,4.8,9.59,4.99,R1,R1,43.3,65,312.0,324.4
SKU-1065-LH,Важіль a_shaped LH (R1),SKU-1065-RH,LH,a_shaped,False,42.1,41.5,13.7,6.28,23.94,12.45,R1,R1,38.2,58,364.2,722.1
SKU-1065-RH,Важіль a_shaped RH (R1),SKU-1065-LH,RH,a_shaped,False,42.1,41.5,13.7,6.28,23.94,12.45,R1,R1,37.7,57,358.0,709.6
SKU-1066-LH,Важіль straight_link LH (R1),SKU-1066-RH,LH,straight_link,True,30.1,6.8,7.5,1.4,1.54,1.62,R1,R1,40.9,62,86.8,100.4
SKU-1066-RH,Важіль straight_link RH (R1),SKU-1066-LH,RH,straight_link,True,30.1,6.8,7.5,1.4,1.54,1.62,R1,R1,41.4,63,88.2,102.1
SKU-1067-LH,Важіль straight_link LH (R1),SKU-1067-RH,LH,straight_link,False,21.5,5.6,4.5,1.35,0.54,0.15,R1,R1,40.0,60,81.0,9.0
SKU-1067-RH,Важіль straight_link RH (R1),SKU-1067-LH,RH,straight_link,False,21.5,5.6,4.5,1.35,0.54,0.15,R1,R1,41.5,63,85.1,9.4
SKU-1068-LH,Важіль trailing LH (R1),SKU-1068-RH,LH,trailing,False,61.3,6.6,7.7,3.19,3.12,1.19,R1,R1,44.0,66,210.5,78.5
SKU-1068-RH,Важіль trailing RH (R1),SKU-1068-LH,RH,trailing,False,61.3,6.6,7.7,3.19,3.12,1.19,R1,R1,45.1,68,216.9,80.9
SKU-1069-LH,Важіль trailing LH (R1),SKU-1069-RH,LH,trailing,False,66.6,10.4,6.6,2.38,4.57,1.74,R1,R1,31.1,47,111.9,81.8
SKU-1069-RH,Важіль trailing RH (R1),SKU-1069-LH,RH,trailing,False,66.6,10.4,6.6,2.38,4.57,1.74,R1,R1,30.8,47,111.9,81.8
SKU-1070-LH,Важіль straight_link LH (R1),SKU-1070-RH,LH,straight_link,False,21.0,4.5,4.1,0.75,0.39,0.11,R1,R1,40.3,61,45.8,6.7
SKU-1070-RH,Важіль straight_link RH (R1),SKU-1070-LH,RH,straight_link,False,21.0,4.5,4.1,0.75,0.39,0.11,R1,R1,40.4,61,45.8,6.7
SKU-1071-LH,Важіль heavy_integral LH (R1),SKU-1071-RH,LH,heavy_integral,False,61.1,21.1,16.3,7.91,21.01,14.29,R1,R1,42.4,64,506.2,914.6
SKU-1071-RH,Важіль heavy_integral RH (R1),SKU-1071-LH,RH,heavy_integral,False,61.1,21.1,16.3,7.91,21.01,14.29,R1,R1,42.7,65,514.1,928.8
SKU-1072-LH,Важіль a_shaped LH (R1),SKU-1072-RH,LH,a_shaped,False,50.8,33.9,9.1,5.07,15.67,8.15,R1,R1,47.6,72,365.0,586.8
SKU-1072-RH,Важіль a_shaped RH (R1),SKU-1072-LH,RH,a_shaped,False,50.8,33.9,9.1,5.07,15.67,8.15,R1,R1,47.0,71,360.0,578.6
SKU-1073-LH,Важіль trailing LH (R1),SKU-1073-RH,LH,trailing,False,58.2,6.4,5.5,2.37,2.05,0.78,R1,R1,31.8,48,113.8,37.4
SKU-1073-RH,Важіль trailing RH (R1),SKU-1073-LH,RH,trailing,False,58.2,6.4,5.5,2.37,2.05,0.78,R1,R1,33.1,50,118.5,39.0
SKU-1074-LH,Важіль curved LH (R1),SKU-1074-RH,LH,curved,False,31.5,20.8,7.8,2.8,5.11,2.15,R1,R1,32.3,49,137.2,105.3
SKU-1074-RH,Важіль curved RH (R1),SKU-1074-LH,RH,curved,False,31.5,20.8,7.8,2.8,5.11,2.15,R1,R1,31.9,48,134.4,103.2
SKU-1075-LH,Важіль trailing LH (R1),SKU-1075-RH,LH,trailing,False,59.2,6.9,5.4,2.35,2.21,0.84,R1,R1,37.4,57,134.0,47.9
SKU-1075-RH,Важіль trailing RH (R1),SKU-1075-LH,RH,trailing,False,59.2,6.9,5.4,2.35,2.21,0.84,R1,R1,37.9,57,134.0,47.9
SKU-1076-LH,Важіль heavy_integral LH (R1),SKU-1076-RH,LH,heavy_integral,False,72.1,16.4,16.4,8.9,19.39,13.19,R1,R1,32.4,49,436.1,646.3
SKU-1076-RH,Важіль heavy_integral RH (R1),SKU-1076-LH,RH,heavy_integral,False,72.1,16.4,16.4,8.9,19.39,13.19,R1,R1,32.5,49,436.1,646.3
SKU-1077-LH,Важіль curved LH (R1),SKU-1077-RH,LH,curved,True,30.4,19.7,9.5,1.93,5.69,5.97,R1,R1,33.4,51,98.4,304.5
SKU-1077-RH,Важіль curved RH (R1),SKU-1077-LH,RH,curved,True,30.4,19.7,9.5,1.93,5.69,5.97,R1,R1,33.7,51,98.4,304.5
SKU-1078-LH,Важіль trailing LH (R1),SKU-1078-RH,LH,trailing,False,61.6,8.3,8.0,2.18,4.09,1.55,R1,R1,35.1,53,115.5,82.2
SKU-1078-RH,Важіль trailing RH (R1),SKU-1078-LH,RH,trailing,False,61.6,8.3,8.0,2.18,4.09,1.55,R1,R1,35.6,54,117.7,83.7
SKU-1079-LH,Важіль straight_link LH (R1),SKU-1079-RH,LH,straight_link,False,25.4,4.4,5.6,0.93,0.63,0.18,R1,R1,33.7,51,47.4,9.2
SKU-1079-RH,Важіль straight_link RH (R1),SKU-1079-LH,RH,straight_link,False,25.4,4.4,5.6,0.93,0.63,0.18,R1,R1,34.0,51,47.4,9.2
SKU-1080-LH,Важіль curved LH (R1),SKU-1080-RH,LH,curved,True,31.2,12.5,7.0,1.82,2.73,2.87,R1,R1,46.4,70,127.4,200.9
SKU-1080-RH,Важіль curved RH (R1),SKU-1080-LH,RH,curved,True,31.2,12.5,7.0,1.82,2.73,2.87,R1,R1,46.7,71,129.2,203.8
SKU-1081-LH,Важіль trailing LH (R1),SKU-1081-RH,LH,trailing,False,65.0,6.4,7.1,3.33,2.95,1.12,R1,R1,43.2,65,216.5,72.8
SKU-1081-RH,Важіль trailing RH (R1),SKU-1081-LH,RH,trailing,False,65.0,6.4,7.1,3.33,2.95,1.12,R1,R1,42.1,64,213.1,71.7
SKU-1082-LH,Важіль curved LH (R1),SKU-1082-RH,LH,curved,False,31.8,17.8,8.4,2.24,4.75,1.99,R1,R1,48.2,73,163.5,145.3
SKU-1082-RH,Важіль curved RH (R1),SKU-1082-LH,RH,curved,False,31.8,17.8,8.4,2.24,4.75,1.99,R1,R1,46.8,71,159.0,141.3
SKU-1083-LH,Важіль a_shaped LH (R1),SKU-1083-RH,LH,a_shaped,False,38.4,29.9,8.3,4.2,9.53,4.96,R1,R1,34.2,52,218.4,257.9
SKU-1083-RH,Важіль a_shaped RH (R1),SKU-1083-LH,RH,a_shaped,False,38.4,29.9,8.3,4.2,9.53,4.96,R1,R1,36.2,55,231.0,272.8
SKU-1084-LH,Важіль trailing LH (R1),SKU-1084-RH,LH,trailing,False,65.6,8.1,8.9,2.34,4.73,1.8,R1,R1,38.6,58,135.7,104.4
SKU-1084-RH,Важіль trailing RH (R1),SKU-1084-LH,RH,trailing,False,65.6,8.1,8.9,2.34,4.73,1.8,R1,R1,38.2,58,135.7,104.4
SKU-1085-LH,Важіль straight_link LH (R1),SKU-1085-RH,LH,straight_link,False,21.6,4.6,6.3,1.33,0.63,0.18,R1,R1,40.3,61,81.1,11.0
SKU-1085-RH,Важіль straight_link RH (R1),SKU-1085-LH,RH,straight_link,False,21.6,4.6,6.3,1.33,0.63,0.18,R1,R1,39.3,59,78.5,10.6
SKU-1086-LH,Важіль heavy_integral LH (R1),SKU-1086-RH,LH,heavy_integral,False,56.0,19.2,13.4,8.38,14.41,9.8,R1,R1,33.3,50,419.0,490.0
SKU-1086-RH,Важіль heavy_integral RH (R1),SKU-1086-LH,RH,heavy_integral,False,56.0,19.2,13.4,8.38,14.41,9.8,R1,R1,34.7,53,444.1,519.4
SKU-1087-LH,Важіль curved LH (R1),SKU-1087-RH,LH,curved,False,35.3,11.9,7.9,2.56,3.32,1.39,R1,R1,30.5,46,117.8,63.9
SKU-1087-RH,Важіль curved RH (R1),SKU-1087-LH,RH,curved,False,35.3,11.9,7.9,2.56,3.32,1.39,R1,R1,30.0,45,115.2,62.5
SKU-1088-LH,Важіль straight_link LH (R1),SKU-1088-RH,LH,straight_link,True,31.9,5.1,6.8,0.65,1.11,1.17,R1,R1,43.1,65,42.2,76.0
SKU-1088-RH,Важіль straight_link RH (R1),SKU-1088-LH,RH,straight_link,True,31.9,5.1,6.8,0.65,1.11,1.17,R1,R1,42.6,64,41.6,74.9
SKU-1089-LH,Важіль straight_link LH (R1),SKU-1089-RH,LH,straight_link,False,23.8,5.2,7.3,1.23,0.9,0.25,R1,R1,45.9,69,84.9,17.2
SKU-1089-RH,Важіль straight_link RH (R1),SKU-1089-LH,RH,straight_link,False,23.8,5.2,7.3,1.23,0.9,0.25,R1,R1,48.2,73,89.8,18.2
SKU-1090-LH,Важіль straight_link LH (R1),SKU-1090-RH,LH,straight_link,False,20.5,4.2,6.6,0.97,0.57,0.16,R1,R1,43.9,66,64.0,10.6
SKU-1090-RH,Важіль straight_link RH (R1),SKU-1090-LH,RH,straight_link,False,20.5,4.2,6.6,0.97,0.57,0.16,R1,R1,46.2,70,67.9,11.2
SKU-1091-LH,Важіль curved LH (R1),SKU-1091-RH,LH,curved,False,28.6,12.0,9.9,2.8,3.4,1.43,R1,R1,39.0,59,165.2,84.4
SKU-1091-RH,Важіль curved RH (R1),SKU-1091-LH,RH,curved,False,28.6,12.0,9.9,2.8,3.4,1.43,R1,R1,40.6,61,170.8,87.2
SKU-1092-LH,Важіль a_shaped LH (R1),SKU-1092-RH,LH,a_shaped,False,49.1,33.0,10.0,5.08,16.2,8.42,R1,R1,36.1,55,279.4,463.1
SKU-1092-RH,Важіль a_shaped RH (R1),SKU-1092-LH,RH,a_shaped,False,49.1,33.0,10.0,5.08,16.2,8.42,R1,R1,35.4,54,274.3,454.7
SKU-1093-LH,Важіль trailing LH (R1),SKU-1093-RH,LH,trailing,False,75.4,7.9,7.2,4.0,4.29,1.63,R1,R1,40.0,60,240.0,97.8
SKU-1093-RH,Важіль trailing RH (R1),SKU-1093-LH,RH,trailing,False,75.4,7.9,7.2,4.0,4.29,1.63,R1,R1,42.7,65,260.0,105.9
SKU-1094-LH,Важіль straight_link LH (R1),SKU-1094-RH,LH,straight_link,False,22.7,4.5,6.8,1.02,0.69,0.19,R1,R1,40.9,62,63.2,11.8
SKU-1094-RH,Важіль straight_link RH (R1),SKU-1094-LH,RH,straight_link,False,22.7,4.5,6.8,1.02,0.69,0.19,R1,R1,40.5,61,62.2,11.6
SKU-1095-LH,Важіль trailing LH (R1),SKU-1095-RH,LH,trailing,False,60.1,7.2,8.0,2.17,3.46,1.31,R1,R1,41.1,62,134.5,81.2
SKU-1095-RH,Важіль trailing RH (R1),SKU-1095-LH,RH,trailing,False,60.1,7.2,8.0,2.17,3.46,1.31,R1,R1,41.5,63,136.7,82.5
SKU-1096-LH,Важіль heavy_integral LH (R1),SKU-1096-RH,LH,heavy_integral,False,76.3,17.1,16.8,6.75,21.92,14.91,R1,R1,38.0,57,384.8,849.9
SKU-1096-RH,Важіль heavy_integral RH (R1),SKU-1096-LH,RH,heavy_integral,False,76.3,17.1,16.8,6.75,21.92,14.91,R1,R1,36.1,55,371.2,820.0
SKU-1097-LH,Важіль curved LH (R1),SKU-1097-RH,LH,curved,False,37.6,18.6,8.8,2.85,6.15,2.58,R1,R1,39.0,59,168.2,152.2
SKU-1097-RH,Важіль curved RH (R1),SKU-1097-LH,RH,curved,False,37.6,18.6,8.8,2.85,6.15,2.58,R1,R1,39.3,59,168.2,152.2
SKU-1098-LH,Важіль heavy_integral LH (R1),SKU-1098-RH,LH,heavy_integral,False,79.1,21.8,13.2,8.19,22.76,15.48,R1,R1,45.7,69,565.1,1068.1
SKU-1098-RH,Важіль heavy_integral RH (R1),SKU-1098-LH,RH,heavy_integral,False,79.1,21.8,13.2,8.19,22.76,15.48,R1,R1,47.4,72,589.7,1114.6
SKU-1099-LH,Важіль a_shaped LH (R1),SKU-1099-RH,LH,a_shaped,False,45.8,26.3,14.0,6.58,16.86,8.77,R1,R1,40.8,62,408.0,543.7
SKU-1099-RH,Важіль a_shaped RH (R1),SKU-1099-LH,RH,a_shaped,False,45.8,26.3,14.0,6.58,16.86,8.77,R1,R1,41.5,63,414.5,552.5
SKU-1100-LH,Важіль straight_link LH (R1),SKU-1100-RH,LH,straight_link,False,20.1,6.0,6.1,0.82,0.74,0.21,R1,R1,44.8,68,55.8,14.3
SKU-1100-RH,Важіль straight_link RH (R1),SKU-1100-LH,RH,straight_link,False,20.1,6.0,6.1,0.82,0.74,0.21,R1,R1,44.7,68,55.8,14.3
SKU-1101-LH,Важіль a_shaped LH (R1),SKU-1101-RH,LH,a_shaped,False,37.8,41.8,13.7,4.0,21.65,11.26,R1,R1,48.0,72,288.0,810.7
SKU-1101-RH,Важіль a_shaped RH (R1),SKU-1101-LH,RH,a_shaped,False,37.8,41.8,13.7,4.0,21.65,11.26,R1,R1,46.6,70,280.0,788.2
SKU-1102-LH,Важіль curved LH (R1),SKU-1102-RH,LH,curved,False,32.4,10.7,7.0,3.05,2.43,1.02,R1,R1,29.7,45,137.2,45.9
SKU-1102-RH,Важіль curved RH (R1),SKU-1102-LH,RH,curved,False,32.4,10.7,7.0,3.05,2.43,1.02,R1,R1,29.8,45,137.2,45.9
SKU-1103-LH,Важіль curved LH (R1),SKU-1103-RH,LH,curved,False,40.7,14.2,7.1,2.93,4.1,1.72,R1,R1,37.3,56,164.1,96.3
SKU-1103-RH,Важіль curved RH (R1),SKU-1103-LH,RH,curved,False,40.7,14.2,7.1,2.93,4.1,1.72,R1,R1,38.0,57,167.0,98.0
SKU-1104-LH,Важіль trailing LH (R1),SKU-1104-RH,LH,trailing,False,56.6,8.5,6.7,4.02,3.22,1.22,R1,R1,36.8,56,225.1,68.3
SKU-1104-RH,Важіль trailing RH (R1),SKU-1104-LH,RH,trailing,False,56.6,8.5,6.7,4.02,3.22,1.22,R1,R1,36.9,56,225.1,68.3
SKU-1105-LH,Важіль curved LH (R1),SKU-1105-RH,LH,curved,True,36.6,12.1,10.8,1.87,4.78,5.02,R1,R1,36.2,55,102.9,276.1
SKU-1105-RH,Важіль curved RH (R1),SKU-1105-LH,RH,curved,True,36.6,12.1,10.8,1.87,4.78,5.02,R1,R1,39.0,59,110.3,296.2
SKU-1106-LH,Важіль straight_link LH (R1),SKU-1106-RH,LH,straight_link,False,26.3,4.2,6.6,0.61,0.73,0.2,R1,R1,45.1,68,41.5,13.6
SKU-1106-RH,Важіль straight_link RH (R1),SKU-1106-LH,RH,straight_link,False,26.3,4.2,6.6,0.61,0.73,0.2,R1,R1,45.0,68,41.5,13.6
SKU-1107-LH,Важіль trailing LH (R1),SKU-1107-RH,LH,trailing,True,64.3,8.8,5.3,3.73,3.0,3.15,R1,R1,38.2,58,216.3,182.7
SKU-1107-RH,Важіль trailing RH (R1),SKU-1107-LH,RH,trailing,True,64.3,8.8,5.3,3.73,3.0,3.15,R1,R1,38.0,57,212.6,179.5
SKU-1108-LH,Важіль curved LH (R1),SKU-1108-RH,LH,curved,False,35.0,11.9,6.1,3.15,2.54,1.07,R1,R1,46.6,70,220.5,74.9
SKU-1108-RH,Важіль curved RH (R1),SKU-1108-LH,RH,curved,False,35.0,11.9,6.1,3.15,2.54,1.07,R1,R1,46.2,70,220.5,74.9
SKU-1109-LH,Важіль heavy_integral LH (R1),SKU-1109-RH,LH,heavy_integral,False,63.1,16.3,11.2,9.28,11.52,7.83,R1,R1,40.3,61,566.1,477.6
SKU-1109-RH,Важіль heavy_integral RH (R1),SKU-1109-LH,RH,heavy_integral,False,63.1,16.3,11.2,9.28,11.52,7.83,R1,R1,40.9,62,575.4,485.5
SKU-1110-LH,Важіль a_shaped LH (R1),SKU-1110-RH,LH,a_shaped,False,46.8,26.3,7.8,6.16,9.6,4.99,R1,R1,33.6,51,314.2,254.5
SKU-1110-RH,Важіль a_shaped RH (R1),SKU-1110-LH,RH,a_shaped,False,46.8,26.3,7.8,6.16,9.6,4.99,R1,R1,32.5,49,301.8,244.5
SKU-1111-LH,Важіль trailing LH (R1),SKU-1111-RH,LH,trailing,False,58.3,9.6,8.4,3.84,4.7,1.79,R1,R1,37.6,57,218.9,102.0
SKU-1111-RH,Важіль trailing RH (R1),SKU-1111-LH,RH,trailing,False,58.3,9.6,8.4,3.84,4.7,1.79,R1,R1,36.3,55,211.2,98.5
SKU-1112-LH,Важіль curved LH (R1),SKU-1112-RH,LH,curved,False,40.3,10.2,5.5,1.97,2.26,0.95,R1,R1,29.7,45,88.7,42.8
SKU-1112-RH,Важіль curved RH (R1),SKU-1112-LH,RH,curved,False,40.3,10.2,5.5,1.97,2.26,0.95,R1,R1,30.7,47,92.6,44.6
SKU-1113-LH,Важіль straight_link LH (R1),SKU-1113-RH,LH,straight_link,False,30.5,6.9,5.2,0.66,1.09,0.31,R1,R1,37.1,56,37.0,17.4
SKU-1113-RH,Важіль straight_link RH (R1),SKU-1113-LH,RH,straight_link,False,30.5,6.9,5.2,0.66,1.09,0.31,R1,R1,36.2,55,36.3,17.1
SKU-1114-LH,Важіль heavy_integral LH (R1),SKU-1114-RH,LH,heavy_integral,False,63.1,21.5,13.5,7.47,18.31,12.45,R1,R1,48.1,73,545.3,908.8
SKU-1114-RH,Важіль heavy_integral RH (R1),SKU-1114-LH,RH,heavy_integral,False,63.1,21.5,13.5,7.47,18.31,12.45,R1,R1,45.7,69,515.4,859.0
SKU-1115-LH,Важіль a_shaped LH (R1),SKU-1115-RH,LH,a_shaped,False,43.8,40.3,13.4,4.96,23.65,12.3,R1,R1,29.8,45,223.2,553.5
SKU-1115-RH,Важіль a_shaped RH (R1),SKU-1115-LH,RH,a_shaped,False,43.8,40.3,13.4,4.96,23.65,12.3,R1,R1,30.5,46,228.2,565.8
SKU-1116-LH,Важіль trailing LH (R1),SKU-1116-RH,LH,trailing,False,58.7,6.7,8.3,4.17,3.26,1.24,R1,R1,38.4,58,241.9,71.9
SKU-1116-RH,Важіль trailing RH (R1),SKU-1116-LH,RH,trailing,False,58.7,6.7,8.3,4.17,3.26,1.24,R1,R1,38.7,59,246.0,73.2
SKU-1117-LH,Важіль curved LH (R1),SKU-1117-RH,LH,curved,True,40.6,11.4,8.5,2.09,3.93,4.13,R1,R1,40.5,61,127.5,251.9
SKU-1117-RH,Важіль curved RH (R1),SKU-1117-LH,RH,curved,True,40.6,11.4,8.5,2.09,3.93,4.13,R1,R1,41.0,62,129.6,256.1
SKU-1118-LH,Важіль curved LH (R1),SKU-1118-RH,LH,curved,False,26.2,11.6,10.4,3.17,3.16,1.33,R1,R1,41.1,62,196.5,82.5
SKU-1118-RH,Важіль curved RH (R1),SKU-1118-LH,RH,curved,False,26.2,11.6,10.4,3.17,3.16,1.33,R1,R1,41.3,62,196.5,82.5
SKU-1119-LH,Важіль straight_link LH (R1),SKU-1119-RH,LH,straight_link,False,30.8,5.5,5.3,0.92,0.9,0.25,R1,R1,30.0,45,41.4,11.2
SKU-1119-RH,Важіль straight_link RH (R1),SKU-1119-LH,RH,straight_link,False,30.8,5.5,5.3,0.92,0.9,0.25,R1,R1,31.4,48,44.2,12.0
SKU-1120-LH,Важіль a_shaped LH (R1),SKU-1120-RH,LH,a_shaped,False,45.7,29.9,10.1,4.52,13.8,7.18,R1,R1,37.0,56,253.1,402.1
SKU-1120-RH,Важіль a_shaped RH (R1),SKU-1120-LH,RH,a_shaped,False,45.7,29.9,10.1,4.52,13.8,7.18,R1,R1,35.8,54,244.1,387.7
SKU-1121-LH,Важіль curved LH (R1),SKU-1121-RH,LH,curved,False,33.6,18.0,10.6,2.92,6.41,2.69,R1,R1,32.6,49,143.1,131.8
SKU-1121-RH,Важіль curved RH (R1),SKU-1121-LH,RH,curved,False,33.6,18.0,10.6,2.92,6.41,2.69,R1,R1,33.2,50,146.0,134.5
SKU-1122-LH,Важіль a_shaped LH (R1),SKU-1122-RH,LH,a_shaped,False,36.8,33.9,11.8,4.67,14.72,7.65,R1,R1,42.5,64,298.9,489.6
SKU-1122-RH,Важіль a_shaped RH (R1),SKU-1122-LH,RH,a_shaped,False,36.8,33.9,11.8,4.67,14.72,7.65,R1,R1,42.4,64,298.9,489.6
SKU-1123-LH,Важіль curved LH (R1),SKU-1123-RH,LH,curved,False,33.9,18.3,7.6,2.04,4.71,1.98,R1,R1,45.8,69,140.8,136.6
SKU-1123-RH,Важіль curved RH (R1),SKU-1123-LH,RH,curved,False,33.9,18.3,7.6,2.04,4.71,1.98,R1,R1,45.4,69,140.8,136.6
SKU-1124-LH,Важіль straight_link LH (R1),SKU-1124-RH,LH,straight_link,False,26.3,5.3,4.3,1.32,0.6,0.17,R1,R1,33.6,51,67.3,8.7
SKU-1124-RH,Важіль straight_link RH (R1),SKU-1124-LH,RH,straight_link,False,26.3,5.3,4.3,1.32,0.6,0.17,R1,R1,32.3,49,64.7,8.3
SKU-1125-LH,Важіль trailing LH (R1),SKU-1125-RH,LH,trailing,False,66.1,10.4,7.9,3.79,5.43,2.06,R1,R1,42.5,64,242.6,131.8
SKU-1125-RH,Важіль trailing RH (R1),SKU-1125-LH,RH,trailing,False,66.1,10.4,7.9,3.79,5.43,2.06,R1,R1,43.0,65,246.3,133.9
SKU-1126-LH,Важіль straight_link LH (R1),SKU-1126-RH,LH,straight_link,False,24.9,4.8,7.5,1.34,0.9,0.25,R1,R1,31.2,47,63.0,11.8
SKU-1126-RH,Важіль straight_link RH (R1),SKU-1126-LH,RH,straight_link,False,24.9,4.8,7.5,1.34,0.9,0.25,R1,R1,31.8,48,64.3,12.0
SKU-1127-LH,Важіль heavy_integral LH (R1),SKU-1127-RH,LH,heavy_integral,False,68.2,25.2,10.3,9.2,17.7,12.04,R1,R1,36.6,55,506.0,662.2
SKU-1127-RH,Важіль heavy_integral RH (R1),SKU-1127-LH,RH,heavy_integral,False,68.2,25.2,10.3,9.2,17.7,12.04,R1,R1,36.7,56,515.2,674.2
SKU-1128-LH,Важіль a_shaped LH (R1),SKU-1128-RH,LH,a_shaped,False,43.6,39.8,13.8,4.62,23.95,12.45,R1,R1,43.3,65,300.3,809.2
SKU-1128-RH,Важіль a_shaped RH (R1),SKU-1128-LH,RH,a_shaped,False,43.6,39.8,13.8,4.62,23.95,12.45,R1,R1,45.3,68,314.2,846.6
SKU-1129-LH,Важіль a_shaped LH (R1),SKU-1129-RH,LH,a_shaped,False,37.9,27.2,12.6,4.69,12.99,6.75,R1,R1,41.5,63,295.5,425.2
SKU-1129-RH,Важіль a_shaped RH (R1),SKU-1129-LH,RH,a_shaped,False,37.9,27.2,12.6,4.69,12.99,6.75,R1,R1,42.4,64,300.2,432.0
SKU-1130-LH,Важіль trailing LH (R1),SKU-1130-RH,LH,trailing,False,72.6,7.6,7.5,3.96,4.14,1.57,R1,R1,40.2,61,241.6,95.8
SKU-1130-RH,Важіль trailing RH (R1),SKU-1130-LH,RH,trailing,False,72.6,7.6,7.5,3.96,4.14,1.57,R1,R1,39.5,60,237.6,94.2
SKU-1131-LH,Важіль straight_link LH (R1),SKU-1131-RH,LH,straight_link,False,18.3,7.1,5.9,1.34,0.77,0.22,R1,R1,46.1,70,93.8,15.4
SKU-1131-RH,Важіль straight_link RH (R1),SKU-1131-LH,RH,straight_link,False,18.3,7.1,5.9,1.34,0.77,0.22,R1,R1,43.8,66,88.4,14.5
SKU-1132-LH,Важіль a_shaped LH (R1),SKU-1132-RH,LH,a_shaped,False,42.4,33.7,12.0,6.4,17.15,8.92,R1,R1,48.7,74,473.6,660.1
SKU-1132-RH,Важіль a_shaped RH (R1),SKU-1132-LH,RH,a_shaped,False,42.4,33.7,12.0,6.4,17.15,8.92,R1,R1,47.4,72,460.8,642.2
SKU-1133-LH,Важіль heavy_integral LH (R1),SKU-1133-RH,LH,heavy_integral,False,73.6,18.4,10.9,7.72,14.76,10.04,R1,R1,34.6,52,401.4,522.1
SKU-1133-RH,Важіль heavy_integral RH (R1),SKU-1133-LH,RH,heavy_integral,False,73.6,18.4,10.9,7.72,14.76,10.04,R1,R1,34.4,52,401.4,522.1
SKU-1134-LH,Важіль straight_link LH (R1),SKU-1134-RH,LH,straight_link,True,18.3,7.5,5.5,0.78,0.75,0.79,R1,R1,41.3,62,48.4,49.0
SKU-1134-RH,Важіль straight_link RH (R1),SKU-1134-LH,RH,straight_link,True,18.3,7.5,5.5,0.78,0.75,0.79,R1,R1,43.8,66,51.5,52.1
SKU-1135-LH,Важіль curved LH (R1),SKU-1135-RH,LH,curved,False,27.4,15.0,10.3,3.3,4.23,1.78,R1,R1,38.8,59,194.7,105.0
SKU-1135-RH,Важіль curved RH (R1),SKU-1135-LH,RH,curved,False,27.4,15.0,10.3,3.3,4.23,1.78,R1,R1,37.4,57,188.1,101.5
SKU-1136-LH,Важіль straight_link LH (R1),SKU-1136-RH,LH,straight_link,False,21.2,7.3,6.3,1.01,0.97,0.27,R1,R1,38.4,58,58.6,15.7
SKU-1136-RH,Важіль straight_link RH (R1),SKU-1136-LH,RH,straight_link,False,21.2,7.3,6.3,1.01,0.97,0.27,R1,R1,38.2,58,58.6,15.7
SKU-1137-LH,Важіль a_shaped LH (R1),SKU-1137-RH,LH,a_shaped,False,39.0,38.5,9.8,3.79,14.71,7.65,R1,R1,48.9,74,280.5,566.1
SKU-1137-RH,Важіль a_shaped RH (R1),SKU-1137-LH,RH,a_shaped,False,39.0,38.5,9.8,3.79,14.71,7.65,R1,R1,49.1,74,280.5,566.1
SKU-1138-LH,Важіль a_shaped LH (R1),SKU-1138-RH,LH,a_shaped,False,38.8,32.3,13.1,5.83,16.42,8.54,R1,R1,33.6,51,297.3,435.5
SKU-1138-RH,Важіль a_shaped RH (R1),SKU-1138-LH,RH,a_shaped,False,38.8,32.3,13.1,5.83,16.42,8.54,R1,R1,32.0,48,279.8,409.9
SKU-1139-LH,Важіль straight_link LH (R1),SKU-1139-RH,LH,straight_link,False,25.5,6.1,6.0,0.49,0.93,0.26,R1,R1,44.9,68,33.3,17.7
SKU-1139-RH,Важіль straight_link RH (R1),SKU-1139-LH,RH,straight_link,False,25.5,6.1,6.0,0.49,0.93,0.26,R1,R1,44.4,67,32.8,17.4
SKU-1140-LH,Важіль curved LH (R1),SKU-1140-RH,LH,curved,False,41.3,20.3,9.9,2.78,8.3,3.49,R1,R1,38.6,58,161.2,202.4
SKU-1140-RH,Важіль curved RH (R1),SKU-1140-LH,RH,curved,False,41.3,20.3,9.9,2.78,8.3,3.49,R1,R1,39.6,60,166.8,209.4
SKU-1141-LH,Важіль curved LH (R1),SKU-1141-RH,LH,curved,False,30.2,18.7,8.0,1.75,4.52,1.9,R1,R1,34.5,52,91.0,98.8
SKU-1141-RH,Важіль curved RH (R1),SKU-1141-LH,RH,curved,False,30.2,18.7,8.0,1.75,4.52,1.9,R1,R1,32.8,50,87.5,95.0
SKU-1142-LH,Важіль trailing LH (R1),SKU-1142-RH,LH,trailing,False,64.9,8.4,7.4,3.83,4.03,1.53,R1,R1,36.8,56,214.5,85.7
SKU-1142-RH,Важіль trailing RH (R1),SKU-1142-LH,RH,trailing,False,64.9,8.4,7.4,3.83,4.03,1.53,R1,R1,36.5,55,210.7,84.2
SKU-1143-LH,Важіль a_shaped LH (R1),SKU-1143-RH,LH,a_shaped,False,50.1,38.8,12.3,6.32,23.91,12.43,R1,R1,46.4,70,442.4,870.1
SKU-1143-RH,Важіль a_shaped RH (R1),SKU-1143-LH,RH,a_shaped,False,50.1,38.8,12.3,6.32,23.91,12.43,R1,R1,46.8,71,448.7,882.5
SKU-1144-LH,Важіль trailing LH (R1),SKU-1144-RH,LH,trailing,False,69.7,9.1,8.0,2.43,5.07,1.93,R1,R1,47.2,71,172.5,137.0
SKU-1144-RH,Важіль trailing RH (R1),SKU-1144-LH,RH,trailing,False,69.7,9.1,8.0,2.43,5.07,1.93,R1,R1,44.1,67,162.8,129.3
SKU-1145-LH,Важіль straight_link LH (R1),SKU-1145-RH,LH,straight_link,False,19.8,5.2,6.6,0.56,0.68,0.19,R1,R1,45.9,69,38.6,13.1
SKU-1145-RH,Важіль straight_link RH (R1),SKU-1145-LH,RH,straight_link,False,19.8,5.2,6.6,0.56,0.68,0.19,R1,R1,44.8,68,38.1,12.9
SKU-1146-LH,Важіль curved LH (R1),SKU-1146-RH,LH,curved,True,30.6,17.4,10.9,2.74,5.8,6.09,R1,R1,35.0,53,145.2,322.8
SKU-1146-RH,Важіль curved RH (R1),SKU-1146-LH,RH,curved,True,30.6,17.4,10.9,2.74,5.8,6.09,R1,R1,34.8,53,145.2,322.8
SKU-1147-LH,Важіль a_shaped LH (R1),SKU-1147-RH,LH,a_shaped,False,37.7,38.2,11.3,6.68,16.27,8.46,R1,R1,36.5,55,367.4,465.3
SKU-1147-RH,Важіль a_shaped RH (R1),SKU-1147-LH,RH,a_shaped,False,37.7,38.2,11.3,6.68,16.27,8.46,R1,R1,37.4,57,380.8,482.2
SKU-1148-LH,Важіль straight_link LH (R1),SKU-1148-RH,LH,straight_link,False,31.1,6.4,4.2,0.7,0.84,0.24,R1,R1,41.3,62,43.4,14.9
SKU-1148-RH,Важіль straight_link RH (R1),SKU-1148-LH,RH,straight_link,False,31.1,6.4,4.2,0.7,0.84,0.24,R1,R1,43.0,65,45.5,15.6
SKU-1149-LH,Важіль trailing LH (R1),SKU-1149-RH,LH,trailing,False,68.1,6.2,8.5,4.14,3.59,1.36,R1,R1,48.4,73,302.2,99.3
SKU-1149-RH,Важіль trailing RH (R1),SKU-1149-LH,RH,trailing,False,68.1,6.2,8.5,4.14,3.59,1.36,R1,R1,46.0,69,285.7,93.8
SKU-1150-LH,Важіль heavy_integral LH (R1),SKU-1150-RH,LH,heavy_integral,False,50.8,16.2,12.6,8.3,10.37,7.05,R1,R1,44.5,67,556.1,472.3
SKU-1150-RH,Важіль heavy_integral RH (R1),SKU-1150-LH,RH,heavy_integral,False,50.8,16.2,12.6,8.3,10.37,7.05,R1,R1,43.7,66,547.8,465.3
SKU-1151-LH,Важіль curved LH (R1),SKU-1151-RH,LH,curved,False,42.0,15.1,7.7,1.89,4.88,2.05,R1,R1,45.0,68,128.5,139.4
SKU-1151-RH,Важіль curved RH (R1),SKU-1151-LH,RH,curved,False,42.0,15.1,7.7,1.89,4.88,2.05,R1,R1,43.3,65,122.8,133.2
SKU-1152-LH,Важіль trailing LH (R1),SKU-1152-RH,LH,trailing,False,69.7,9.3,6.1,4.1,3.95,1.5,R1,R1,32.5,49,200.9,73.5
SKU-1152-RH,Важіль trailing RH (R1),SKU-1152-LH,RH,trailing,False,69.7,9.3,6.1,4.1,3.95,1.5,R1,R1,33.9,51,209.1,76.5
SKU-1153-LH,Важіль curved LH (R1),SKU-1153-RH,LH,curved,False,36.2,14.8,6.6,3.37,3.54,1.49,R1,R1,38.5,58,195.5,86.4
SKU-1153-RH,Важіль curved RH (R1),SKU-1153-LH,RH,curved,False,36.2,14.8,6.6,3.37,3.54,1.49,R1,R1,36.6,55,185.3,82.0
SKU-1154-LH,Важіль straight_link LH (R1),SKU-1154-RH,LH,straight_link,False,18.4,6.3,5.3,1.26,0.61,0.17,R1,R1,40.0,60,75.6,10.2
SKU-1154-RH,Важіль straight_link RH (R1),SKU-1154-LH,RH,straight_link,False,18.4,6.3,5.3,1.26,0.61,0.17,R1,R1,37.5,57,71.8,9.7
SKU-1155-LH,Важіль straight_link LH (R1),SKU-1155-RH,LH,straight_link,False,28.9,6.7,7.0,1.16,1.36,0.38,R1,R1,40.1,61,70.8,23.2
SKU-1155-RH,Важіль straight_link RH (R1),SKU-1155-LH,RH,straight_link,False,28.9,6.7,7.0,1.16,1.36,0.38,R1,R1,39.7,60,69.6,22.8
SKU-1156-LH,Важіль trailing LH (R1),SKU-1156-RH,LH,trailing,False,68.0,10.0,6.9,2.35,4.69,1.78,R1,R1,32.7,50,117.5,89.0
SKU-1156-RH,Важіль trailing RH (R1),SKU-1156-LH,RH,trailing,False,68.0,10.0,6.9,2.35,4.69,1.78,R1,R1,32.1,49,115.2,87.2
SKU-1157-LH,Важіль curved LH (R1),SKU-1157-RH,LH,curved,False,33.9,10.8,8.5,2.08,3.11,1.31,R1,R1,43.7,66,137.3,86.5
SKU-1157-RH,Важіль curved RH (R1),SKU-1157-LH,RH,curved,False,33.9,10.8,8.5,2.08,3.11,1.31,R1,R1,44.2,67,139.4,87.8
SKU-1158-LH,Важіль straight_link LH (R1),SKU-1158-RH,LH,straight_link,True,19.0,5.4,5.7,1.0,0.58,0.61,R1,R1,35.8,54,54.0,32.9
SKU-1158-RH,Важіль straight_link RH (R1),SKU-1158-LH,RH,straight_link,True,19.0,5.4,5.7,1.0,0.58,0.61,R1,R1,36.3,55,55.0,33.5
SKU-1159-LH,Важіль straight_link LH (R1),SKU-1159-RH,LH,straight_link,False,18.6,5.7,4.4,0.64,0.47,0.13,R1,R1,46.4,70,44.8,9.1
SKU-1159-RH,Важіль straight_link RH (R1),SKU-1159-LH,RH,straight_link,False,18.6,5.7,4.4,0.64,0.47,0.13,R1,R1,47.8,72,46.1,9.4
SKU-1160-LH,Важіль straight_link LH (R1),SKU-1160-RH,LH,straight_link,False,27.8,6.0,4.0,0.73,0.67,0.19,R1,R1,38.0,57,41.6,10.8
SKU-1160-RH,Важіль straight_link RH (R1),SKU-1160-LH,RH,straight_link,False,27.8,6.0,4.0,0.73,0.67,0.19,R1,R1,38.8,59,43.1,11.2
SKU-1161-LH,Важіль curved LH (R1),SKU-1161-RH,LH,curved,True,27.3,14.8,5.8,2.62,2.34,2.46,R1,R1,43.4,66,172.9,162.4
SKU-1161-RH,Важіль curved RH (R1),SKU-1161-LH,RH,curved,True,27.3,14.8,5.8,2.62,2.34,2.46,R1,R1,41.4,63,165.1,155.0
SKU-1162-LH,Важіль straight_link LH (R1),SKU-1162-RH,LH,straight_link,False,19.5,6.2,6.5,0.43,0.79,0.22,R1,R1,45.2,68,29.2,15.0
SKU-1162-RH,Важіль straight_link RH (R1),SKU-1162-LH,RH,straight_link,False,19.5,6.2,6.5,0.43,0.79,0.22,R1,R1,47.0,71,30.5,15.6
SKU-1163-LH,Важіль heavy_integral LH (R1),SKU-1163-RH,LH,heavy_integral,False,77.9,23.1,16.4,7.66,29.51,20.07,R1,R1,43.2,65,497.9,1304.5
SKU-1163-RH,Важіль heavy_integral RH (R1),SKU-1163-LH,RH,heavy_integral,False,77.9,23.1,16.4,7.66,29.51,20.07,R1,R1,46.1,70,536.2,1404.9
SKU-1164-LH,Важіль a_shaped LH (R1),SKU-1164-RH,LH,a_shaped,False,49.1,33.2,12.1,5.28,19.72,10.25,R1,R1,41.7,63,332.6,645.8
SKU-1164-RH,Важіль a_shaped RH (R1),SKU-1164-LH,RH,a_shaped,False,49.1,33.2,12.1,5.28,19.72,10.25,R1,R1,41.7,63,332.6,645.8
SKU-1165-LH,Важіль straight_link LH (R1),SKU-1165-RH,LH,straight_link,False,20.2,7.1,4.8,1.38,0.69,0.19,R1,R1,35.1,53,73.1,10.1
SKU-1165-RH,Важіль straight_link RH (R1),SKU-1165-LH,RH,straight_link,False,20.2,7.1,4.8,1.38,0.69,0.19,R1,R1,36.9,56,77.3,10.6
SKU-1166-LH,Важіль straight_link LH (R1),SKU-1166-RH,LH,straight_link,False,25.0,5.9,6.5,0.63,0.96,0.27,R1,R1,49.8,75,47.2,20.2
SKU-1166-RH,Важіль straight_link RH (R1),SKU-1166-LH,RH,straight_link,False,25.0,5.9,6.5,0.63,0.96,0.27,R1,R1,48.5,73,46.0,19.7
SKU-1167-LH,Важіль curved LH (R1),SKU-1167-RH,LH,curved,False,36.9,10.9,5.2,2.06,2.09,0.88,R1,R1,39.5,60,123.6,52.8
SKU-1167-RH,Важіль curved RH (R1),SKU-1167-LH,RH,curved,False,36.9,10.9,5.2,2.06,2.09,0.88,R1,R1,39.0,59,121.5,51.9
SKU-1168-LH,Важіль straight_link LH (R1),SKU-1168-RH,LH,straight_link,False,24.0,5.2,5.3,1.39,0.66,0.18,R1,R1,31.6,48,66.7,8.6
SKU-1168-RH,Важіль straight_link RH (R1),SKU-1168-LH,RH,straight_link,False,24.0,5.2,5.3,1.39,0.66,0.18,R1,R1,30.9,47,65.3,8.5
SKU-1169-LH,Важіль straight_link LH (R1),SKU-1169-RH,LH,straight_link,False,28.2,5.7,7.1,1.3,1.14,0.32,R1,R1,36.9,56,72.8,17.9
SKU-1169-RH,Важіль straight_link RH (R1),SKU-1169-LH,RH,straight_link,False,28.2,5.7,7.1,1.3,1.14,0.32,R1,R1,37.9,57,74.1,18.2
SKU-1170-UNI,Тяга/стійка trailing UNI (R1),,UNI,trailing,False,57.5,9.1,7.5,3.64,3.92,1.49,R1,R1,32.4,49,178.4,73.0
SKU-1171-UNI,Тяга/стійка straight_link UNI (R1),,UNI,straight_link,False,30.7,4.6,4.8,1.37,0.68,0.19,R1,R1,33.3,50,68.5,9.5
SKU-1172-UNI,Тяга/стійка straight_link UNI (R1),,UNI,straight_link,False,24.9,4.9,7.0,0.85,0.85,0.24,R1,R1,39.3,59,50.1,14.2
SKU-1173-UNI,Тяга/стійка straight_link UNI (R1),,UNI,straight_link,False,26.3,4.6,5.4,1.37,0.65,0.18,R1,R1,34.6,52,71.2,9.4
SKU-1174-UNI,Тяга/стійка trailing UNI (R1),,UNI,trailing,False,60.5,9.9,5.5,4.14,3.29,1.25,R1,R1,38.2,58,240.1,72.5
SKU-1175-UNI,Тяга/стійка straight_link UNI (R1),,UNI,straight_link,False,19.0,4.6,5.8,0.74,0.51,0.14,R1,R1,44.9,68,50.3,9.5
SKU-1176-UNI,Тяга/стійка straight_link UNI (R1),,UNI,straight_link,False,21.5,6.2,6.5,0.57,0.87,0.24,R1,R1,33.0,50,28.5,12.0
SKU-1177-UNI,Тяга/стійка straight_link UNI (R1),,UNI,straight_link,True,28.3,6.3,5.7,1.24,1.02,1.07,R1,R1,44.5,67,83.1,71.7
SKU-1178-UNI,Тяга/стійка straight_link UNI (R1),,UNI,straight_link,False,30.2,4.7,4.4,0.67,0.62,0.17,R1,R1,31.0,47,31.5,8.0
SKU-1179-UNI,Тяга/стійка straight_link UNI (R1),,UNI,straight_link,False,31.1,4.1,4.4,0.85,0.56,0.16,R1,R1,46.8,71,60.4,11.4
SKU-1180-UNI,Тяга/стійка straight_link UNI (R1),,UNI,straight_link,False,25.1,4.1,4.5,1.39,0.46,0.13,R1,R1,47.4,72,100.1,9.4
SKU-1181-UNI,Тяга/стійка straight_link UNI (R1),,UNI,straight_link,True,31.3,6.2,7.0,0.85,1.36,1.43,R1,R1,39.3,59,50.1,84.4
SKU-1182-UNI,Тяга/стійка trailing UNI (R1),,UNI,trailing,False,69.3,6.7,5.1,2.75,2.37,0.9,R1,R1,42.7,65,178.8,58.5
SKU-1183-UNI,Тяга/стійка straight_link UNI (R1),,UNI,straight_link,False,27.4,7.4,4.3,1.07,0.87,0.24,R1,R1,38.0,57,61.0,13.7
SKU-1184-UNI,Тяга/стійка straight_link UNI (R1),,UNI,straight_link,False,20.5,6.4,6.9,1.34,0.91,0.25,R1,R1,42.3,64,85.8,16.0
SKU-1185-UNI,Тяга/стійка straight_link UNI (R1),,UNI,straight_link,False,26.6,7.0,6.0,0.43,1.12,0.31,R1,R1,46.8,71,30.5,22.0
SKU-1186-UNI,Тяга/стійка trailing UNI (R1),,UNI,trailing,False,69.6,7.1,7.6,2.93,3.76,1.43,R1,R1,41.7,63,184.6,90.1
SKU-1187-UNI,Тяга/стійка straight_link UNI (R1),,UNI,straight_link,False,27.2,7.5,4.2,1.38,0.86,0.24,R1,R1,37.3,56,77.3,13.4
SKU-1188-UNI,Тяга/стійка straight_link UNI (R1),,UNI,straight_link,False,29.0,6.0,6.6,1.28,1.15,0.32,R1,R1,37.3,56,71.7,17.9
SKU-1189-UNI,Тяга/стійка straight_link UNI (R1),,UNI,straight_link,False,27.3,6.8,6.7,1.2,1.24,0.35,R1,R1,37.8,57,68.4,19.9
SKU-1190-UNI,Тяга/стійка straight_link UNI (R1),,UNI,straight_link,False,19.7,5.9,4.0,0.72,0.46,0.13,R1,R1,36.6,55,39.6,7.2
SKU-1191-UNI,Тяга/стійка straight_link UNI (R1),,UNI,straight_link,False,27.7,5.4,5.6,0.64,0.84,0.24,R1,R1,36.7,56,35.8,13.4
SKU-1192-UNI,Тяга/стійка straight_link UNI (R1),,UNI,straight_link,False,19.0,6.1,6.3,1.02,0.73,0.2,R1,R1,38.3,58,59.2,11.6
SKU-1193-UNI,Тяга/стійка trailing UNI (R1),,UNI,trailing,False,74.4,8.6,6.9,2.15,4.41,1.68,R1,R1,36.1,55,118.2,92.4
SKU-1194-UNI,Тяга/стійка straight_link UNI (R1),,UNI,straight_link,False,23.6,6.0,5.9,1.01,0.84,0.24,R1,R1,43.8,66,66.7,15.8
SKU-1195-UNI,Тяга/стійка trailing UNI (R1),,UNI,trailing,False,70.7,10.8,5.1,2.51,3.89,1.48,R1,R1,30.1,46,115.5,68.1
SKU-1196-UNI,Тяга/стійка straight_link UNI (R1),,UNI,straight_link,False,30.6,4.9,7.2,0.46,1.08,0.3,R1,R1,46.8,71,32.7,21.3
SKU-1197-UNI,Тяга/стійка straight_link UNI (R1),,UNI,straight_link,False,19.4,5.7,4.9,0.68,0.54,0.15,R1,R1,35.5,54,36.7,8.1
SKU-1198-UNI,Тяга/стійка trailing UNI (R1),,UNI,trailing,False,66.0,7.6,7.4,3.6,3.71,1.41,R1,R1,34.9,53,190.8,74.7
SKU-1199-UNI,Тяга/стійка trailing UNI (R1),,UNI,trailing,False,55.2,6.9,7.7,2.48,2.93,1.11,R1,R1,39.5,60,148.8,66.6
SKU-1200-UNI,Тяга/стійка trailing UNI (R1),,UNI,trailing,False,54.8,8.8,6.0,4.12,2.89,1.1,R1,R1,38.7,59,243.1,64.9
SKU-1201-UNI,Тяга/стійка trailing UNI (R1),,UNI,trailing,False,66.3,6.2,7.5,4.1,3.08,1.17,R1,R1,40.8,62,254.2,72.5
SKU-1202-UNI,Тяга/стійка trailing UNI (R1),,UNI,trailing,False,75.0,7.1,5.8,3.38,3.09,1.17,R1,R1,37.4,57,192.7,66.7
SKU-1203-UNI,Тяга/стійка straight_link UNI (R1),,UNI,straight_link,False,30.6,5.2,4.8,1.18,0.76,0.21,R1,R1,34.9,53,62.5,11.1
SKU-1204-UNI,Тяга/стійка straight_link UNI (R1),,UNI,straight_link,False,23.9,6.3,4.3,1.02,0.65,0.18,R1,R1,38.1,58,59.2,10.4
SKU-1205-UNI,Тяга/стійка straight_link UNI (R1),,UNI,straight_link,False,20.4,6.6,7.0,0.62,0.94,0.26,R1,R1,31.7,48,29.8,12.5
SKU-1206-UNI,Тяга/стійка straight_link UNI (R1),,UNI,straight_link,True,27.0,6.1,5.9,0.63,0.97,1.02,R1,R1,37.0,56,35.3,57.1
SKU-1207-UNI,Тяга/стійка straight_link UNI (R1),,UNI,straight_link,False,25.0,7.5,4.5,1.1,0.84,0.24,R1,R1,37.3,56,61.6,13.4
SKU-1208-UNI,Тяга/стійка straight_link UNI (R1),,UNI,straight_link,False,28.0,6.4,7.5,0.53,1.34,0.38,R1,R1,31.9,48,25.4,18.2
SKU-1209-UNI,Тяга/стійка trailing UNI (R1),,UNI,trailing,False,67.0,7.4,5.3,2.28,2.63,1.0,R1,R1,46.1,70,159.6,70.0
SKU-1210-LH,Важіль trailing LH (R2),SKU-1210-RH,LH,trailing,False,60.4,7.1,6.4,2.25,2.74,1.04,R2,R2,23.4,36,81.0,37.4
SKU-1210-RH,Важіль trailing RH (R2),SKU-1210-LH,RH,trailing,False,60.4,7.1,6.4,2.25,2.74,1.04,R2,R2,24.8,38,85.5,39.5
SKU-1211-LH,Важіль a_shaped LH (R2),SKU-1211-RH,LH,a_shaped,False,44.6,40.1,12.2,5.31,21.82,11.35,R2,R2,21.6,33,175.2,374.6
SKU-1211-RH,Важіль a_shaped RH (R2),SKU-1211-LH,RH,a_shaped,False,44.6,40.1,12.2,5.31,21.82,11.35,R2,R2,22.2,34,180.5,385.9
SKU-1212-LH,Важіль curved LH (R2),SKU-1212-RH,LH,curved,False,36.6,16.7,9.4,2.44,5.75,2.42,R2,R2,18.8,29,70.8,70.2
SKU-1212-RH,Важіль curved RH (R2),SKU-1212-LH,RH,curved,False,36.6,16.7,9.4,2.44,5.75,2.42,R2,R2,19.4,30,73.2,72.6
SKU-1213-LH,Важіль trailing LH (R2),SKU-1213-RH,LH,trailing,False,69.9,7.0,7.1,2.3,3.47,1.32,R2,R2,23.9,36,82.8,47.5
SKU-1213-RH,Важіль trailing RH (R2),SKU-1213-LH,RH,trailing,False,69.9,7.0,7.1,2.3,3.47,1.32,R2,R2,23.1,35,80.5,46.2
SKU-1214-LH,Важіль heavy_integral LH (R2),SKU-1214-RH,LH,heavy_integral,False,75.5,25.3,11.9,7.92,22.73,15.46,R2,R2,20.6,31,245.5,479.3
SKU-1214-RH,Важіль heavy_integral RH (R2),SKU-1214-LH,RH,heavy_integral,False,75.5,25.3,11.9,7.92,22.73,15.46,R2,R2,20.5,31,245.5,479.3
SKU-1215-LH,Важіль heavy_integral LH (R2),SKU-1215-RH,LH,heavy_integral,False,76.9,21.2,15.0,6.58,24.45,16.63,R2,R2,26.3,40,263.2,665.2
SKU-1215-RH,Важіль heavy_integral RH (R2),SKU-1215-LH,RH,heavy_integral,False,76.9,21.2,15.0,6.58,24.45,16.63,R2,R2,27.8,42,276.4,698.5
SKU-1216-LH,Важіль curved LH (R2),SKU-1216-RH,LH,curved,False,37.3,10.4,6.8,2.07,2.64,1.11,R2,R2,21.6,33,68.3,36.6
SKU-1216-RH,Важіль curved RH (R2),SKU-1216-LH,RH,curved,False,37.3,10.4,6.8,2.07,2.64,1.11,R2,R2,23.1,35,72.4,38.9
SKU-1217-LH,Важіль a_shaped LH (R2),SKU-1217-RH,LH,a_shaped,False,40.9,32.4,10.6,5.52,14.05,7.31,R2,R2,25.0,38,209.8,277.8
SKU-1217-RH,Важіль a_shaped RH (R2),SKU-1217-LH,RH,a_shaped,False,40.9,32.4,10.6,5.52,14.05,7.31,R2,R2,24.2,37,204.2,270.5
SKU-1218-LH,Важіль straight_link LH (R2),SKU-1218-RH,LH,straight_link,False,29.9,4.7,7.3,0.52,1.03,0.29,R2,R2,27.5,42,21.8,12.2
SKU-1218-RH,Важіль straight_link RH (R2),SKU-1218-LH,RH,straight_link,False,29.9,4.7,7.3,0.52,1.03,0.29,R2,R2,28.7,44,22.9,12.8
SKU-1219-LH,Важіль trailing LH (R2),SKU-1219-RH,LH,trailing,False,73.0,10.0,6.2,2.27,4.53,1.72,R2,R2,22.2,34,77.2,58.5
SKU-1219-RH,Важіль trailing RH (R2),SKU-1219-LH,RH,trailing,False,73.0,10.0,6.2,2.27,4.53,1.72,R2,R2,23.2,35,79.5,60.2
SKU-1220-LH,Важіль heavy_integral LH (R2),SKU-1220-RH,LH,heavy_integral,False,81.2,22.4,16.6,6.77,30.19,20.53,R2,R2,29.3,44,297.9,903.3
SKU-1220-RH,Важіль heavy_integral RH (R2),SKU-1220-LH,RH,heavy_integral,False,81.2,22.4,16.6,6.77,30.19,20.53,R2,R2,28.3,43,291.1,882.8
SKU-1221-LH,Важіль curved LH (R2),SKU-1221-RH,LH,curved,False,38.2,12.1,8.0,2.32,3.7,1.55,R2,R2,19.5,30,69.6,46.5
SKU-1221-RH,Важіль curved RH (R2),SKU-1221-LH,RH,curved,False,38.2,12.1,8.0,2.32,3.7,1.55,R2,R2,19.1,29,67.3,45.0
SKU-1222-LH,Важіль curved LH (R2),SKU-1222-RH,LH,curved,True,28.2,21.6,8.3,3.34,5.06,5.31,R2,R2,22.8,35,116.9,185.8
SKU-1222-RH,Важіль curved RH (R2),SKU-1222-LH,RH,curved,True,28.2,21.6,8.3,3.34,5.06,5.31,R2,R2,23.2,35,116.9,185.8
SKU-1223-LH,Важіль a_shaped LH (R2),SKU-1223-RH,LH,a_shaped,False,37.7,36.3,8.7,5.58,11.91,6.19,R2,R2,25.1,38,212.0,235.2
SKU-1223-RH,Важіль a_shaped RH (R2),SKU-1223-LH,RH,a_shaped,False,37.7,36.3,8.7,5.58,11.91,6.19,R2,R2,24.9,38,212.0,235.2
SKU-1224-LH,Важіль straight_link LH (R2),SKU-1224-RH,LH,straight_link,False,24.4,4.2,7.5,0.46,0.77,0.22,R2,R2,27.4,42,19.3,9.2
SKU-1224-RH,Важіль straight_link RH (R2),SKU-1224-LH,RH,straight_link,False,24.4,4.2,7.5,0.46,0.77,0.22,R2,R2,25.8,39,17.9,8.6
SKU-1225-LH,Важіль curved LH (R2),SKU-1225-RH,LH,curved,False,27.9,13.6,5.6,2.85,2.12,0.89,R2,R2,18.8,29,82.7,25.8
SKU-1225-RH,Важіль curved RH (R2),SKU-1225-LH,RH,curved,False,27.9,13.6,5.6,2.85,2.12,0.89,R2,R2,19.5,30,85.5,26.7
SKU-1226-LH,Важіль curved LH (R2),SKU-1226-RH,LH,curved,False,35.8,13.7,8.7,2.55,4.27,1.79,R2,R2,22.4,34,86.7,60.9
SKU-1226-RH,Важіль curved RH (R2),SKU-1226-LH,RH,curved,False,35.8,13.7,8.7,2.55,4.27,1.79,R2,R2,23.8,36,91.8,64.4
SKU-1227-LH,Важіль a_shaped LH (R2),SKU-1227-RH,LH,a_shaped,False,39.1,31.9,10.3,6.25,12.85,6.68,R2,R2,27.4,42,262.5,280.6
SKU-1227-RH,Важіль a_shaped RH (R2),SKU-1227-LH,RH,a_shaped,False,39.1,31.9,10.3,6.25,12.85,6.68,R2,R2,25.8,39,243.8,260.5
SKU-1228-LH,Важіль straight_link LH (R2),SKU-1228-RH,LH,straight_link,False,24.7,4.1,4.9,1.16,0.5,0.14,R2,R2,19.7,30,34.8,4.2
SKU-1228-RH,Важіль straight_link RH (R2),SKU-1228-LH,RH,straight_link,False,24.7,4.1,4.9,1.16,0.5,0.14,R2,R2,19.2,29,33.6,4.1
SKU-1229-LH,Важіль heavy_integral LH (R2),SKU-1229-RH,LH,heavy_integral,True,57.7,25.8,16.4,10.33,24.41,25.63,R2,R2,23.1,35,361.6,897.0
SKU-1229-RH,Важіль heavy_integral RH (R2),SKU-1229-LH,RH,heavy_integral,True,57.7,25.8,16.4,10.33,24.41,25.63,R2,R2,23.9,36,371.9,922.7
SKU-1230-LH,Важіль straight_link LH (R2),SKU-1230-RH,LH,straight_link,False,29.8,4.3,5.7,0.55,0.73,0.2,R2,R2,22.3,34,18.7,6.8
SKU-1230-RH,Важіль straight_link RH (R2),SKU-1230-LH,RH,straight_link,False,29.8,4.3,5.7,0.55,0.73,0.2,R2,R2,21.9,33,18.2,6.6
SKU-1231-LH,Важіль straight_link LH (R2),SKU-1231-RH,LH,straight_link,False,23.5,5.6,6.7,1.29,0.88,0.25,R2,R2,30.1,46,59.3,11.5
SKU-1231-RH,Важіль straight_link RH (R2),SKU-1231-LH,RH,straight_link,False,23.5,5.6,6.7,1.29,0.88,0.25,R2,R2,29.0,44,56.8,11.0
SKU-1232-LH,Важіль curved LH (R2),SKU-1232-RH,LH,curved,False,33.0,13.1,10.0,1.67,4.32,1.81,R2,R2,28.7,44,73.5,79.6
SKU-1232-RH,Важіль curved RH (R2),SKU-1232-LH,RH,curved,False,33.0,13.1,10.0,1.67,4.32,1.81,R2,R2,29.1,44,73.5,79.6
SKU-1233-LH,Важіль curved LH (R2),SKU-1233-RH,LH,curved,False,40.3,17.6,8.7,1.72,6.17,2.59,R2,R2,23.5,36,61.9,93.2
SKU-1233-RH,Важіль curved RH (R2),SKU-1233-LH,RH,curved,False,40.3,17.6,8.7,1.72,6.17,2.59,R2,R2,24.7,38,65.4,98.4
SKU-1234-LH,Важіль straight_link LH (R2),SKU-1234-RH,LH,straight_link,False,27.5,4.1,4.3,1.12,0.48,0.13,R2,R2,18.2,28,31.4,3.6
SKU-1234-RH,Важіль straight_link RH (R2),SKU-1234-LH,RH,straight_link,False,27.5,4.1,4.3,1.12,0.48,0.13,R2,R2,18.1,28,31.4,3.6
SKU-1235-LH,Важіль straight_link LH (R2),SKU-1235-RH,LH,straight_link,False,28.3,5.2,5.0,0.75,0.74,0.21,R2,R2,27.6,42,31.5,8.8
SKU-1235-RH,Важіль straight_link RH (R2),SKU-1235-LH,RH,straight_link,False,28.3,5.2,5.0,0.75,0.74,0.21,R2,R2,26.6,40,30.0,8.4
SKU-1236-LH,Важіль a_shaped LH (R2),SKU-1236-RH,LH,a_shaped,False,37.6,36.6,13.1,4.45,18.03,9.38,R2,R2,17.6,27,120.2,253.3
SKU-1236-RH,Важіль a_shaped RH (R2),SKU-1236-LH,RH,a_shaped,False,37.6,36.6,13.1,4.45,18.03,9.38,R2,R2,18.9,29,129.1,272.0
SKU-1237-LH,Важіль straight_link LH (R2),SKU-1237-RH,LH,straight_link,False,28.8,6.2,5.3,0.61,0.95,0.27,R2,R2,19.6,30,18.3,8.1
SKU-1237-RH,Важіль straight_link RH (R2),SKU-1237-LH,RH,straight_link,False,28.8,6.2,5.3,0.61,0.95,0.27,R2,R2,19.9,30,18.3,8.1
SKU-1238-LH,Важіль curved LH (R2),SKU-1238-RH,LH,curved,False,34.5,10.5,10.8,3.04,3.91,1.64,R2,R2,22.3,34,103.4,55.8
SKU-1238-RH,Важіль curved RH (R2),SKU-1238-LH,RH,curved,False,34.5,10.5,10.8,3.04,3.91,1.64,R2,R2,21.7,33,100.3,54.1
SKU-1239-LH,Важіль curved LH (R2),SKU-1239-RH,LH,curved,False,38.0,19.7,8.9,1.83,6.66,2.8,R2,R2,22.8,35,64.0,98.0
SKU-1239-RH,Важіль curved RH (R2),SKU-1239-LH,RH,curved,False,38.0,19.7,8.9,1.83,6.66,2.8,R2,R2,21.6,33,60.4,92.4
SKU-1240-LH,Важіль trailing LH (R2),SKU-1240-RH,LH,trailing,False,63.2,8.2,7.5,4.08,3.89,1.48,R2,R2,20.3,31,126.5,45.9
SKU-1240-RH,Важіль trailing RH (R2),SKU-1240-LH,RH,trailing,False,63.2,8.2,7.5,4.08,3.89,1.48,R2,R2,20.4,31,126.5,45.9
SKU-1241-LH,Важіль curved LH (R2),SKU-1241-RH,LH,curved,False,36.3,13.4,9.9,3.15,4.82,2.02,R2,R2,29.1,44,138.6,88.9
SKU-1241-RH,Важіль curved RH (R2),SKU-1241-LH,RH,curved,False,36.3,13.4,9.9,3.15,4.82,2.02,R2,R2,27.6,42,132.3,84.8
SKU-1242-LH,Важіль curved LH (R2),SKU-1242-RH,LH,curved,False,33.4,20.1,9.4,3.0,6.31,2.65,R2,R2,25.2,38,114.0,100.7
SKU-1242-RH,Важіль curved RH (R2),SKU-1242-LH,RH,curved,False,33.4,20.1,9.4,3.0,6.31,2.65,R2,R2,26.0,39,117.0,103.3
SKU-1243-LH,Важіль heavy_integral LH (R2),SKU-1243-RH,LH,heavy_integral,False,80.0,16.4,11.3,6.77,14.83,10.08,R2,R2,27.4,42,284.3,423.4
SKU-1243-RH,Важіль heavy_integral RH (R2),SKU-1243-LH,RH,heavy_integral,False,80.0,16.4,11.3,6.77,14.83,10.08,R2,R2,26.1,40,270.8,403.2
SKU-1244-LH,Важіль straight_link LH (R2),SKU-1244-RH,LH,straight_link,False,29.8,6.6,5.9,0.99,1.16,0.32,R2,R2,23.7,36,35.6,11.5
SKU-1244-RH,Важіль straight_link RH (R2),SKU-1244-LH,RH,straight_link,False,29.8,6.6,5.9,0.99,1.16,0.32,R2,R2,24.2,37,36.6,11.8
SKU-1245-LH,Важіль a_shaped LH (R2),SKU-1245-RH,LH,a_shaped,False,50.0,36.2,13.1,4.11,23.71,12.33,R2,R2,22.6,34,139.7,419.2
SKU-1245-RH,Важіль a_shaped RH (R2),SKU-1245-LH,RH,a_shaped,False,50.0,36.2,13.1,4.11,23.71,12.33,R2,R2,23.1,35,143.9,431.6
SKU-1246-LH,Важіль straight_link LH (R2),SKU-1246-RH,LH,straight_link,False,31.9,4.3,5.4,1.2,0.74,0.21,R2,R2,20.5,31,37.2,6.5
SKU-1246-RH,Важіль straight_link RH (R2),SKU-1246-LH,RH,straight_link,False,31.9,4.3,5.4,1.2,0.74,0.21,R2,R2,20.8,32,38.4,6.7
SKU-1247-LH,Важіль trailing LH (R2),SKU-1247-RH,LH,trailing,False,56.9,7.8,8.1,3.26,3.59,1.36,R2,R2,18.4,28,91.3,38.1
SKU-1247-RH,Важіль trailing RH (R2),SKU-1247-LH,RH,trailing,False,56.9,7.8,8.1,3.26,3.59,1.36,R2,R2,17.4,27,88.0,36.7
SKU-1248-LH,Важіль curved LH (R2),SKU-1248-RH,LH,curved,False,29.2,21.5,7.2,2.19,4.52,1.9,R2,R2,19.5,30,65.7,57.0
SKU-1248-RH,Важіль curved RH (R2),SKU-1248-LH,RH,curved,False,29.2,21.5,7.2,2.19,4.52,1.9,R2,R2,20.4,31,67.9,58.9
SKU-1249-LH,Важіль trailing LH (R2),SKU-1249-RH,LH,trailing,False,61.6,8.2,7.9,3.96,3.99,1.52,R2,R2,24.9,38,150.5,57.8
SKU-1249-RH,Важіль trailing RH (R2),SKU-1249-LH,RH,trailing,False,61.6,8.2,7.9,3.96,3.99,1.52,R2,R2,24.9,38,150.5,57.8
SKU-1250-LH,Важіль trailing LH (R2),SKU-1250-RH,LH,trailing,False,52.1,9.1,6.4,3.77,3.03,1.15,R2,R2,19.3,29,109.3,33.3
SKU-1250-RH,Важіль trailing RH (R2),SKU-1250-LH,RH,trailing,False,52.1,9.1,6.4,3.77,3.03,1.15,R2,R2,19.1,29,109.3,33.3
SKU-1251-LH,Важіль a_shaped LH (R2),SKU-1251-RH,LH,a_shaped,False,37.0,35.3,11.5,5.39,15.02,7.81,R2,R2,25.6,39,210.2,304.6
SKU-1251-RH,Важіль a_shaped RH (R2),SKU-1251-LH,RH,a_shaped,False,37.0,35.3,11.5,5.39,15.02,7.81,R2,R2,25.9,39,210.2,304.6
SKU-1252-LH,Важіль straight_link LH (R2),SKU-1252-RH,LH,straight_link,False,29.6,5.7,4.3,0.46,0.73,0.2,R2,R2,22.5,34,15.6,6.8
SKU-1252-RH,Важіль straight_link RH (R2),SKU-1252-LH,RH,straight_link,False,29.6,5.7,4.3,0.46,0.73,0.2,R2,R2,22.4,34,15.6,6.8
SKU-1253-LH,Важіль curved LH (R2),SKU-1253-RH,LH,curved,False,34.3,15.3,5.9,2.19,3.1,1.3,R2,R2,22.4,34,74.5,44.2
SKU-1253-RH,Важіль curved RH (R2),SKU-1253-LH,RH,curved,False,34.3,15.3,5.9,2.19,3.1,1.3,R2,R2,22.7,35,76.6,45.5
SKU-1254-LH,Важіль heavy_integral LH (R2),SKU-1254-RH,LH,heavy_integral,False,73.5,26.0,17.5,8.96,33.44,22.74,R2,R2,23.3,35,313.6,795.9
SKU-1254-RH,Важіль heavy_integral RH (R2),SKU-1254-LH,RH,heavy_integral,False,73.5,26.0,17.5,8.96,33.44,22.74,R2,R2,23.6,36,322.6,818.6
SKU-1255-LH,Важіль heavy_integral LH (R2),SKU-1255-RH,LH,heavy_integral,False,63.1,24.4,13.1,8.66,20.17,13.72,R2,R2,24.4,37,320.4,507.6
SKU-1255-RH,Важіль heavy_integral RH (R2),SKU-1255-LH,RH,heavy_integral,False,63.1,24.4,13.1,8.66,20.17,13.72,R2,R2,24.8,38,329.1,521.4
SKU-1256-LH,Важіль straight_link LH (R2),SKU-1256-RH,LH,straight_link,False,18.4,4.1,6.9,0.67,0.52,0.15,R2,R2,23.8,36,24.1,5.4
SKU-1256-RH,Важіль straight_link RH (R2),SKU-1256-LH,RH,straight_link,False,18.4,4.1,6.9,0.67,0.52,0.15,R2,R2,25.1,38,25.5,5.7
SKU-1257-LH,Важіль straight_link LH (R2),SKU-1257-RH,LH,straight_link,False,24.0,7.1,6.9,0.59,1.18,0.33,R2,R2,27.5,42,24.8,13.9
SKU-1257-RH,Важіль straight_link RH (R2),SKU-1257-LH,RH,straight_link,False,24.0,7.1,6.9,0.59,1.18,0.33,R2,R2,27.6,42,24.8,13.9
SKU-1258-LH,Важіль trailing LH (R2),SKU-1258-RH,LH,trailing,False,54.1,9.6,7.0,3.02,3.64,1.38,R2,R2,27.3,41,123.8,56.6
SKU-1258-RH,Важіль trailing RH (R2),SKU-1258-LH,RH,trailing,False,54.1,9.6,7.0,3.02,3.64,1.38,R2,R2,26.0,39,117.8,53.8
SKU-1259-LH,Важіль heavy_integral LH (R2),SKU-1259-RH,LH,heavy_integral,False,54.3,23.5,15.3,10.31,19.52,13.27,R2,R2,18.2,28,288.7,371.6
SKU-1259-RH,Важіль heavy_integral RH (R2),SKU-1259-LH,RH,heavy_integral,False,54.3,23.5,15.3,10.31,19.52,13.27,R2,R2,18.5,28,288.7,371.6
SKU-1260-LH,Важіль a_shaped LH (R2),SKU-1260-RH,LH,a_shaped,False,40.0,40.5,9.0,4.47,14.58,7.58,R2,R2,27.0,41,183.3,310.8
SKU-1260-RH,Важіль a_shaped RH (R2),SKU-1260-LH,RH,a_shaped,False,40.0,40.5,9.0,4.47,14.58,7.58,R2,R2,27.7,42,187.7,318.4
SKU-1261-LH,Важіль a_shaped LH (R2),SKU-1261-RH,LH,a_shaped,True,43.8,26.5,7.5,6.5,8.71,9.15,R2,R2,19.7,30,195.0,274.5
SKU-1261-RH,Важіль a_shaped RH (R2),SKU-1261-LH,RH,a_shaped,True,43.8,26.5,7.5,6.5,8.71,9.15,R2,R2,19.5,30,195.0,274.5
SKU-1262-LH,Важіль trailing LH (R2),SKU-1262-RH,LH,trailing,False,75.4,6.1,7.7,4.12,3.54,1.35,R2,R2,25.6,39,160.7,52.7
SKU-1262-RH,Важіль trailing RH (R2),SKU-1262-LH,RH,trailing,False,75.4,6.1,7.7,4.12,3.54,1.35,R2,R2,23.8,36,148.3,48.6
SKU-1263-LH,Важіль straight_link LH (R2),SKU-1263-RH,LH,straight_link,False,21.6,6.6,7.4,0.66,1.05,0.29,R2,R2,25.2,38,25.1,11.0
SKU-1263-RH,Важіль straight_link RH (R2),SKU-1263-LH,RH,straight_link,False,21.6,6.6,7.4,0.66,1.05,0.29,R2,R2,26.0,39,25.7,11.3
SKU-1264-LH,Важіль a_shaped LH (R2),SKU-1264-RH,LH,a_shaped,False,51.6,35.7,9.8,3.97,18.05,9.39,R2,R2,19.4,30,119.1,281.7
SKU-1264-RH,Важіль a_shaped RH (R2),SKU-1264-LH,RH,a_shaped,False,51.6,35.7,9.8,3.97,18.05,9.39,R2,R2,19.4,30,119.1,281.7
SKU-1265-LH,Важіль a_shaped LH (R2),SKU-1265-RH,LH,a_shaped,False,45.0,34.4,7.9,6.35,12.23,6.36,R2,R2,25.8,39,247.6,248.0
SKU-1265-RH,Важіль a_shaped RH (R2),SKU-1265-LH,RH,a_shaped,False,45.0,34.4,7.9,6.35,12.23,6.36,R2,R2,27.1,41,260.3,260.8
SKU-1266-LH,Важіль curved LH (R2),SKU-1266-RH,LH,curved,False,27.3,15.5,7.9,1.9,3.34,1.4,R2,R2,30.2,46,87.4,64.4
SKU-1266-RH,Важіль curved RH (R2),SKU-1266-LH,RH,curved,False,27.3,15.5,7.9,1.9,3.34,1.4,R2,R2,29.7,45,85.5,63.0
SKU-1267-LH,Важіль heavy_integral LH (R2),SKU-1267-RH,LH,heavy_integral,False,63.2,22.5,14.4,6.47,20.48,13.93,R2,R2,24.7,38,245.9,529.3
SKU-1267-RH,Важіль heavy_integral RH (R2),SKU-1267-LH,RH,heavy_integral,False,63.2,22.5,14.4,6.47,20.48,13.93,R2,R2,24.1,37,239.4,515.4
SKU-1268-LH,Важіль curved LH (R2),SKU-1268-RH,LH,curved,True,38.6,12.4,6.6,1.9,3.16,3.32,R2,R2,22.4,34,64.6,112.9
SKU-1268-RH,Важіль curved RH (R2),SKU-1268-LH,RH,curved,True,38.6,12.4,6.6,1.9,3.16,3.32,R2,R2,22.0,33,62.7,109.6
SKU-1269-LH,Важіль straight_link LH (R2),SKU-1269-RH,LH,straight_link,False,30.3,7.1,7.0,0.64,1.51,0.42,R2,R2,24.3,37,23.7,15.5
SKU-1269-RH,Важіль straight_link RH (R2),SKU-1269-LH,RH,straight_link,False,30.3,7.1,7.0,0.64,1.51,0.42,R2,R2,23.9,36,23.0,15.1
SKU-1270-LH,Важіль a_shaped LH (R2),SKU-1270-RH,LH,a_shaped,True,37.0,33.4,14.3,5.32,17.67,18.55,R2,R2,23.2,35,186.2,649.2
SKU-1270-RH,Важіль a_shaped RH (R2),SKU-1270-LH,RH,a_shaped,True,37.0,33.4,14.3,5.32,17.67,18.55,R2,R2,24.3,37,196.8,686.4
SKU-1271-LH,Важіль trailing LH (R2),SKU-1271-RH,LH,trailing,False,61.9,9.9,8.9,2.53,5.45,2.07,R2,R2,23.9,36,91.1,74.5
SKU-1271-RH,Важіль trailing RH (R2),SKU-1271-LH,RH,trailing,False,61.9,9.9,8.9,2.53,5.45,2.07,R2,R2,24.8,38,96.1,78.7
SKU-1272-LH,Важіль curved LH (R2),SKU-1272-RH,LH,curved,False,36.2,19.6,7.4,3.25,5.25,2.21,R2,R2,23.7,36,117.0,79.6
SKU-1272-RH,Важіль curved RH (R2),SKU-1272-LH,RH,curved,False,36.2,19.6,7.4,3.25,5.25,2.21,R2,R2,24.8,38,123.5,84.0
SKU-1273-LH,Важіль heavy_integral LH (R2),SKU-1273-RH,LH,heavy_integral,False,60.1,24.6,17.2,7.39,25.43,17.29,R2,R2,28.9,44,325.2,760.8
SKU-1273-RH,Важіль heavy_integral RH (R2),SKU-1273-LH,RH,heavy_integral,False,60.1,24.6,17.2,7.39,25.43,17.29,R2,R2,29.1,44,325.2,760.8
SKU-1274-LH,Важіль straight_link LH (R2),SKU-1274-RH,LH,straight_link,False,30.5,6.3,4.5,0.84,0.86,0.24,R2,R2,24.5,37,31.1,8.9
SKU-1274-RH,Важіль straight_link RH (R2),SKU-1274-LH,RH,straight_link,False,30.5,6.3,4.5,0.84,0.86,0.24,R2,R2,26.2,40,33.6,9.6
SKU-1275-LH,Важіль straight_link LH (R2),SKU-1275-RH,LH,straight_link,False,25.1,7.4,5.5,1.38,1.02,0.29,R2,R2,26.3,40,55.2,11.6
SKU-1275-RH,Важіль straight_link RH (R2),SKU-1275-LH,RH,straight_link,False,25.1,7.4,5.5,1.38,1.02,0.29,R2,R2,25.3,38,52.4,11.0
SKU-1276-LH,Важіль straight_link LH (R2),SKU-1276-RH,LH,straight_link,False,24.0,4.6,4.0,0.96,0.44,0.12,R2,R2,24.8,38,36.5,4.6
SKU-1276-RH,Важіль straight_link RH (R2),SKU-1276-LH,RH,straight_link,False,24.0,4.6,4.0,0.96,0.44,0.12,R2,R2,25.1,38,36.5,4.6
SKU-1277-LH,Важіль curved LH (R2),SKU-1277-RH,LH,curved,True,37.7,12.2,10.1,3.07,4.65,4.88,R2,R2,24.9,38,116.7,185.4
SKU-1277-RH,Важіль curved RH (R2),SKU-1277-LH,RH,curved,True,37.7,12.2,10.1,3.07,4.65,4.88,R2,R2,24.1,37,113.6,180.6
SKU-1278-LH,Важіль trailing LH (R2),SKU-1278-RH,LH,trailing,False,73.4,8.3,6.4,3.14,3.9,1.48,R2,R2,27.6,42,131.9,62.2
SKU-1278-RH,Важіль trailing RH (R2),SKU-1278-LH,RH,trailing,False,73.4,8.3,6.4,3.14,3.9,1.48,R2,R2,27.2,41,128.7,60.7
SKU-1279-LH,Важіль curved LH (R2),SKU-1279-RH,LH,curved,False,39.2,11.2,6.4,1.86,2.81,1.18,R2,R2,22.1,34,63.2,40.1
SKU-1279-RH,Важіль curved RH (R2),SKU-1279-LH,RH,curved,False,39.2,11.2,6.4,1.86,2.81,1.18,R2,R2,22.6,34,63.2,40.1
SKU-1280-LH,Важіль a_shaped LH (R2),SKU-1280-RH,LH,a_shaped,False,45.9,31.6,13.7,5.11,19.87,10.33,R2,R2,30.1,46,235.1,475.2
SKU-1280-RH,Важіль a_shaped RH (R2),SKU-1280-LH,RH,a_shaped,False,45.9,31.6,13.7,5.11,19.87,10.33,R2,R2,28.9,44,224.8,454.5
SKU-1281-LH,Важіль straight_link LH (R2),SKU-1281-RH,LH,straight_link,False,22.6,6.4,4.2,0.57,0.61,0.17,R2,R2,27.7,42,23.9,7.1
SKU-1281-RH,Важіль straight_link RH (R2),SKU-1281-LH,RH,straight_link,False,22.6,6.4,4.2,0.57,0.61,0.17,R2,R2,29.0,44,25.1,7.5
SKU-1282-LH,Важіль curved LH (R2),SKU-1282-RH,LH,curved,False,36.3,18.3,8.1,2.15,5.38,2.26,R2,R2,19.8,30,64.5,67.8
SKU-1282-RH,Важіль curved RH (R2),SKU-1282-LH,RH,curved,False,36.3,18.3,8.1,2.15,5.38,2.26,R2,R2,20.2,31,66.6,70.1
SKU-1283-LH,Важіль trailing LH (R2),SKU-1283-RH,LH,trailing,False,76.4,10.4,8.1,3.76,6.44,2.45,R2,R2,25.5,39,146.6,95.6
SKU-1283-RH,Важіль trailing RH (R2),SKU-1283-LH,RH,trailing,False,76.4,10.4,8.1,3.76,6.44,2.45,R2,R2,26.8,41,154.2,100.5
SKU-1284-LH,Важіль curved LH (R2),SKU-1284-RH,LH,curved,False,35.0,11.3,7.7,2.43,3.05,1.28,R2,R2,28.5,43,104.5,55.0
SKU-1284-RH,Важіль curved RH (R2),SKU-1284-LH,RH,curved,False,35.0,11.3,7.7,2.43,3.05,1.28,R2,R2,28.1,43,104.5,55.0
SKU-1285-LH,Важіль heavy_integral LH (R2),SKU-1285-RH,LH,heavy_integral,False,53.5,20.2,10.3,9.38,11.13,7.57,R2,R2,28.5,43,403.3,325.5
SKU-1285-RH,Важіль heavy_integral RH (R2),SKU-1285-LH,RH,heavy_integral,False,53.5,20.2,10.3,9.38,11.13,7.57,R2,R2,29.8,45,422.1,340.7
SKU-1286-LH,Важіль a_shaped LH (R2),SKU-1286-RH,LH,a_shaped,False,50.6,38.1,13.4,3.66,25.83,13.43,R2,R2,30.1,46,168.4,617.8
SKU-1286-RH,Важіль a_shaped RH (R2),SKU-1286-LH,RH,a_shaped,False,50.6,38.1,13.4,3.66,25.83,13.43,R2,R2,29.1,44,161.0,590.9
SKU-1287-LH,Важіль straight_link LH (R2),SKU-1287-RH,LH,straight_link,False,21.9,7.1,4.4,1.1,0.68,0.19,R2,R2,23.7,36,39.6,6.8
SKU-1287-RH,Важіль straight_link RH (R2),SKU-1287-LH,RH,straight_link,False,21.9,7.1,4.4,1.1,0.68,0.19,R2,R2,24.0,36,39.6,6.8
SKU-1288-LH,Важіль trailing LH (R2),SKU-1288-RH,LH,trailing,True,64.2,7.5,7.4,2.72,3.56,3.74,R2,R2,22.0,33,89.8,123.4
SKU-1288-RH,Важіль trailing RH (R2),SKU-1288-LH,RH,trailing,True,64.2,7.5,7.4,2.72,3.56,3.74,R2,R2,20.8,32,87.0,119.7
SKU-1289-LH,Важіль trailing LH (R2),SKU-1289-RH,LH,trailing,False,74.2,9.3,7.4,3.97,5.11,1.94,R2,R2,19.5,30,119.1,58.2
SKU-1289-RH,Важіль trailing RH (R2),SKU-1289-LH,RH,trailing,False,74.2,9.3,7.4,3.97,5.11,1.94,R2,R2,19.8,30,119.1,58.2
SKU-1290-LH,Важіль straight_link LH (R2),SKU-1290-RH,LH,straight_link,False,18.5,6.0,7.5,1.26,0.83,0.23,R2,R2,23.4,36,45.4,8.3
SKU-1290-RH,Важіль straight_link RH (R2),SKU-1290-LH,RH,straight_link,False,18.5,6.0,7.5,1.26,0.83,0.23,R2,R2,24.9,38,47.9,8.7
SKU-1291-LH,Важіль a_shaped LH (R2),SKU-1291-RH,LH,a_shaped,False,37.8,27.5,14.3,5.74,14.86,7.73,R2,R2,28.8,44,252.6,340.1
SKU-1291-RH,Важіль a_shaped RH (R2),SKU-1291-LH,RH,a_shaped,False,37.8,27.5,14.3,5.74,14.86,7.73,R2,R2,28.1,43,246.8,332.4
SKU-1292-LH,Важіль curved LH (R2),SKU-1292-RH,LH,curved,False,32.9,13.8,7.6,2.99,3.45,1.45,R2,R2,26.0,39,116.6,56.5
SKU-1292-RH,Важіль curved RH (R2),SKU-1292-LH,RH,curved,False,32.9,13.8,7.6,2.99,3.45,1.45,R2,R2,25.1,38,113.6,55.1
SKU-1293-LH,Важіль trailing LH (R2),SKU-1293-RH,LH,trailing,False,68.4,9.0,7.8,2.6,4.8,1.82,R2,R2,23.4,36,93.6,65.5
SKU-1293-RH,Важіль trailing RH (R2),SKU-1293-LH,RH,trailing,False,68.4,9.0,7.8,2.6,4.8,1.82,R2,R2,23.9,36,93.6,65.5
SKU-1294-LH,Важіль a_shaped LH (R2),SKU-1294-RH,LH,a_shaped,False,46.4,41.2,11.8,5.98,22.56,11.73,R2,R2,24.3,37,221.3,434.0
SKU-1294-RH,Важіль a_shaped RH (R2),SKU-1294-LH,RH,a_shaped,False,46.4,41.2,11.8,5.98,22.56,11.73,R2,R2,23.2,35,209.3,410.6
SKU-1295-LH,Важіль curved LH (R2),SKU-1295-RH,LH,curved,False,31.8,15.7,5.3,1.85,2.65,1.11,R2,R2,22.1,34,62.9,37.7
SKU-1295-RH,Важіль curved RH (R2),SKU-1295-LH,RH,curved,False,31.8,15.7,5.3,1.85,2.65,1.11,R2,R2,21.0,32,59.2,35.5
SKU-1296-LH,Важіль trailing LH (R2),SKU-1296-RH,LH,trailing,False,57.1,9.1,6.1,2.53,3.17,1.2,R2,R2,23.2,35,88.5,42.0
SKU-1296-RH,Важіль trailing RH (R2),SKU-1296-LH,RH,trailing,False,57.1,9.1,6.1,2.53,3.17,1.2,R2,R2,23.2,35,88.5,42.0
SKU-1297-LH,Важіль straight_link LH (R2),SKU-1297-RH,LH,straight_link,False,18.5,4.4,5.2,1.2,0.42,0.12,R2,R2,24.9,38,45.6,4.6
SKU-1297-RH,Важіль straight_link RH (R2),SKU-1297-LH,RH,straight_link,False,18.5,4.4,5.2,1.2,0.42,0.12,R2,R2,24.5,37,44.4,4.4
SKU-1298-LH,Важіль straight_link LH (R2),SKU-1298-RH,LH,straight_link,False,23.6,4.3,6.2,0.51,0.63,0.18,R2,R2,22.2,34,17.3,6.1
SKU-1298-RH,Важіль straight_link RH (R2),SKU-1298-LH,RH,straight_link,False,23.6,4.3,6.2,0.51,0.63,0.18,R2,R2,22.8,35,17.9,6.3
SKU-1299-LH,Важіль a_shaped LH (R2),SKU-1299-RH,LH,a_shaped,False,47.2,41.9,8.1,4.48,16.02,8.33,R2,R2,22.6,34,152.3,283.2
SKU-1299-RH,Важіль a_shaped RH (R2),SKU-1299-LH,RH,a_shaped,False,47.2,41.9,8.1,4.48,16.02,8.33,R2,R2,22.6,34,152.3,283.2
SKU-1300-LH,Важіль heavy_integral LH (R2),SKU-1300-RH,LH,heavy_integral,False,72.8,22.1,12.5,9.74,20.11,13.67,R2,R2,30.2,46,448.0,628.8
SKU-1300-RH,Важіль heavy_integral RH (R2),SKU-1300-LH,RH,heavy_integral,False,72.8,22.1,12.5,9.74,20.11,13.67,R2,R2,28.3,43,418.8,587.8
SKU-1301-LH,Важіль curved LH (R2),SKU-1301-RH,LH,curved,False,26.8,13.1,5.4,2.69,1.9,0.8,R2,R2,25.4,39,104.9,31.2
SKU-1301-RH,Важіль curved RH (R2),SKU-1301-LH,RH,curved,False,26.8,13.1,5.4,2.69,1.9,0.8,R2,R2,26.0,39,104.9,31.2
SKU-1302-LH,Важіль a_shaped LH (R2),SKU-1302-RH,LH,a_shaped,False,41.9,27.9,10.4,6.0,12.16,6.32,R2,R2,18.2,28,168.0,177.0
SKU-1302-RH,Важіль a_shaped RH (R2),SKU-1302-LH,RH,a_shaped,False,41.9,27.9,10.4,6.0,12.16,6.32,R2,R2,18.6,28,168.0,177.0
SKU-1303-LH,Важіль curved LH (R2),SKU-1303-RH,LH,curved,False,36.7,18.1,7.2,2.67,4.78,2.01,R2,R2,18.3,28,74.8,56.3
SKU-1303-RH,Важіль curved RH (R2),SKU-1303-LH,RH,curved,False,36.7,18.1,7.2,2.67,4.78,2.01,R2,R2,18.7,29,77.4,58.3
SKU-1304-LH,Важіль straight_link LH (R2),SKU-1304-RH,LH,straight_link,False,30.2,6.5,4.4,1.3,0.86,0.24,R2,R2,18.8,29,37.7,7.0
SKU-1304-RH,Важіль straight_link RH (R2),SKU-1304-LH,RH,straight_link,False,30.2,6.5,4.4,1.3,0.86,0.24,R2,R2,18.3,28,36.4,6.7
SKU-1305-LH,Важіль straight_link LH (R2),SKU-1305-RH,LH,straight_link,True,23.9,5.0,5.7,0.98,0.68,0.71,R2,R2,18.0,27,26.5,19.2
SKU-1305-RH,Важіль straight_link RH (R2),SKU-1305-LH,RH,straight_link,True,23.9,5.0,5.7,0.98,0.68,0.71,R2,R2,18.6,28,27.4,19.9
SKU-1306-LH,Важіль trailing LH (R2),SKU-1306-RH,LH,trailing,False,71.0,9.3,8.4,3.55,5.55,2.11,R2,R2,23.5,36,127.8,76.0
SKU-1306-RH,Важіль trailing RH (R2),SKU-1306-LH,RH,trailing,False,71.0,9.3,8.4,3.55,5.55,2.11,R2,R2,22.7,35,124.2,73.8
SKU-1307-LH,Важіль a_shaped LH (R2),SKU-1307-RH,LH,a_shaped,False,48.6,33.1,13.4,6.23,21.56,11.21,R2,R2,29.2,44,274.1,493.2
SKU-1307-RH,Важіль a_shaped RH (R2),SKU-1307-LH,RH,a_shaped,False,48.6,33.1,13.4,6.23,21.56,11.21,R2,R2,28.1,43,267.9,482.0
SKU-1308-LH,Важіль a_shaped LH (R2),SKU-1308-RH,LH,a_shaped,False,45.3,31.9,11.8,5.86,17.05,8.87,R2,R2,26.0,39,228.5,345.9
SKU-1308-RH,Важіль a_shaped RH (R2),SKU-1308-LH,RH,a_shaped,False,45.3,31.9,11.8,5.86,17.05,8.87,R2,R2,25.6,39,228.5,345.9
SKU-1309-LH,Важіль a_shaped LH (R2),SKU-1309-RH,LH,a_shaped,False,38.3,40.2,9.8,4.09,15.09,7.85,R2,R2,18.5,28,114.5,219.8
SKU-1309-RH,Важіль a_shaped RH (R2),SKU-1309-LH,RH,a_shaped,False,38.3,40.2,9.8,4.09,15.09,7.85,R2,R2,18.5,28,114.5,219.8
SKU-1310-LH,Важіль a_shaped LH (R2),SKU-1310-RH,LH,a_shaped,False,37.1,32.6,9.5,5.77,11.49,5.97,R2,R2,25.0,38,219.3,226.9
SKU-1310-RH,Важіль a_shaped RH (R2),SKU-1310-LH,RH,a_shaped,False,37.1,32.6,9.5,5.77,11.49,5.97,R2,R2,24.7,38,219.3,226.9
SKU-1311-LH,Важіль straight_link LH (R2),SKU-1311-RH,LH,straight_link,False,24.4,6.4,4.5,0.89,0.7,0.2,R2,R2,18.3,28,24.9,5.6
SKU-1311-RH,Важіль straight_link RH (R2),SKU-1311-LH,RH,straight_link,False,24.4,6.4,4.5,0.89,0.7,0.2,R2,R2,19.0,29,25.8,5.8
SKU-1312-LH,Важіль straight_link LH (R2),SKU-1312-RH,LH,straight_link,False,18.5,4.1,5.4,0.56,0.41,0.11,R2,R2,18.7,29,16.2,3.2
SKU-1312-RH,Важіль straight_link RH (R2),SKU-1312-LH,RH,straight_link,False,18.5,4.1,5.4,0.56,0.41,0.11,R2,R2,18.2,28,15.7,3.1
SKU-1313-LH,Важіль straight_link LH (R2),SKU-1313-RH,LH,straight_link,False,30.6,4.4,7.3,0.71,0.98,0.27,R2,R2,28.9,44,31.2,11.9
SKU-1313-RH,Важіль straight_link RH (R2),SKU-1313-LH,RH,straight_link,False,30.6,4.4,7.3,0.71,0.98,0.27,R2,R2,29.4,45,31.9,12.2
SKU-1314-LH,Важіль a_shaped LH (R2),SKU-1314-RH,LH,a_shaped,False,40.6,41.4,10.1,4.83,16.98,8.83,R2,R2,22.2,34,164.2,300.2
SKU-1314-RH,Важіль a_shaped RH (R2),SKU-1314-LH,RH,a_shaped,False,40.6,41.4,10.1,4.83,16.98,8.83,R2,R2,21.5,33,159.4,291.4
SKU-1315-LH,Важіль a_shaped LH (R2),SKU-1315-RH,LH,a_shaped,False,44.7,38.2,13.7,5.01,23.39,12.16,R2,R2,21.2,32,160.3,389.1
SKU-1315-RH,Важіль a_shaped RH (R2),SKU-1315-LH,RH,a_shaped,False,44.7,38.2,13.7,5.01,23.39,12.16,R2,R2,21.1,32,160.3,389.1
SKU-1316-LH,Важіль trailing LH (R2),SKU-1316-RH,LH,trailing,True,60.9,7.4,8.9,3.27,4.01,4.21,R2,R2,22.3,34,111.2,143.1
SKU-1316-RH,Важіль trailing RH (R2),SKU-1316-LH,RH,trailing,True,60.9,7.4,8.9,3.27,4.01,4.21,R2,R2,21.5,33,107.9,138.9
SKU-1317-LH,Важіль curved LH (R2),SKU-1317-RH,LH,curved,False,36.0,15.9,7.4,3.39,4.24,1.78,R2,R2,28.8,44,149.2,78.3
SKU-1317-RH,Важіль curved RH (R2),SKU-1317-LH,RH,curved,False,36.0,15.9,7.4,3.39,4.24,1.78,R2,R2,28.7,44,149.2,78.3
SKU-1318-LH,Важіль straight_link LH (R2),SKU-1318-RH,LH,straight_link,False,20.8,5.4,4.1,0.88,0.46,0.13,R2,R2,24.0,36,31.7,4.7
SKU-1318-RH,Важіль straight_link RH (R2),SKU-1318-LH,RH,straight_link,False,20.8,5.4,4.1,0.88,0.46,0.13,R2,R2,25.4,39,34.3,5.1
SKU-1319-LH,Важіль heavy_integral LH (R2),SKU-1319-RH,LH,heavy_integral,False,73.1,21.3,17.0,6.76,26.47,18.0,R2,R2,26.7,41,277.2,738.0
SKU-1319-RH,Важіль heavy_integral RH (R2),SKU-1319-LH,RH,heavy_integral,False,73.1,21.3,17.0,6.76,26.47,18.0,R2,R2,28.1,43,290.7,774.0
SKU-1320-LH,Важіль a_shaped LH (R2),SKU-1320-RH,LH,a_shaped,False,50.0,41.1,8.2,5.08,16.85,8.76,R2,R2,29.7,45,228.6,394.2
SKU-1320-RH,Важіль a_shaped RH (R2),SKU-1320-LH,RH,a_shaped,False,50.0,41.1,8.2,5.08,16.85,8.76,R2,R2,30.6,46,233.7,403.0
SKU-1321-LH,Важіль heavy_integral LH (R2),SKU-1321-RH,LH,heavy_integral,False,62.0,18.9,11.6,9.48,13.59,9.24,R2,R2,22.7,35,331.8,323.4
SKU-1321-RH,Важіль heavy_integral RH (R2),SKU-1321-LH,RH,heavy_integral,False,62.0,18.9,11.6,9.48,13.59,9.24,R2,R2,22.6,34,322.3,314.2
SKU-1322-LH,Важіль a_shaped LH (R2),SKU-1322-RH,LH,a_shaped,False,49.8,41.7,10.3,6.25,21.39,11.12,R2,R2,27.3,41,256.2,455.9
SKU-1322-RH,Важіль a_shaped RH (R2),SKU-1322-LH,RH,a_shaped,False,49.8,41.7,10.3,6.25,21.39,11.12,R2,R2,28.2,43,268.8,478.2
SKU-1323-LH,Важіль a_shaped LH (R2),SKU-1323-RH,LH,a_shaped,False,37.7,39.7,10.5,6.31,15.72,8.17,R2,R2,27.7,42,265.0,343.1
SKU-1323-RH,Важіль a_shaped RH (R2),SKU-1323-LH,RH,a_shaped,False,37.7,39.7,10.5,6.31,15.72,8.17,R2,R2,29.6,45,283.9,367.6
SKU-1324-LH,Важіль straight_link LH (R2),SKU-1324-RH,LH,straight_link,False,25.1,6.2,7.2,0.42,1.12,0.31,R2,R2,24.1,37,15.5,11.5
SKU-1324-RH,Важіль straight_link RH (R2),SKU-1324-LH,RH,straight_link,False,25.1,6.2,7.2,0.42,1.12,0.31,R2,R2,24.1,37,15.5,11.5
SKU-1325-LH,Важіль a_shaped LH (R2),SKU-1325-RH,LH,a_shaped,False,38.2,30.8,9.9,6.17,11.65,6.06,R2,R2,20.9,32,197.4,193.9
SKU-1325-RH,Важіль a_shaped RH (R2),SKU-1325-LH,RH,a_shaped,False,38.2,30.8,9.9,6.17,11.65,6.06,R2,R2,22.1,34,209.8,206.0
SKU-1326-LH,Важіль trailing LH (R2),SKU-1326-RH,LH,trailing,True,77.9,9.4,8.3,2.72,6.08,6.38,R2,R2,18.5,28,76.2,178.6
SKU-1326-RH,Важіль trailing RH (R2),SKU-1326-LH,RH,trailing,True,77.9,9.4,8.3,2.72,6.08,6.38,R2,R2,18.7,29,78.9,185.0
SKU-1327-LH,Важіль heavy_integral LH (R2),SKU-1327-RH,LH,heavy_integral,False,54.6,23.5,16.2,9.03,20.79,14.14,R2,R2,27.9,42,379.3,593.9
SKU-1327-RH,Важіль heavy_integral RH (R2),SKU-1327-LH,RH,heavy_integral,False,54.6,23.5,16.2,9.03,20.79,14.14,R2,R2,27.4,42,379.3,593.9
SKU-1328-LH,Важіль a_shaped LH (R2),SKU-1328-RH,LH,a_shaped,False,43.8,27.2,10.3,4.9,12.27,6.38,R2,R2,18.6,28,137.2,178.6
SKU-1328-RH,Важіль a_shaped RH (R2),SKU-1328-LH,RH,a_shaped,False,43.8,27.2,10.3,4.9,12.27,6.38,R2,R2,18.2,28,137.2,178.6
SKU-1329-LH,Важіль a_shaped LH (R2),SKU-1329-RH,LH,a_shaped,False,51.2,27.2,14.6,5.27,20.33,10.57,R2,R2,20.9,32,168.6,338.2
SKU-1329-RH,Важіль a_shaped RH (R2),SKU-1329-LH,RH,a_shaped,False,51.2,27.2,14.6,5.27,20.33,10.57,R2,R2,21.6,33,173.9,348.8
SKU-1330-LH,Важіль a_shaped LH (R2),SKU-1330-RH,LH,a_shaped,False,47.3,26.8,7.6,4.89,9.63,5.01,R2,R2,21.1,32,156.5,160.3
SKU-1330-RH,Важіль a_shaped RH (R2),SKU-1330-LH,RH,a_shaped,False,47.3,26.8,7.6,4.89,9.63,5.01,R2,R2,21.2,32,156.5,160.3
SKU-1331-LH,Важіль trailing LH (R2),SKU-1331-RH,LH,trailing,False,76.2,8.0,8.6,2.78,5.24,1.99,R2,R2,23.2,35,97.3,69.7
SKU-1331-RH,Важіль trailing RH (R2),SKU-1331-LH,RH,trailing,False,76.2,8.0,8.6,2.78,5.24,1.99,R2,R2,24.0,36,100.1,71.6
SKU-1332-LH,Важіль a_shaped LH (R2),SKU-1332-RH,LH,a_shaped,False,45.7,31.7,12.2,3.99,17.67,9.19,R2,R2,28.7,44,175.6,404.4
SKU-1332-RH,Важіль a_shaped RH (R2),SKU-1332-LH,RH,a_shaped,False,45.7,31.7,12.2,3.99,17.67,9.19,R2,R2,28.5,43,171.6,395.2
SKU-1333-LH,Важіль straight_link LH (R2),SKU-1333-RH,LH,straight_link,False,26.7,4.3,6.4,0.64,0.73,0.2,R2,R2,27.3,41,26.2,8.2
SKU-1333-RH,Важіль straight_link RH (R2),SKU-1333-LH,RH,straight_link,False,26.7,4.3,6.4,0.64,0.73,0.2,R2,R2,27.2,41,26.2,8.2
SKU-1334-LH,Важіль a_shaped LH (R2),SKU-1334-RH,LH,a_shaped,False,44.3,28.3,13.2,4.47,16.55,8.61,R2,R2,23.5,36,160.9,310.0
SKU-1334-RH,Важіль a_shaped RH (R2),SKU-1334-LH,RH,a_shaped,False,44.3,28.3,13.2,4.47,16.55,8.61,R2,R2,23.3,35,156.4,301.3
SKU-1335-LH,Важіль a_shaped LH (R2),SKU-1335-RH,LH,a_shaped,False,36.9,38.0,9.5,3.6,13.32,6.93,R2,R2,23.3,35,126.0,242.5
SKU-1335-RH,Важіль a_shaped RH (R2),SKU-1335-LH,RH,a_shaped,False,36.9,38.0,9.5,3.6,13.32,6.93,R2,R2,23.7,36,129.6,249.5
SKU-1336-LH,Важіль straight_link LH (R2),SKU-1336-RH,LH,straight_link,False,18.9,6.9,4.0,0.65,0.52,0.15,R2,R2,26.5,40,26.0,6.0
SKU-1336-RH,Важіль straight_link RH (R2),SKU-1336-LH,RH,straight_link,False,18.9,6.9,4.0,0.65,0.52,0.15,R2,R2,26.0,39,25.4,5.8
SKU-1337-LH,Важіль a_shaped LH (R2),SKU-1337-RH,LH,a_shaped,False,40.3,39.5,9.5,6.12,15.12,7.86,R2,R2,28.6,43,263.2,338.0
SKU-1337-RH,Важіль a_shaped RH (R2),SKU-1337-LH,RH,a_shaped,False,40.3,39.5,9.5,6.12,15.12,7.86,R2,R2,29.6,45,275.4,353.7
SKU-1338-LH,Важіль curved LH (R2),SKU-1338-RH,LH,curved,False,41.4,11.1,9.1,2.49,4.18,1.76,R2,R2,22.9,35,87.2,61.6
SKU-1338-RH,Важіль curved RH (R2),SKU-1338-LH,RH,curved,False,41.4,11.1,9.1,2.49,4.18,1.76,R2,R2,23.0,35,87.2,61.6
SKU-1339-LH,Важіль trailing LH (R2),SKU-1339-RH,LH,trailing,True,56.3,9.6,7.7,4.13,4.16,4.37,R2,R2,28.1,43,177.6,187.9
SKU-1339-RH,Важіль trailing RH (R2),SKU-1339-LH,RH,trailing,True,56.3,9.6,7.7,4.13,4.16,4.37,R2,R2,27.6,42,173.5,183.5
SKU-1340-LH,Важіль a_shaped LH (R2),SKU-1340-RH,LH,a_shaped,False,37.7,38.5,12.2,3.75,17.71,9.21,R2,R2,23.1,35,131.2,322.4
SKU-1340-RH,Важіль a_shaped RH (R2),SKU-1340-LH,RH,a_shaped,False,37.7,38.5,12.2,3.75,17.71,9.21,R2,R2,22.3,34,127.5,313.1
SKU-1341-LH,Важіль straight_link LH (R2),SKU-1341-RH,LH,straight_link,False,24.4,4.7,5.3,0.77,0.61,0.17,R2,R2,19.0,29,22.3,4.9
SKU-1341-RH,Важіль straight_link RH (R2),SKU-1341-LH,RH,straight_link,False,24.4,4.7,5.3,0.77,0.61,0.17,R2,R2,18.5,28,21.6,4.8
SKU-1342-LH,Важіль straight_link LH (R2),SKU-1342-RH,LH,straight_link,False,29.9,4.7,6.3,0.87,0.89,0.25,R2,R2,27.9,42,36.5,10.5
SKU-1342-RH,Важіль straight_link RH (R2),SKU-1342-LH,RH,straight_link,False,29.9,4.7,6.3,0.87,0.89,0.25,R2,R2,29.0,44,38.3,11.0
SKU-1343-LH,Важіль straight_link LH (R2),SKU-1343-RH,LH,straight_link,False,22.1,4.5,6.3,1.14,0.63,0.18,R2,R2,22.0,33,37.6,5.9
SKU-1343-RH,Важіль straight_link RH (R2),SKU-1343-LH,RH,straight_link,False,22.1,4.5,6.3,1.14,0.63,0.18,R2,R2,21.6,33,37.6,5.9
SKU-1344-LH,Важіль trailing LH (R2),SKU-1344-RH,LH,trailing,False,57.2,10.5,6.1,2.87,3.66,1.39,R2,R2,18.1,28,80.4,38.9
SKU-1344-RH,Важіль trailing RH (R2),SKU-1344-LH,RH,trailing,False,57.2,10.5,6.1,2.87,3.66,1.39,R2,R2,18.7,29,83.2,40.3
SKU-1345-LH,Важіль a_shaped LH (R2),SKU-1345-RH,LH,a_shaped,False,49.4,26.2,10.0,4.68,12.94,6.73,R2,R2,17.7,27,126.4,181.7
SKU-1345-RH,Важіль a_shaped RH (R2),SKU-1345-LH,RH,a_shaped,False,49.4,26.2,10.0,4.68,12.94,6.73,R2,R2,18.1,28,131.0,188.4
SKU-1346-LH,Важіль heavy_integral LH (R2),SKU-1346-RH,LH,heavy_integral,False,62.9,21.3,14.8,6.24,19.83,13.48,R2,R2,24.4,37,230.9,498.8
SKU-1346-RH,Важіль heavy_integral RH (R2),SKU-1346-LH,RH,heavy_integral,False,62.9,21.3,14.8,6.24,19.83,13.48,R2,R2,23.6,36,224.6,485.3
SKU-1347-LH,Важіль trailing LH (R2),SKU-1347-RH,LH,trailing,False,60.1,9.9,8.1,3.19,4.82,1.83,R2,R2,28.8,44,140.4,80.5
SKU-1347-RH,Важіль trailing RH (R2),SKU-1347-LH,RH,trailing,False,60.1,9.9,8.1,3.19,4.82,1.83,R2,R2,28.6,43,137.2,78.7
SKU-1348-LH,Важіль curved LH (R2),SKU-1348-RH,LH,curved,False,38.9,11.4,6.6,1.63,2.93,1.23,R2,R2,22.0,33,53.8,40.6
SKU-1348-RH,Важіль curved RH (R2),SKU-1348-LH,RH,curved,False,38.9,11.4,6.6,1.63,2.93,1.23,R2,R2,21.6,33,53.8,40.6
SKU-1349-LH,Важіль trailing LH (R2),SKU-1349-RH,LH,trailing,False,61.7,6.0,6.2,3.46,2.3,0.87,R2,R2,30.5,46,159.2,40.0
SKU-1349-RH,Важіль trailing RH (R2),SKU-1349-LH,RH,trailing,False,61.7,6.0,6.2,3.46,2.3,0.87,R2,R2,28.6,43,148.8,37.4
SKU-1350-LH,Важіль heavy_integral LH (R2),SKU-1350-RH,LH,heavy_integral,False,75.1,23.8,13.7,7.91,24.49,16.65,R2,R2,20.9,32,253.1,532.8
SKU-1350-RH,Важіль heavy_integral RH (R2),SKU-1350-LH,RH,heavy_integral,False,75.1,23.8,13.7,7.91,24.49,16.65,R2,R2,21.2,32,253.1,532.8
SKU-1351-LH,Важіль curved LH (R2),SKU-1351-RH,LH,curved,False,33.7,19.0,7.8,1.7,4.99,2.1,R2,R2,30.5,46,78.2,96.6
SKU-1351-RH,Важіль curved RH (R2),SKU-1351-LH,RH,curved,False,33.7,19.0,7.8,1.7,4.99,2.1,R2,R2,30.2,46,78.2,96.6
SKU-1352-LH,Важіль heavy_integral LH (R2),SKU-1352-RH,LH,heavy_integral,False,67.4,25.6,10.6,7.77,18.29,12.44,R2,R2,20.2,31,240.9,385.6
SKU-1352-RH,Важіль heavy_integral RH (R2),SKU-1352-LH,RH,heavy_integral,False,67.4,25.6,10.6,7.77,18.29,12.44,R2,R2,20.1,31,240.9,385.6
SKU-1353-LH,Важіль straight_link LH (R2),SKU-1353-RH,LH,straight_link,False,28.9,6.0,4.5,1.21,0.78,0.22,R2,R2,25.4,39,47.2,8.6
SKU-1353-RH,Важіль straight_link RH (R2),SKU-1353-LH,RH,straight_link,False,28.9,6.0,4.5,1.21,0.78,0.22,R2,R2,26.0,39,47.2,8.6
SKU-1354-LH,Важіль heavy_integral LH (R2),SKU-1354-RH,LH,heavy_integral,False,61.0,25.2,12.3,8.22,18.91,12.86,R2,R2,29.2,44,361.7,565.8
SKU-1354-RH,Важіль heavy_integral RH (R2),SKU-1354-LH,RH,heavy_integral,False,61.0,25.2,12.3,8.22,18.91,12.86,R2,R2,27.7,42,345.2,540.1
SKU-1355-LH,Важіль straight_link LH (R2),SKU-1355-RH,LH,straight_link,False,18.1,6.2,5.6,0.53,0.63,0.18,R2,R2,29.6,45,23.9,8.1
SKU-1355-RH,Важіль straight_link RH (R2),SKU-1355-LH,RH,straight_link,False,18.1,6.2,5.6,0.53,0.63,0.18,R2,R2,28.9,44,23.3,7.9
SKU-1356-LH,Важіль heavy_integral LH (R2),SKU-1356-RH,LH,heavy_integral,False,71.7,16.8,12.2,9.67,14.7,10.0,R2,R2,23.6,36,348.1,360.0
SKU-1356-RH,Важіль heavy_integral RH (R2),SKU-1356-LH,RH,heavy_integral,False,71.7,16.8,12.2,9.67,14.7,10.0,R2,R2,23.4,36,348.1,360.0
SKU-1357-LH,Важіль trailing LH (R2),SKU-1357-RH,LH,trailing,True,56.3,8.2,5.8,2.2,2.68,2.81,R2,R2,29.2,44,96.8,123.6
SKU-1357-RH,Важіль trailing RH (R2),SKU-1357-LH,RH,trailing,True,56.3,8.2,5.8,2.2,2.68,2.81,R2,R2,28.8,44,96.8,123.6
SKU-1358-LH,Важіль straight_link LH (R2),SKU-1358-RH,LH,straight_link,False,21.4,7.4,4.7,1.35,0.74,0.21,R2,R2,30.4,46,62.1,9.7
SKU-1358-RH,Важіль straight_link RH (R2),SKU-1358-LH,RH,straight_link,False,21.4,7.4,4.7,1.35,0.74,0.21,R2,R2,31.1,47,63.5,9.9
SKU-1359-LH,Важіль trailing LH (R2),SKU-1359-RH,LH,trailing,False,58.7,8.2,7.4,2.25,3.56,1.35,R2,R2,26.4,40,90.0,54.0
SKU-1359-RH,Важіль trailing RH (R2),SKU-1359-LH,RH,trailing,False,58.7,8.2,7.4,2.25,3.56,1.35,R2,R2,24.8,38,85.5,51.3
SKU-1360-LH,Важіль a_shaped LH (R2),SKU-1360-RH,LH,a_shaped,False,50.5,41.1,14.7,5.27,30.51,15.87,R2,R2,30.3,46,242.4,730.0
SKU-1360-RH,Важіль a_shaped RH (R2),SKU-1360-LH,RH,a_shaped,False,50.5,41.1,14.7,5.27,30.51,15.87,R2,R2,28.9,44,231.9,698.3
SKU-1361-LH,Важіль trailing LH (R2),SKU-1361-RH,LH,trailing,False,70.7,7.2,7.6,3.5,3.87,1.47,R2,R2,20.1,31,108.5,45.6
SKU-1361-RH,Важіль trailing RH (R2),SKU-1361-LH,RH,trailing,False,70.7,7.2,7.6,3.5,3.87,1.47,R2,R2,20.4,31,108.5,45.6
SKU-1362-LH,Важіль curved LH (R2),SKU-1362-RH,LH,curved,False,26.2,10.1,7.1,3.27,1.88,0.79,R2,R2,21.0,32,104.6,25.3
SKU-1362-RH,Важіль curved RH (R2),SKU-1362-LH,RH,curved,False,26.2,10.1,7.1,3.27,1.88,0.79,R2,R2,20.3,31,101.4,24.5
SKU-1363-LH,Важіль curved LH (R2),SKU-1363-RH,LH,curved,False,39.6,18.7,5.6,2.37,4.15,1.74,R2,R2,18.3,28,66.4,48.7
SKU-1363-RH,Важіль curved RH (R2),SKU-1363-LH,RH,curved,False,39.6,18.7,5.6,2.37,4.15,1.74,R2,R2,18.6,28,66.4,48.7
SKU-1364-LH,Важіль trailing LH (R2),SKU-1364-RH,LH,trailing,False,59.5,8.0,8.7,4.19,4.14,1.57,R2,R2,18.9,29,121.5,45.5
SKU-1364-RH,Важіль trailing RH (R2),SKU-1364-LH,RH,trailing,False,59.5,8.0,8.7,4.19,4.14,1.57,R2,R2,18.3,28,117.3,44.0
SKU-1365-LH,Важіль curved LH (R2),SKU-1365-RH,LH,curved,False,38.1,21.0,10.7,2.64,8.56,3.6,R2,R2,22.8,35,92.4,126.0
SKU-1365-RH,Важіль curved RH (R2),SKU-1365-LH,RH,curved,False,38.1,21.0,10.7,2.64,8.56,3.6,R2,R2,21.8,33,87.1,118.8
SKU-1366-LH,Важіль trailing LH (R2),SKU-1366-RH,LH,trailing,False,61.3,9.3,6.0,2.5,3.42,1.3,R2,R2,28.1,43,107.5,55.9
SKU-1366-RH,Важіль trailing RH (R2),SKU-1366-LH,RH,trailing,False,61.3,9.3,6.0,2.5,3.42,1.3,R2,R2,29.0,44,110.0,57.2
SKU-1367-LH,Важіль a_shaped LH (R2),SKU-1367-RH,LH,a_shaped,False,36.6,26.6,8.4,6.37,8.18,4.25,R2,R2,22.2,34,216.6,144.5
SKU-1367-RH,Важіль a_shaped RH (R2),SKU-1367-LH,RH,a_shaped,False,36.6,26.6,8.4,6.37,8.18,4.25,R2,R2,21.5,33,210.2,140.2
SKU-1368-LH,Важіль straight_link LH (R2),SKU-1368-RH,LH,straight_link,False,26.1,5.8,6.7,0.68,1.01,0.28,R2,R2,22.9,35,23.8,9.8
SKU-1368-RH,Важіль straight_link RH (R2),SKU-1368-LH,RH,straight_link,False,26.1,5.8,6.7,0.68,1.01,0.28,R2,R2,23.0,35,23.8,9.8
SKU-1369-LH,Важіль heavy_integral LH (R2),SKU-1369-RH,LH,heavy_integral,False,63.4,23.8,13.8,8.34,20.82,14.16,R2,R2,20.6,31,258.5,439.0
SKU-1369-RH,Важіль heavy_integral RH (R2),SKU-1369-LH,RH,heavy_integral,False,63.4,23.8,13.8,8.34,20.82,14.16,R2,R2,19.9,30,250.2,424.8
SKU-1370-LH,Важіль curved LH (R2),SKU-1370-RH,LH,curved,False,39.7,12.5,5.4,1.72,2.68,1.13,R2,R2,29.3,44,75.7,49.7
SKU-1370-RH,Важіль curved RH (R2),SKU-1370-LH,RH,curved,False,39.7,12.5,5.4,1.72,2.68,1.13,R2,R2,29.1,44,75.7,49.7
SKU-1371-LH,Важіль a_shaped LH (R2),SKU-1371-RH,LH,a_shaped,False,49.4,31.3,12.5,6.07,19.33,10.05,R2,R2,25.1,38,230.7,381.9
SKU-1371-RH,Важіль a_shaped RH (R2),SKU-1371-LH,RH,a_shaped,False,49.4,31.3,12.5,6.07,19.33,10.05,R2,R2,26.6,40,242.8,402.0
SKU-1372-LH,Важіль a_shaped LH (R2),SKU-1372-RH,LH,a_shaped,False,40.5,32.8,7.3,4.01,9.7,5.04,R2,R2,26.1,40,160.4,201.6
SKU-1372-RH,Важіль a_shaped RH (R2),SKU-1372-LH,RH,a_shaped,False,40.5,32.8,7.3,4.01,9.7,5.04,R2,R2,27.0,41,164.4,206.6
SKU-1373-LH,Важіль curved LH (R2),SKU-1373-RH,LH,curved,False,26.9,21.7,6.4,2.15,3.74,1.57,R2,R2,21.2,32,68.8,50.2
SKU-1373-RH,Важіль curved RH (R2),SKU-1373-LH,RH,curved,False,26.9,21.7,6.4,2.15,3.74,1.57,R2,R2,20.8,32,68.8,50.2
SKU-1374-LH,Важіль trailing LH (R2),SKU-1374-RH,LH,trailing,False,77.1,7.1,7.7,3.66,4.22,1.6,R2,R2,28.0,42,153.7,67.2
SKU-1374-RH,Важіль trailing RH (R2),SKU-1374-LH,RH,trailing,False,77.1,7.1,7.7,3.66,4.22,1.6,R2,R2,27.7,42,153.7,67.2
SKU-1375-LH,Важіль straight_link LH (R2),SKU-1375-RH,LH,straight_link,False,28.0,6.9,4.6,0.77,0.89,0.25,R2,R2,29.5,45,34.6,11.2
SKU-1375-RH,Важіль straight_link RH (R2),SKU-1375-LH,RH,straight_link,False,28.0,6.9,4.6,0.77,0.89,0.25,R2,R2,29.9,45,34.6,11.2
SKU-1376-LH,Важіль curved LH (R2),SKU-1376-RH,LH,curved,False,32.3,17.1,9.0,1.74,4.97,2.09,R2,R2,24.9,38,66.1,79.4
SKU-1376-RH,Важіль curved RH (R2),SKU-1376-LH,RH,curved,False,32.3,17.1,9.0,1.74,4.97,2.09,R2,R2,23.9,36,62.6,75.2
SKU-1377-LH,Важіль trailing LH (R2),SKU-1377-RH,LH,trailing,False,67.2,10.8,5.2,2.66,3.77,1.43,R2,R2,24.8,38,101.1,54.3
SKU-1377-RH,Важіль trailing RH (R2),SKU-1377-LH,RH,trailing,False,67.2,10.8,5.2,2.66,3.77,1.43,R2,R2,25.7,39,103.7,55.8
SKU-1378-LH,Важіль trailing LH (R2),SKU-1378-RH,LH,trailing,False,54.7,8.6,7.0,2.88,3.29,1.25,R2,R2,30.0,45,129.6,56.2
SKU-1378-RH,Важіль trailing RH (R2),SKU-1378-LH,RH,trailing,False,54.7,8.6,7.0,2.88,3.29,1.25,R2,R2,29.7,45,129.6,56.2
SKU-1379-LH,Важіль a_shaped LH (R2),SKU-1379-RH,LH,a_shaped,False,43.4,40.7,12.6,5.93,22.26,11.58,R2,R2,27.8,42,249.1,486.4
SKU-1379-RH,Важіль a_shaped RH (R2),SKU-1379-LH,RH,a_shaped,False,43.4,40.7,12.6,5.93,22.26,11.58,R2,R2,29.0,44,260.9,509.5
SKU-1380-LH,Важіль a_shaped LH (R2),SKU-1380-RH,LH,a_shaped,False,41.5,31.4,14.8,6.34,19.29,10.03,R2,R2,26.9,41,259.9,411.2
SKU-1380-RH,Важіль a_shaped RH (R2),SKU-1380-LH,RH,a_shaped,False,41.5,31.4,14.8,6.34,19.29,10.03,R2,R2,26.5,40,253.6,401.2
SKU-1381-LH,Важіль trailing LH (R2),SKU-1381-RH,LH,trailing,False,64.9,7.9,5.7,3.75,2.92,1.11,R2,R2,26.6,40,150.0,44.4
SKU-1381-RH,Важіль trailing RH (R2),SKU-1381-LH,RH,trailing,False,64.9,7.9,5.7,3.75,2.92,1.11,R2,R2,25.8,39,146.2,43.3
SKU-1382-LH,Важіль trailing LH (R2),SKU-1382-RH,LH,trailing,False,52.3,9.5,8.9,3.02,4.42,1.68,R2,R2,21.2,32,96.6,53.8
SKU-1382-RH,Важіль trailing RH (R2),SKU-1382-LH,RH,trailing,False,52.3,9.5,8.9,3.02,4.42,1.68,R2,R2,21.3,32,96.6,53.8
SKU-1383-LH,Важіль trailing LH (R2),SKU-1383-RH,LH,trailing,False,77.1,6.3,7.0,3.61,3.4,1.29,R2,R2,27.6,42,151.6,54.2
SKU-1383-RH,Важіль trailing RH (R2),SKU-1383-LH,RH,trailing,False,77.1,6.3,7.0,3.61,3.4,1.29,R2,R2,29.0,44,158.8,56.8
SKU-1384-LH,Важіль trailing LH (R2),SKU-1384-RH,LH,trailing,False,62.3,6.7,8.5,2.43,3.55,1.35,R2,R2,21.4,33,80.2,44.6
SKU-1384-RH,Важіль trailing RH (R2),SKU-1384-LH,RH,trailing,False,62.3,6.7,8.5,2.43,3.55,1.35,R2,R2,22.4,34,82.6,45.9
SKU-1385-LH,Важіль trailing LH (R2),SKU-1385-RH,LH,trailing,False,72.7,7.3,7.5,3.3,3.98,1.51,R2,R2,28.9,44,145.2,66.4
SKU-1385-RH,Важіль trailing RH (R2),SKU-1385-LH,RH,trailing,False,72.7,7.3,7.5,3.3,3.98,1.51,R2,R2,26.9,41,135.3,61.9
SKU-1386-LH,Важіль straight_link LH (R2),SKU-1386-RH,LH,straight_link,False,18.7,5.9,5.0,0.71,0.55,0.15,R2,R2,22.5,34,24.1,5.1
SKU-1386-RH,Важіль straight_link RH (R2),SKU-1386-LH,RH,straight_link,False,18.7,5.9,5.0,0.71,0.55,0.15,R2,R2,21.9,33,23.4,5.0
SKU-1387-LH,Важіль trailing LH (R2),SKU-1387-RH,LH,trailing,False,62.5,6.3,8.1,2.7,3.19,1.21,R2,R2,23.5,36,97.2,43.6
SKU-1387-RH,Важіль trailing RH (R2),SKU-1387-LH,RH,trailing,False,62.5,6.3,8.1,2.7,3.19,1.21,R2,R2,22.9,35,94.5,42.4
SKU-1388-LH,Важіль heavy_integral LH (R2),SKU-1388-RH,LH,heavy_integral,True,62.0,25.4,15.1,9.09,23.78,24.97,R2,R2,25.0,38,345.4,948.9
SKU-1388-RH,Важіль heavy_integral RH (R2),SKU-1388-LH,RH,heavy_integral,True,62.0,25.4,15.1,9.09,23.78,24.97,R2,R2,25.4,39,354.5,973.8
SKU-1389-LH,Важіль curved LH (R2),SKU-1389-RH,LH,curved,False,27.6,13.3,6.7,2.38,2.46,1.03,R2,R2,28.7,44,104.7,45.3
SKU-1389-RH,Важіль curved RH (R2),SKU-1389-LH,RH,curved,False,27.6,13.3,6.7,2.38,2.46,1.03,R2,R2,29.8,45,107.1,46.4
SKU-1390-LH,Важіль heavy_integral LH (R2),SKU-1390-RH,LH,heavy_integral,False,81.1,17.1,13.2,9.37,18.31,12.45,R2,R2,26.3,40,374.8,498.0
SKU-1390-RH,Важіль heavy_integral RH (R2),SKU-1390-LH,RH,heavy_integral,False,81.1,17.1,13.2,9.37,18.31,12.45,R2,R2,26.1,40,374.8,498.0
SKU-1391-LH,Важіль curved LH (R2),SKU-1391-RH,LH,curved,False,30.2,12.5,7.9,2.08,2.98,1.25,R2,R2,21.7,33,68.6,41.2
SKU-1391-RH,Важіль curved RH (R2),SKU-1391-LH,RH,curved,False,30.2,12.5,7.9,2.08,2.98,1.25,R2,R2,22.3,34,70.7,42.5
SKU-1392-LH,Важіль trailing LH (R2),SKU-1392-RH,LH,trailing,False,54.0,6.4,8.8,2.72,3.04,1.16,R2,R2,19.3,29,78.9,33.6
SKU-1392-RH,Важіль trailing RH (R2),SKU-1392-LH,RH,trailing,False,54.0,6.4,8.8,2.72,3.04,1.16,R2,R2,19.3,29,78.9,33.6
SKU-1393-LH,Важіль curved LH (R2),SKU-1393-RH,LH,curved,False,30.3,10.2,10.8,2.05,3.34,1.4,R2,R2,26.5,40,82.0,56.0
SKU-1393-RH,Важіль curved RH (R2),SKU-1393-LH,RH,curved,False,30.3,10.2,10.8,2.05,3.34,1.4,R2,R2,26.3,40,82.0,56.0
SKU-1394-LH,Важіль straight_link LH (R2),SKU-1394-RH,LH,straight_link,False,21.8,6.1,7.0,1.35,0.93,0.26,R2,R2,18.7,29,39.2,7.5
SKU-1394-RH,Важіль straight_link RH (R2),SKU-1394-LH,RH,straight_link,False,21.8,6.1,7.0,1.35,0.93,0.26,R2,R2,20.0,30,40.5,7.8
SKU-1395-LH,Важіль trailing LH (R2),SKU-1395-RH,LH,trailing,False,75.0,7.0,7.4,3.57,3.88,1.47,R2,R2,26.0,39,139.2,57.3
SKU-1395-RH,Важіль trailing RH (R2),SKU-1395-LH,RH,trailing,False,75.0,7.0,7.4,3.57,3.88,1.47,R2,R2,25.1,38,135.7,55.9
SKU-1396-LH,Важіль trailing LH (R2),SKU-1396-RH,LH,trailing,False,58.6,8.3,8.8,2.94,4.28,1.63,R2,R2,27.4,42,123.5,68.5
SKU-1396-RH,Важіль trailing RH (R2),SKU-1396-LH,RH,trailing,False,58.6,8.3,8.8,2.94,4.28,1.63,R2,R2,28.5,43,126.4,70.1
SKU-1397-LH,Важіль curved LH (R2),SKU-1397-RH,LH,curved,False,27.6,10.1,7.6,1.77,2.12,0.89,R2,R2,27.9,42,74.3,37.4
SKU-1397-RH,Важіль curved RH (R2),SKU-1397-LH,RH,curved,False,27.6,10.1,7.6,1.77,2.12,0.89,R2,R2,26.8,41,72.6,36.5
SKU-1398-LH,Важіль curved LH (R2),SKU-1398-RH,LH,curved,False,33.0,18.7,5.1,2.66,3.15,1.32,R2,R2,25.6,39,103.7,51.5
SKU-1398-RH,Важіль curved RH (R2),SKU-1398-LH,RH,curved,False,33.0,18.7,5.1,2.66,3.15,1.32,R2,R2,24.8,38,101.1,50.2
SKU-1399-LH,Важіль curved LH (R2),SKU-1399-RH,LH,curved,False,27.5,12.4,10.3,2.93,3.51,1.47,R2,R2,17.8,27,79.1,39.7
SKU-1399-RH,Важіль curved RH (R2),SKU-1399-LH,RH,curved,False,27.5,12.4,10.3,2.93,3.51,1.47,R2,R2,17.7,27,79.1,39.7
SKU-1400-LH,Важіль trailing LH (R2),SKU-1400-RH,LH,trailing,False,58.4,6.3,6.8,3.64,2.5,0.95,R2,R2,25.6,39,142.0,37.0
SKU-1400-RH,Важіль trailing RH (R2),SKU-1400-LH,RH,trailing,False,58.4,6.3,6.8,3.64,2.5,0.95,R2,R2,24.4,37,134.7,35.1
SKU-1401-LH,Важіль straight_link LH (R2),SKU-1401-RH,LH,straight_link,False,29.7,6.8,6.9,1.33,1.39,0.39,R2,R2,23.9,36,47.9,14.0
SKU-1401-RH,Важіль straight_link RH (R2),SKU-1401-LH,RH,straight_link,False,29.7,6.8,6.9,1.33,1.39,0.39,R2,R2,24.8,38,50.5,14.8
SKU-1402-LH,Важіль curved LH (R2),SKU-1402-RH,LH,curved,False,37.8,16.3,5.4,2.27,3.33,1.4,R2,R2,29.2,44,99.9,61.6
SKU-1402-RH,Важіль curved RH (R2),SKU-1402-LH,RH,curved,False,37.8,16.3,5.4,2.27,3.33,1.4,R2,R2,29.1,44,99.9,61.6
SKU-1403-LH,Важіль heavy_integral LH (R2),SKU-1403-RH,LH,heavy_integral,False,61.8,25.0,15.3,9.59,23.64,16.08,R2,R2,23.7,36,345.2,578.9
SKU-1403-RH,Важіль heavy_integral RH (R2),SKU-1403-LH,RH,heavy_integral,False,61.8,25.0,15.3,9.59,23.64,16.08,R2,R2,23.0,35,335.6,562.8
SKU-1404-LH,Важіль a_shaped LH (R2),SKU-1404-RH,LH,a_shaped,False,42.8,33.1,12.2,6.6,17.28,8.99,R2,R2,19.3,29,191.4,260.7
SKU-1404-RH,Важіль a_shaped RH (R2),SKU-1404-LH,RH,a_shaped,False,42.8,33.1,12.2,6.6,17.28,8.99,R2,R2,18.5,28,184.8,251.7
SKU-1405-LH,Важіль straight_link LH (R2),SKU-1405-RH,LH,straight_link,False,18.3,5.1,5.8,0.46,0.54,0.15,R2,R2,24.7,38,17.5,5.7
SKU-1405-RH,Важіль straight_link RH (R2),SKU-1405-LH,RH,straight_link,False,18.3,5.1,5.8,0.46,0.54,0.15,R2,R2,23.1,35,16.1,5.2
SKU-1406-LH,Важіль straight_link LH (R2),SKU-1406-RH,LH,straight_link,False,23.7,6.3,4.9,0.56,0.73,0.2,R2,R2,19.2,29,16.2,5.8
SKU-1406-RH,Важіль straight_link RH (R2),SKU-1406-LH,RH,straight_link,False,23.7,6.3,4.9,0.56,0.73,0.2,R2,R2,19.4,30,16.8,6.0
SKU-1407-LH,Важіль curved LH (R2),SKU-1407-RH,LH,curved,False,40.1,19.8,9.1,1.8,7.23,3.04,R2,R2,21.1,32,57.6,97.3
SKU-1407-RH,Важіль curved RH (R2),SKU-1407-LH,RH,curved,False,40.1,19.8,9.1,1.8,7.23,3.04,R2,R2,21.0,32,57.6,97.3
SKU-1408-LH,Важіль curved LH (R2),SKU-1408-RH,LH,curved,False,34.6,14.3,7.1,3.09,3.51,1.47,R2,R2,27.0,41,126.7,60.3
SKU-1408-RH,Важіль curved RH (R2),SKU-1408-LH,RH,curved,False,34.6,14.3,7.1,3.09,3.51,1.47,R2,R2,28.4,43,132.9,63.2
SKU-1409-LH,Важіль trailing LH (R2),SKU-1409-RH,LH,trailing,False,60.5,7.8,7.0,4.08,3.3,1.25,R2,R2,27.6,42,171.4,52.5
SKU-1409-RH,Важіль trailing RH (R2),SKU-1409-LH,RH,trailing,False,60.5,7.8,7.0,4.08,3.3,1.25,R2,R2,28.3,43,175.4,53.8
SKU-1410-LH,Важіль a_shaped LH (R2),SKU-1410-RH,LH,a_shaped,False,44.1,29.1,13.9,5.77,17.84,9.28,R2,R2,28.9,44,253.9,408.3
SKU-1410-RH,Важіль a_shaped RH (R2),SKU-1410-LH,RH,a_shaped,False,44.1,29.1,13.9,5.77,17.84,9.28,R2,R2,28.6,43,248.1,399.0
SKU-1411-LH,Важіль a_shaped LH (R2),SKU-1411-RH,LH,a_shaped,False,45.8,28.6,12.4,4.17,16.24,8.44,R2,R2,25.8,39,162.6,329.2
SKU-1411-RH,Важіль a_shaped RH (R2),SKU-1411-LH,RH,a_shaped,False,45.8,28.6,12.4,4.17,16.24,8.44,R2,R2,25.5,39,162.6,329.2
SKU-1412-LH,Важіль curved LH (R2),SKU-1412-RH,LH,curved,False,26.0,18.6,9.4,2.53,4.55,1.91,R2,R2,19.3,29,73.4,55.4
SKU-1412-RH,Важіль curved RH (R2),SKU-1412-LH,RH,curved,False,26.0,18.6,9.4,2.53,4.55,1.91,R2,R2,19.2,29,73.4,55.4
SKU-1413-LH,Важіль straight_link LH (R2),SKU-1413-RH,LH,straight_link,False,30.5,4.8,5.2,0.51,0.76,0.21,R2,R2,20.7,32,16.3,6.7
SKU-1413-RH,Важіль straight_link RH (R2),SKU-1413-LH,RH,straight_link,False,30.5,4.8,5.2,0.51,0.76,0.21,R2,R2,20.8,32,16.3,6.7
SKU-1414-LH,Важіль straight_link LH (R2),SKU-1414-RH,LH,straight_link,False,18.8,5.4,4.8,0.62,0.49,0.14,R2,R2,29.8,45,27.9,6.3
SKU-1414-RH,Важіль straight_link RH (R2),SKU-1414-LH,RH,straight_link,False,18.8,5.4,4.8,0.62,0.49,0.14,R2,R2,29.7,45,27.9,6.3
SKU-1415-LH,Важіль straight_link LH (R2),SKU-1415-RH,LH,straight_link,False,24.0,5.9,6.4,1.1,0.91,0.25,R2,R2,20.1,31,34.1,7.8
SKU-1415-RH,Важіль straight_link RH (R2),SKU-1415-LH,RH,straight_link,False,24.0,5.9,6.4,1.1,0.91,0.25,R2,R2,19.9,30,33.0,7.5
SKU-1416-LH,Важіль straight_link LH (R2),SKU-1416-RH,LH,straight_link,False,26.8,5.9,4.4,1.01,0.7,0.2,R2,R2,19.2,29,29.3,5.8
SKU-1416-RH,Важіль straight_link RH (R2),SKU-1416-LH,RH,straight_link,False,26.8,5.9,4.4,1.01,0.7,0.2,R2,R2,18.9,29,29.3,5.8
SKU-1417-LH,Важіль curved LH (R2),SKU-1417-RH,LH,curved,False,29.3,14.7,10.4,1.97,4.48,1.88,R2,R2,23.9,36,70.9,67.7
SKU-1417-RH,Важіль curved RH (R2),SKU-1417-LH,RH,curved,False,29.3,14.7,10.4,1.97,4.48,1.88,R2,R2,23.2,35,69.0,65.8
SKU-1418-LH,Важіль a_shaped LH (R2),SKU-1418-RH,LH,a_shaped,False,37.1,33.6,11.5,5.61,14.34,7.46,R2,R2,25.7,39,218.8,290.9
SKU-1418-RH,Важіль a_shaped RH (R2),SKU-1418-LH,RH,a_shaped,False,37.1,33.6,11.5,5.61,14.34,7.46,R2,R2,25.2,38,213.2,283.5
SKU-1419-LH,Важіль straight_link LH (R2),SKU-1419-RH,LH,straight_link,False,25.5,6.9,6.9,1.24,1.21,0.34,R2,R2,23.5,36,44.6,12.2
SKU-1419-RH,Важіль straight_link RH (R2),SKU-1419-LH,RH,straight_link,False,25.5,6.9,6.9,1.24,1.21,0.34,R2,R2,24.4,37,45.9,12.6
SKU-1420-LH,Важіль trailing LH (R2),SKU-1420-RH,LH,trailing,False,56.8,10.3,8.5,3.08,4.97,1.89,R2,R2,18.7,29,89.3,54.8
SKU-1420-RH,Важіль trailing RH (R2),SKU-1420-LH,RH,trailing,False,56.8,10.3,8.5,3.08,4.97,1.89,R2,R2,19.4,30,92.4,56.7
SKU-1421-LH,Важіль curved LH (R2),SKU-1421-RH,LH,curved,False,29.3,10.8,10.3,2.3,3.26,1.37,R2,R2,25.4,39,89.7,53.4
SKU-1421-RH,Важіль curved RH (R2),SKU-1421-LH,RH,curved,False,29.3,10.8,10.3,2.3,3.26,1.37,R2,R2,23.7,36,82.8,49.3
SKU-1422-LH,Важіль straight_link LH (R2),SKU-1422-RH,LH,straight_link,False,19.0,5.3,6.8,0.83,0.68,0.19,R2,R2,30.1,46,38.2,8.7
SKU-1422-RH,Важіль straight_link RH (R2),SKU-1422-LH,RH,straight_link,False,19.0,5.3,6.8,0.83,0.68,0.19,R2,R2,29.5,45,37.4,8.6
SKU-1423-LH,Важіль curved LH (R2),SKU-1423-RH,LH,curved,False,31.6,14.5,5.4,2.27,2.47,1.04,R2,R2,24.0,36,81.7,37.4
SKU-1423-RH,Важіль curved RH (R2),SKU-1423-LH,RH,curved,False,31.6,14.5,5.4,2.27,2.47,1.04,R2,R2,23.9,36,81.7,37.4
SKU-1424-LH,Важіль curved LH (R2),SKU-1424-RH,LH,curved,False,26.1,12.6,9.0,2.47,2.96,1.24,R2,R2,18.5,28,69.2,34.7
SKU-1424-RH,Важіль curved RH (R2),SKU-1424-LH,RH,curved,False,26.1,12.6,9.0,2.47,2.96,1.24,R2,R2,18.5,28,69.2,34.7
SKU-1425-LH,Важіль straight_link LH (R2),SKU-1425-RH,LH,straight_link,False,18.9,6.7,6.0,1.18,0.76,0.21,R2,R2,27.7,42,49.6,8.8
SKU-1425-RH,Важіль straight_link RH (R2),SKU-1425-LH,RH,straight_link,False,18.9,6.7,6.0,1.18,0.76,0.21,R2,R2,27.1,41,48.4,8.6
SKU-1426-LH,Важіль curved LH (R2),SKU-1426-RH,LH,curved,False,36.7,17.4,9.5,1.91,6.07,2.55,R2,R2,21.0,32,61.1,81.6
SKU-1426-RH,Важіль curved RH (R2),SKU-1426-LH,RH,curved,False,36.7,17.4,9.5,1.91,6.07,2.55,R2,R2,20.7,32,61.1,81.6
SKU-1427-LH,Важіль straight_link LH (R2),SKU-1427-RH,LH,straight_link,False,28.6,6.1,6.3,1.29,1.1,0.31,R2,R2,25.2,38,49.0,11.8
SKU-1427-RH,Важіль straight_link RH (R2),SKU-1427-LH,RH,straight_link,False,28.6,6.1,6.3,1.29,1.1,0.31,R2,R2,24.3,37,47.7,11.5
SKU-1428-LH,Важіль a_shaped LH (R2),SKU-1428-RH,LH,a_shaped,False,47.5,30.3,8.6,4.6,12.38,6.44,R2,R2,20.4,31,142.6,199.6
SKU-1428-RH,Важіль a_shaped RH (R2),SKU-1428-LH,RH,a_shaped,False,47.5,30.3,8.6,4.6,12.38,6.44,R2,R2,20.8,32,147.2,206.1
SKU-1429-LH,Важіль a_shaped LH (R2),SKU-1429-RH,LH,a_shaped,False,44.1,29.0,7.6,5.83,9.72,5.05,R2,R2,23.2,35,204.1,176.8
SKU-1429-RH,Важіль a_shaped RH (R2),SKU-1429-LH,RH,a_shaped,False,44.1,29.0,7.6,5.83,9.72,5.05,R2,R2,22.9,35,204.1,176.8
SKU-1430-LH,Важіль straight_link LH (R2),SKU-1430-RH,LH,straight_link,False,21.8,6.4,4.9,1.34,0.68,0.19,R2,R2,25.3,38,50.9,7.2
SKU-1430-RH,Важіль straight_link RH (R2),SKU-1430-LH,RH,straight_link,False,21.8,6.4,4.9,1.34,0.68,0.19,R2,R2,25.2,38,50.9,7.2
SKU-1431-LH,Важіль trailing LH (R2),SKU-1431-RH,LH,trailing,False,70.1,7.1,7.4,2.66,3.68,1.4,R2,R2,26.6,40,106.4,56.0
SKU-1431-RH,Важіль trailing RH (R2),SKU-1431-LH,RH,trailing,False,70.1,7.1,7.4,2.66,3.68,1.4,R2,R2,26.5,40,106.4,56.0
SKU-1432-LH,Важіль straight_link LH (R2),SKU-1432-RH,LH,straight_link,False,20.6,4.3,6.4,0.77,0.57,0.16,R2,R2,22.3,34,26.2,5.4
SKU-1432-RH,Важіль straight_link RH (R2),SKU-1432-LH,RH,straight_link,False,20.6,4.3,6.4,0.77,0.57,0.16,R2,R2,22.7,35,26.9,5.6
SKU-1433-LH,Важіль heavy_integral LH (R2),SKU-1433-RH,LH,heavy_integral,True,78.1,18.4,14.5,6.37,20.84,21.88,R2,R2,25.6,39,248.4,853.3
SKU-1433-RH,Важіль heavy_integral RH (R2),SKU-1433-LH,RH,heavy_integral,True,78.1,18.4,14.5,6.37,20.84,21.88,R2,R2,26.8,41,261.2,897.1
SKU-1434-LH,Важіль curved LH (R2),SKU-1434-RH,LH,curved,False,31.2,20.8,11.0,3.09,7.14,3.0,R2,R2,27.6,42,129.8,126.0
SKU-1434-RH,Важіль curved RH (R2),SKU-1434-LH,RH,curved,False,31.2,20.8,11.0,3.09,7.14,3.0,R2,R2,28.3,43,132.9,129.0
SKU-1435-LH,Важіль straight_link LH (R2),SKU-1435-RH,LH,straight_link,True,19.3,7.5,5.1,1.15,0.74,0.78,R2,R2,28.5,43,49.4,33.5
SKU-1435-RH,Важіль straight_link RH (R2),SKU-1435-LH,RH,straight_link,True,19.3,7.5,5.1,1.15,0.74,0.78,R2,R2,28.8,44,50.6,34.3
SKU-1436-LH,Важіль straight_link LH (R2),SKU-1436-RH,LH,straight_link,False,18.6,5.4,4.5,0.42,0.45,0.13,R2,R2,22.8,35,14.7,4.5
SKU-1436-RH,Важіль straight_link RH (R2),SKU-1436-LH,RH,straight_link,False,18.6,5.4,4.5,0.42,0.45,0.13,R2,R2,22.4,34,14.3,4.4
SKU-1437-LH,Важіль a_shaped LH (R2),SKU-1437-RH,LH,a_shaped,False,46.5,29.7,7.1,6.05,9.81,5.1,R2,R2,26.0,39,235.9,198.9
SKU-1437-RH,Важіль a_shaped RH (R2),SKU-1437-LH,RH,a_shaped,False,46.5,29.7,7.1,6.05,9.81,5.1,R2,R2,24.5,37,223.8,188.7
SKU-1438-LH,Важіль curved LH (R2),SKU-1438-RH,LH,curved,False,35.9,16.8,8.7,3.16,5.25,2.21,R2,R2,25.2,38,120.1,84.0
SKU-1438-RH,Важіль curved RH (R2),SKU-1438-LH,RH,curved,False,35.9,16.8,8.7,3.16,5.25,2.21,R2,R2,26.0,39,123.2,86.2
SKU-1439-LH,Важіль a_shaped LH (R2),SKU-1439-RH,LH,a_shaped,False,43.1,37.3,10.1,4.33,16.24,8.44,R2,R2,26.0,39,168.9,329.2
SKU-1439-RH,Важіль a_shaped RH (R2),SKU-1439-LH,RH,a_shaped,False,43.1,37.3,10.1,4.33,16.24,8.44,R2,R2,26.0,39,168.9,329.2
SKU-1440-LH,Важіль curved LH (R2),SKU-1440-RH,LH,curved,False,34.4,12.5,11.0,3.37,4.73,1.99,R2,R2,26.4,40,134.8,79.6
SKU-1440-RH,Важіль curved RH (R2),SKU-1440-LH,RH,curved,False,34.4,12.5,11.0,3.37,4.73,1.99,R2,R2,26.2,40,134.8,79.6
SKU-1441-LH,Важіль heavy_integral LH (R2),SKU-1441-RH,LH,heavy_integral,False,51.7,20.5,15.4,9.11,16.32,11.1,R2,R2,23.3,35,318.8,388.5
SKU-1441-RH,Важіль heavy_integral RH (R2),SKU-1441-LH,RH,heavy_integral,False,51.7,20.5,15.4,9.11,16.32,11.1,R2,R2,21.9,33,300.6,366.3
SKU-1442-LH,Важіль curved LH (R2),SKU-1442-RH,LH,curved,False,37.1,18.4,8.9,2.1,6.08,2.55,R2,R2,20.1,31,65.1,79.0
SKU-1442-RH,Важіль curved RH (R2),SKU-1442-LH,RH,curved,False,37.1,18.4,8.9,2.1,6.08,2.55,R2,R2,20.0,30,63.0,76.5
SKU-1443-LH,Важіль heavy_integral LH (R2),SKU-1443-RH,LH,heavy_integral,False,72.6,20.6,15.3,9.8,22.88,15.56,R2,R2,19.3,29,284.2,451.2
SKU-1443-RH,Важіль heavy_integral RH (R2),SKU-1443-LH,RH,heavy_integral,False,72.6,20.6,15.3,9.8,22.88,15.56,R2,R2,20.5,31,303.8,482.4
SKU-1444-LH,Важіль a_shaped LH (R2),SKU-1444-RH,LH,a_shaped,False,47.2,39.4,13.4,6.67,24.92,12.96,R2,R2,24.4,37,246.8,479.5
SKU-1444-RH,Важіль a_shaped RH (R2),SKU-1444-LH,RH,a_shaped,False,47.2,39.4,13.4,6.67,24.92,12.96,R2,R2,24.2,37,246.8,479.5
SKU-1445-LH,Важіль curved LH (R2),SKU-1445-RH,LH,curved,False,35.2,13.3,10.5,2.65,4.92,2.07,R2,R2,24.8,38,100.7,78.7
SKU-1445-RH,Важіль curved RH (R2),SKU-1445-LH,RH,curved,False,35.2,13.3,10.5,2.65,4.92,2.07,R2,R2,24.2,37,98.0,76.6
SKU-1446-LH,Важіль a_shaped LH (R2),SKU-1446-RH,LH,a_shaped,True,42.8,27.4,11.9,6.42,13.96,14.66,R2,R2,29.0,44,282.5,645.0
SKU-1446-RH,Важіль a_shaped RH (R2),SKU-1446-LH,RH,a_shaped,True,42.8,27.4,11.9,6.42,13.96,14.66,R2,R2,27.9,42,269.6,615.7
SKU-1447-LH,Важіль curved LH (R2),SKU-1447-RH,LH,curved,False,40.2,12.4,9.4,2.12,4.69,1.97,R2,R2,28.7,44,93.3,86.7
SKU-1447-RH,Важіль curved RH (R2),SKU-1447-LH,RH,curved,False,40.2,12.4,9.4,2.12,4.69,1.97,R2,R2,26.6,40,84.8,78.8
SKU-1448-LH,Важіль a_shaped LH (R2),SKU-1448-RH,LH,a_shaped,False,46.0,41.6,10.7,6.31,20.48,10.65,R2,R2,18.5,28,176.7,298.2
SKU-1448-RH,Важіль a_shaped RH (R2),SKU-1448-LH,RH,a_shaped,False,46.0,41.6,10.7,6.31,20.48,10.65,R2,R2,18.1,28,176.7,298.2
SKU-1449-LH,Важіль curved LH (R2),SKU-1449-RH,LH,curved,False,39.1,20.2,10.6,1.75,8.37,3.52,R2,R2,21.9,33,57.8,116.2
SKU-1449-RH,Важіль curved RH (R2),SKU-1449-LH,RH,curved,False,39.1,20.2,10.6,1.75,8.37,3.52,R2,R2,22.1,34,59.5,119.7
SKU-1450-LH,Важіль a_shaped LH (R2),SKU-1450-RH,LH,a_shaped,False,43.5,30.3,7.8,4.14,10.28,5.35,R2,R2,20.5,31,128.3,165.8
SKU-1450-RH,Важіль a_shaped RH (R2),SKU-1450-LH,RH,a_shaped,False,43.5,30.3,7.8,4.14,10.28,5.35,R2,R2,20.2,31,128.3,165.8
SKU-1451-LH,Важіль a_shaped LH (R2),SKU-1451-RH,LH,a_shaped,False,43.0,30.5,13.4,4.64,17.57,9.14,R2,R2,21.1,32,148.5,292.5
SKU-1451-RH,Важіль a_shaped RH (R2),SKU-1451-LH,RH,a_shaped,False,43.0,30.5,13.4,4.64,17.57,9.14,R2,R2,21.0,32,148.5,292.5
SKU-1452-LH,Важіль curved LH (R2),SKU-1452-RH,LH,curved,False,31.7,18.1,5.4,1.98,3.1,1.3,R2,R2,26.9,41,81.2,53.3
SKU-1452-RH,Важіль curved RH (R2),SKU-1452-LH,RH,curved,False,31.7,18.1,5.4,1.98,3.1,1.3,R2,R2,27.4,42,83.2,54.6
SKU-1453-LH,Важіль trailing LH (R2),SKU-1453-RH,LH,trailing,False,56.0,6.4,6.9,2.74,2.47,0.94,R2,R2,25.4,39,106.9,36.7
SKU-1453-RH,Важіль trailing RH (R2),SKU-1453-LH,RH,trailing,False,56.0,6.4,6.9,2.74,2.47,0.94,R2,R2,24.0,36,98.6,33.8
SKU-1454-LH,Важіль straight_link LH (R2),SKU-1454-RH,LH,straight_link,False,25.1,4.5,6.2,0.67,0.7,0.2,R2,R2,23.1,35,23.5,7.0
SKU-1454-RH,Важіль straight_link RH (R2),SKU-1454-LH,RH,straight_link,False,25.1,4.5,6.2,0.67,0.7,0.2,R2,R2,23.8,36,24.1,7.2
SKU-1455-LH,Важіль curved LH (R2),SKU-1455-RH,LH,curved,False,39.2,10.7,7.5,2.43,3.15,1.32,R2,R2,26.9,41,99.6,54.1
SKU-1455-RH,Важіль curved RH (R2),SKU-1455-LH,RH,curved,False,39.2,10.7,7.5,2.43,3.15,1.32,R2,R2,27.1,41,99.6,54.1
SKU-1456-LH,Важіль a_shaped LH (R2),SKU-1456-RH,LH,a_shaped,False,49.8,31.0,11.3,6.29,17.44,9.07,R2,R2,30.8,47,295.6,426.3
SKU-1456-RH,Важіль a_shaped RH (R2),SKU-1456-LH,RH,a_shaped,False,49.8,31.0,11.3,6.29,17.44,9.07,R2,R2,29.6,45,283.1,408.2
SKU-1457-LH,Важіль curved LH (R2),SKU-1457-RH,LH,curved,False,33.8,18.9,8.0,2.47,5.11,2.15,R2,R2,27.7,42,103.7,90.3
SKU-1457-RH,Важіль curved RH (R2),SKU-1457-LH,RH,curved,False,33.8,18.9,8.0,2.47,5.11,2.15,R2,R2,28.9,44,108.7,94.6
SKU-1458-LH,Важіль curved LH (R2),SKU-1458-RH,LH,curved,False,31.3,15.4,9.6,1.83,4.63,1.94,R2,R2,21.1,32,58.6,62.1
SKU-1458-RH,Важіль curved RH (R2),SKU-1458-LH,RH,curved,False,31.3,15.4,9.6,1.83,4.63,1.94,R2,R2,19.8,30,54.9,58.2
SKU-1459-LH,Важіль trailing LH (R2),SKU-1459-RH,LH,trailing,False,67.1,8.4,7.6,2.58,4.28,1.63,R2,R2,24.4,37,95.5,60.3
SKU-1459-RH,Важіль trailing RH (R2),SKU-1459-LH,RH,trailing,False,67.1,8.4,7.6,2.58,4.28,1.63,R2,R2,25.0,38,98.0,61.9
SKU-1460-LH,Важіль straight_link LH (R2),SKU-1460-RH,LH,straight_link,False,26.0,4.6,5.0,0.62,0.6,0.17,R2,R2,20.7,32,19.8,5.4
SKU-1460-RH,Важіль straight_link RH (R2),SKU-1460-LH,RH,straight_link,False,26.0,4.6,5.0,0.62,0.6,0.17,R2,R2,19.8,30,18.6,5.1
SKU-1461-LH,Важіль trailing LH (R2),SKU-1461-RH,LH,trailing,False,77.2,8.9,5.6,2.89,3.85,1.46,R2,R2,27.3,41,118.5,59.9
SKU-1461-RH,Важіль trailing RH (R2),SKU-1461-LH,RH,trailing,False,77.2,8.9,5.6,2.89,3.85,1.46,R2,R2,26.7,41,118.5,59.9
SKU-1462-LH,Важіль trailing LH (R2),SKU-1462-RH,LH,trailing,False,74.0,10.0,5.7,3.51,4.22,1.6,R2,R2,20.2,31,108.8,49.6
SKU-1462-RH,Важіль trailing RH (R2),SKU-1462-LH,RH,trailing,False,74.0,10.0,5.7,3.51,4.22,1.6,R2,R2,21.3,32,112.3,51.2
SKU-1463-LH,Важіль trailing LH (R2),SKU-1463-RH,LH,trailing,False,58.8,6.0,8.5,3.76,3.0,1.14,R2,R2,26.0,39,146.6,44.5
SKU-1463-RH,Важіль trailing RH (R2),SKU-1463-LH,RH,trailing,False,58.8,6.0,8.5,3.76,3.0,1.14,R2,R2,24.8,38,142.9,43.3
SKU-1464-LH,Важіль curved LH (R2),SKU-1464-RH,LH,curved,False,31.6,11.1,7.9,3.26,2.77,1.16,R2,R2,18.2,28,91.3,32.5
SKU-1464-RH,Важіль curved RH (R2),SKU-1464-LH,RH,curved,False,31.6,11.1,7.9,3.26,2.77,1.16,R2,R2,18.0,27,88.0,31.3
SKU-1465-LH,Важіль straight_link LH (R2),SKU-1465-RH,LH,straight_link,False,30.7,5.6,5.6,1.16,0.96,0.27,R2,R2,19.8,30,34.8,8.1
SKU-1465-RH,Важіль straight_link RH (R2),SKU-1465-LH,RH,straight_link,False,30.7,5.6,5.6,1.16,0.96,0.27,R2,R2,19.7,30,34.8,8.1
SKU-1466-LH,Важіль straight_link LH (R2),SKU-1466-RH,LH,straight_link,False,32.0,6.7,5.4,1.23,1.16,0.32,R2,R2,19.3,29,35.7,9.3
SKU-1466-RH,Важіль straight_link RH (R2),SKU-1466-LH,RH,straight_link,False,32.0,6.7,5.4,1.23,1.16,0.32,R2,R2,19.6,30,36.9,9.6
SKU-1467-LH,Важіль curved LH (R2),SKU-1467-RH,LH,curved,False,34.2,17.4,10.5,2.52,6.25,2.62,R2,R2,23.2,35,88.2,91.7
SKU-1467-RH,Важіль curved RH (R2),SKU-1467-LH,RH,curved,False,34.2,17.4,10.5,2.52,6.25,2.62,R2,R2,23.1,35,88.2,91.7
SKU-1468-LH,Важіль a_shaped LH (R2),SKU-1468-RH,LH,a_shaped,False,43.0,39.4,8.3,3.68,14.06,7.31,R2,R2,22.9,35,128.8,255.8
SKU-1468-RH,Важіль a_shaped RH (R2),SKU-1468-LH,RH,a_shaped,False,43.0,39.4,8.3,3.68,14.06,7.31,R2,R2,22.5,34,125.1,248.5
SKU-1469-LH,Важіль straight_link LH (R2),SKU-1469-RH,LH,straight_link,False,19.6,6.1,5.0,0.57,0.6,0.17,R2,R2,23.1,35,19.9,6.0
SKU-1469-RH,Важіль straight_link RH (R2),SKU-1469-LH,RH,straight_link,False,19.6,6.1,5.0,0.57,0.6,0.17,R2,R2,22.4,34,19.4,5.8
SKU-1470-LH,Важіль trailing LH (R2),SKU-1470-RH,LH,trailing,False,55.3,9.9,5.9,3.52,3.23,1.23,R2,R2,25.6,39,137.3,48.0
SKU-1470-RH,Важіль trailing RH (R2),SKU-1470-LH,RH,trailing,False,55.3,9.9,5.9,3.52,3.23,1.23,R2,R2,24.6,37,130.2,45.5
SKU-1471-LH,Важіль curved LH (R2),SKU-1471-RH,LH,curved,True,26.3,19.9,8.1,3.0,4.24,4.45,R2,R2,20.6,31,93.0,138.0
SKU-1471-RH,Важіль curved RH (R2),SKU-1471-LH,RH,curved,True,26.3,19.9,8.1,3.0,4.24,4.45,R2,R2,20.0,30,90.0,133.5
SKU-1472-LH,Важіль trailing LH (R2),SKU-1472-RH,LH,trailing,False,69.4,10.7,6.1,3.38,4.53,1.72,R2,R2,25.8,39,131.8,67.1
SKU-1472-RH,Важіль trailing RH (R2),SKU-1472-LH,RH,trailing,False,69.4,10.7,6.1,3.38,4.53,1.72,R2,R2,26.9,41,138.6,70.5
SKU-1473-LH,Важіль straight_link LH (R2),SKU-1473-RH,LH,straight_link,False,30.4,6.6,5.0,0.68,1.0,0.28,R2,R2,28.4,43,29.2,12.0
SKU-1473-RH,Важіль straight_link RH (R2),SKU-1473-LH,RH,straight_link,False,30.4,6.6,5.0,0.68,1.0,0.28,R2,R2,30.1,46,31.3,12.9
SKU-1474-LH,Важіль trailing LH (R2),SKU-1474-RH,LH,trailing,False,68.2,11.0,6.2,2.81,4.65,1.77,R2,R2,18.9,29,81.5,51.3
SKU-1474-RH,Важіль trailing RH (R2),SKU-1474-LH,RH,trailing,False,68.2,11.0,6.2,2.81,4.65,1.77,R2,R2,18.6,28,78.7,49.6
SKU-1475-LH,Важіль heavy_integral LH (R2),SKU-1475-RH,LH,heavy_integral,False,76.7,25.4,11.5,7.8,22.4,15.23,R2,R2,28.1,43,335.4,654.9
SKU-1475-RH,Важіль heavy_integral RH (R2),SKU-1475-LH,RH,heavy_integral,False,76.7,25.4,11.5,7.8,22.4,15.23,R2,R2,28.2,43,335.4,654.9
SKU-1476-LH,Важіль curved LH (R2),SKU-1476-RH,LH,curved,False,35.5,11.8,10.8,2.4,4.52,1.9,R2,R2,23.5,36,86.4,68.4
SKU-1476-RH,Важіль curved RH (R2),SKU-1476-LH,RH,curved,False,35.5,11.8,10.8,2.4,4.52,1.9,R2,R2,24.0,36,86.4,68.4
SKU-1477-LH,Важіль curved LH (R2),SKU-1477-RH,LH,curved,False,38.0,19.0,8.5,3.23,6.14,2.58,R2,R2,28.4,43,138.9,110.9
SKU-1477-RH,Важіль curved RH (R2),SKU-1477-LH,RH,curved,False,38.0,19.0,8.5,3.23,6.14,2.58,R2,R2,26.8,41,132.4,105.8
SKU-1478-LH,Важіль a_shaped LH (R2),SKU-1478-RH,LH,a_shaped,True,39.4,36.6,10.3,4.89,14.85,15.59,R2,R2,29.5,45,220.0,701.5
SKU-1478-RH,Важіль a_shaped RH (R2),SKU-1478-LH,RH,a_shaped,True,39.4,36.6,10.3,4.89,14.85,15.59,R2,R2,29.6,45,220.0,701.5
SKU-1479-LH,Важіль a_shaped LH (R2),SKU-1479-RH,LH,a_shaped,False,47.1,30.3,8.5,4.19,12.13,6.31,R2,R2,22.0,33,138.3,208.2
SKU-1479-RH,Важіль a_shaped RH (R2),SKU-1479-LH,RH,a_shaped,False,47.1,30.3,8.5,4.19,12.13,6.31,R2,R2,22.7,35,146.7,220.8
SKU-1480-LH,Важіль trailing LH (R2),SKU-1480-RH,LH,trailing,False,71.1,8.7,6.2,3.13,3.84,1.46,R2,R2,21.8,33,103.3,48.2
SKU-1480-RH,Важіль trailing RH (R2),SKU-1480-LH,RH,trailing,False,71.1,8.7,6.2,3.13,3.84,1.46,R2,R2,21.5,33,103.3,48.2
SKU-1481-LH,Важіль straight_link LH (R2),SKU-1481-RH,LH,straight_link,False,19.6,5.9,7.2,0.74,0.83,0.23,R2,R2,27.1,41,30.3,9.4
SKU-1481-RH,Важіль straight_link RH (R2),SKU-1481-LH,RH,straight_link,False,19.6,5.9,7.2,0.74,0.83,0.23,R2,R2,27.7,42,31.1,9.7
SKU-1482-LH,Важіль trailing LH (R2),SKU-1482-RH,LH,trailing,False,66.7,9.3,8.6,2.94,5.33,2.03,R2,R2,21.1,32,94.1,65.0
SKU-1482-RH,Важіль trailing RH (R2),SKU-1482-LH,RH,trailing,False,66.7,9.3,8.6,2.94,5.33,2.03,R2,R2,22.5,34,100.0,69.0
SKU-1483-LH,Важіль a_shaped LH (R2),SKU-1483-RH,LH,a_shaped,False,37.7,35.2,10.7,3.98,14.2,7.38,R2,R2,29.1,44,175.1,324.7
SKU-1483-RH,Важіль a_shaped RH (R2),SKU-1483-LH,RH,a_shaped,False,37.7,35.2,10.7,3.98,14.2,7.38,R2,R2,28.7,44,175.1,324.7
SKU-1484-LH,Важіль a_shaped LH (R2),SKU-1484-RH,LH,a_shaped,False,47.8,26.5,12.3,5.3,15.58,8.1,R2,R2,18.7,29,153.7,234.9
SKU-1484-RH,Важіль a_shaped RH (R2),SKU-1484-LH,RH,a_shaped,False,47.8,26.5,12.3,5.3,15.58,8.1,R2,R2,19.3,29,153.7,234.9
SKU-1485-LH,Важіль heavy_integral LH (R2),SKU-1485-RH,LH,heavy_integral,False,80.0,24.2,17.9,7.32,34.65,23.56,R2,R2,29.5,45,329.4,1060.2
SKU-1485-RH,Важіль heavy_integral RH (R2),SKU-1485-LH,RH,heavy_integral,False,80.0,24.2,17.9,7.32,34.65,23.56,R2,R2,29.3,44,322.1,1036.6
SKU-1486-LH,Важіль trailing LH (R2),SKU-1486-RH,LH,trailing,True,53.4,9.5,6.8,2.58,3.45,3.62,R2,R2,24.9,38,98.0,137.6
SKU-1486-RH,Важіль trailing RH (R2),SKU-1486-LH,RH,trailing,True,53.4,9.5,6.8,2.58,3.45,3.62,R2,R2,25.5,39,100.6,141.2
SKU-1487-LH,Важіль a_shaped LH (R2),SKU-1487-RH,LH,a_shaped,False,49.2,39.1,10.8,4.72,20.78,10.81,R2,R2,22.9,35,165.2,378.4
SKU-1487-RH,Важіль a_shaped RH (R2),SKU-1487-LH,RH,a_shaped,False,49.2,39.1,10.8,4.72,20.78,10.81,R2,R2,22.0,33,155.8,356.7
SKU-1488-LH,Важіль curved LH (R2),SKU-1488-RH,LH,curved,False,27.4,15.6,7.9,3.11,3.38,1.42,R2,R2,20.5,31,96.4,44.0
SKU-1488-RH,Важіль curved RH (R2),SKU-1488-LH,RH,curved,False,27.4,15.6,7.9,3.11,3.38,1.42,R2,R2,21.2,32,99.5,45.4
SKU-1489-LH,Важіль curved LH (R2),SKU-1489-RH,LH,curved,False,32.2,15.5,6.8,3.28,3.39,1.42,R2,R2,20.1,31,101.7,44.0
SKU-1489-RH,Важіль curved RH (R2),SKU-1489-LH,RH,curved,False,32.2,15.5,6.8,3.28,3.39,1.42,R2,R2,19.7,30,98.4,42.6
SKU-1490-LH,Важіль straight_link LH (R2),SKU-1490-RH,LH,straight_link,False,18.5,5.7,5.4,0.56,0.57,0.16,R2,R2,26.9,41,23.0,6.6
SKU-1490-RH,Важіль straight_link RH (R2),SKU-1490-LH,RH,straight_link,False,18.5,5.7,5.4,0.56,0.57,0.16,R2,R2,26.0,39,21.8,6.2
SKU-1491-LH,Важіль straight_link LH (R2),SKU-1491-RH,LH,straight_link,False,19.0,5.5,4.4,1.01,0.46,0.13,R2,R2,29.6,45,45.5,5.9
SKU-1491-RH,Важіль straight_link RH (R2),SKU-1491-LH,RH,straight_link,False,19.0,5.5,4.4,1.01,0.46,0.13,R2,R2,28.3,43,43.4,5.6
SKU-1492-LH,Важіль trailing LH (R2),SKU-1492-RH,LH,trailing,False,66.3,8.0,8.3,3.81,4.4,1.67,R2,R2,25.1,38,144.8,63.5
SKU-1492-RH,Важіль trailing RH (R2),SKU-1492-LH,RH,trailing,False,66.3,8.0,8.3,3.81,4.4,1.67,R2,R2,24.8,38,144.8,63.5
SKU-1493-LH,Важіль straight_link LH (R2),SKU-1493-RH,LH,straight_link,False,23.0,5.4,6.4,1.06,0.79,0.22,R2,R2,18.7,29,30.7,6.4
SKU-1493-RH,Важіль straight_link RH (R2),SKU-1493-LH,RH,straight_link,False,23.0,5.4,6.4,1.06,0.79,0.22,R2,R2,18.4,28,29.7,6.2
SKU-1494-LH,Важіль trailing LH (R2),SKU-1494-RH,LH,trailing,False,73.5,6.2,6.7,2.45,3.05,1.16,R2,R2,28.7,44,107.8,51.0
SKU-1494-RH,Важіль trailing RH (R2),SKU-1494-LH,RH,trailing,False,73.5,6.2,6.7,2.45,3.05,1.16,R2,R2,27.9,42,102.9,48.7
SKU-1495-LH,Важіль curved LH (R2),SKU-1495-RH,LH,curved,False,37.7,21.5,6.3,3.2,5.11,2.15,R2,R2,30.2,46,147.2,98.9
SKU-1495-RH,Важіль curved RH (R2),SKU-1495-LH,RH,curved,False,37.7,21.5,6.3,3.2,5.11,2.15,R2,R2,29.5,45,144.0,96.8
SKU-1496-LH,Важіль trailing LH (R2),SKU-1496-RH,LH,trailing,False,62.5,9.8,7.1,3.52,4.35,1.65,R2,R2,23.6,36,126.7,59.4
SKU-1496-RH,Важіль trailing RH (R2),SKU-1496-LH,RH,trailing,False,62.5,9.8,7.1,3.52,4.35,1.65,R2,R2,23.7,36,126.7,59.4
SKU-1497-LH,Важіль straight_link LH (R2),SKU-1497-RH,LH,straight_link,False,29.7,5.9,7.0,0.83,1.23,0.34,R2,R2,23.3,35,29.0,11.9
SKU-1497-RH,Важіль straight_link RH (R2),SKU-1497-LH,RH,straight_link,False,29.7,5.9,7.0,0.83,1.23,0.34,R2,R2,22.1,34,28.2,11.6
SKU-1498-LH,Важіль curved LH (R2),SKU-1498-RH,LH,curved,False,33.7,16.2,6.9,2.63,3.77,1.58,R2,R2,21.1,32,84.2,50.6
SKU-1498-RH,Важіль curved RH (R2),SKU-1498-LH,RH,curved,False,33.7,16.2,6.9,2.63,3.77,1.58,R2,R2,21.5,33,86.8,52.1
SKU-1499-LH,Важіль straight_link LH (R2),SKU-1499-RH,LH,straight_link,True,31.7,7.4,5.4,1.13,1.27,1.33,R2,R2,22.5,34,38.4,45.2
SKU-1499-RH,Важіль straight_link RH (R2),SKU-1499-LH,RH,straight_link,True,31.7,7.4,5.4,1.13,1.27,1.33,R2,R2,22.7,35,39.5,46.6
SKU-1500-LH,Важіль curved LH (R2),SKU-1500-RH,LH,curved,False,32.4,19.4,6.6,3.38,4.15,1.74,R2,R2,18.5,28,94.6,48.7
SKU-1500-RH,Важіль curved RH (R2),SKU-1500-LH,RH,curved,False,32.4,19.4,6.6,3.38,4.15,1.74,R2,R2,18.5,28,94.6,48.7
SKU-1501-LH,Важіль straight_link LH (R2),SKU-1501-RH,LH,straight_link,False,19.7,7.3,4.6,1.02,0.66,0.18,R2,R2,20.4,31,31.6,5.6
SKU-1501-RH,Важіль straight_link RH (R2),SKU-1501-LH,RH,straight_link,False,19.7,7.3,4.6,1.02,0.66,0.18,R2,R2,20.7,32,32.6,5.8
SKU-1502-LH,Важіль trailing LH (R2),SKU-1502-RH,LH,trailing,False,56.2,6.9,6.7,3.69,2.6,0.99,R2,R2,27.8,42,155.0,41.6
SKU-1502-RH,Важіль trailing RH (R2),SKU-1502-LH,RH,trailing,False,56.2,6.9,6.7,3.69,2.6,0.99,R2,R2,28.5,43,158.7,42.6
SKU-1503-LH,Важіль curved LH (R2),SKU-1503-RH,LH,curved,False,26.3,17.9,8.6,1.89,4.05,1.7,R2,R2,20.0,30,56.7,51.0
SKU-1503-RH,Важіль curved RH (R2),SKU-1503-LH,RH,curved,False,26.3,17.9,8.6,1.89,4.05,1.7,R2,R2,21.4,33,62.4,56.1
SKU-1504-LH,Важіль straight_link LH (R2),SKU-1504-RH,LH,straight_link,False,19.9,4.8,7.0,1.33,0.67,0.19,R2,R2,22.2,34,45.2,6.5
SKU-1504-RH,Важіль straight_link RH (R2),SKU-1504-LH,RH,straight_link,False,19.9,4.8,7.0,1.33,0.67,0.19,R2,R2,22.2,34,45.2,6.5
SKU-1505-LH,Важіль curved LH (R2),SKU-1505-RH,LH,curved,False,32.3,10.3,8.5,1.62,2.83,1.19,R2,R2,27.0,41,66.4,48.8
SKU-1505-RH,Важіль curved RH (R2),SKU-1505-LH,RH,curved,False,32.3,10.3,8.5,1.62,2.83,1.19,R2,R2,26.4,40,64.8,47.6
SKU-1506-LH,Важіль straight_link LH (R2),SKU-1506-RH,LH,straight_link,False,23.6,7.4,5.9,0.68,1.03,0.29,R2,R2,26.0,39,26.5,11.3
SKU-1506-RH,Важіль straight_link RH (R2),SKU-1506-LH,RH,straight_link,False,23.6,7.4,5.9,0.68,1.03,0.29,R2,R2,27.4,42,28.6,12.2
SKU-1507-LH,Важіль curved LH (R2),SKU-1507-RH,LH,curved,False,34.8,10.6,7.6,3.1,2.8,1.18,R2,R2,27.1,41,127.1,48.4
SKU-1507-RH,Важіль curved RH (R2),SKU-1507-LH,RH,curved,False,34.8,10.6,7.6,3.1,2.8,1.18,R2,R2,27.1,41,127.1,48.4
SKU-1508-LH,Важіль straight_link LH (R2),SKU-1508-RH,LH,straight_link,False,31.0,4.3,5.6,0.74,0.75,0.21,R2,R2,27.5,42,31.1,8.8
SKU-1508-RH,Важіль straight_link RH (R2),SKU-1508-LH,RH,straight_link,False,31.0,4.3,5.6,0.74,0.75,0.21,R2,R2,27.8,42,31.1,8.8
SKU-1509-LH,Важіль trailing LH (R2),SKU-1509-RH,LH,trailing,False,53.3,8.5,6.8,2.8,3.08,1.17,R2,R2,22.8,35,98.0,40.9
SKU-1509-RH,Важіль trailing RH (R2),SKU-1509-LH,RH,trailing,False,53.3,8.5,6.8,2.8,3.08,1.17,R2,R2,22.1,34,95.2,39.8
SKU-1510-LH,Важіль straight_link LH (R2),SKU-1510-RH,LH,straight_link,False,29.3,6.7,4.5,0.55,0.88,0.25,R2,R2,21.0,32,17.6,8.0
SKU-1510-RH,Важіль straight_link RH (R2),SKU-1510-LH,RH,straight_link,False,29.3,6.7,4.5,0.55,0.88,0.25,R2,R2,21.1,32,17.6,8.0
SKU-1511-LH,Важіль trailing LH (R2),SKU-1511-RH,LH,trailing,False,53.5,6.2,6.6,3.56,2.19,0.83,R2,R2,20.6,31,110.4,25.7
SKU-1511-RH,Важіль trailing RH (R2),SKU-1511-LH,RH,trailing,False,53.5,6.2,6.6,3.56,2.19,0.83,R2,R2,19.9,30,106.8,24.9
SKU-1512-LH,Важіль a_shaped LH (R2),SKU-1512-RH,LH,a_shaped,False,50.3,30.8,8.8,4.92,13.63,7.09,R2,R2,21.2,32,157.4,226.9
SKU-1512-RH,Важіль a_shaped RH (R2),SKU-1512-LH,RH,a_shaped,False,50.3,30.8,8.8,4.92,13.63,7.09,R2,R2,21.4,33,162.4,234.0
SKU-1513-LH,Важіль trailing LH (R2),SKU-1513-RH,LH,trailing,False,73.4,8.0,5.6,3.65,3.29,1.25,R2,R2,22.6,34,124.1,42.5
SKU-1513-RH,Важіль trailing RH (R2),SKU-1513-LH,RH,trailing,False,73.4,8.0,5.6,3.65,3.29,1.25,R2,R2,21.9,33,120.5,41.2
SKU-1514-LH,Важіль a_shaped LH (R2),SKU-1514-RH,LH,a_shaped,False,51.9,28.5,14.9,6.73,22.04,11.46,R2,R2,27.9,42,282.7,481.3
SKU-1514-RH,Важіль a_shaped RH (R2),SKU-1514-LH,RH,a_shaped,False,51.9,28.5,14.9,6.73,22.04,11.46,R2,R2,27.7,42,282.7,481.3
SKU-1515-LH,Важіль a_shaped LH (R2),SKU-1515-RH,LH,a_shaped,False,40.6,33.5,12.0,4.92,16.32,8.49,R2,R2,22.8,35,172.2,297.2
SKU-1515-RH,Важіль a_shaped RH (R2),SKU-1515-LH,RH,a_shaped,False,40.6,33.5,12.0,4.92,16.32,8.49,R2,R2,23.2,35,172.2,297.2
SKU-1516-LH,Важіль trailing LH (R2),SKU-1516-RH,LH,trailing,False,57.2,10.7,7.8,3.83,4.77,1.81,R2,R2,25.2,38,145.5,68.8
SKU-1516-RH,Важіль trailing RH (R2),SKU-1516-LH,RH,trailing,False,57.2,10.7,7.8,3.83,4.77,1.81,R2,R2,23.7,36,137.9,65.2
SKU-1517-LH,Важіль straight_link LH (R2),SKU-1517-RH,LH,straight_link,False,18.6,7.1,7.5,0.69,0.99,0.28,R2,R2,21.0,32,22.1,9.0
SKU-1517-RH,Важіль straight_link RH (R2),SKU-1517-LH,RH,straight_link,False,18.6,7.1,7.5,0.69,0.99,0.28,R2,R2,20.1,31,21.4,8.7
SKU-1518-LH,Важіль straight_link LH (R2),SKU-1518-RH,LH,straight_link,False,19.4,4.4,7.4,1.07,0.63,0.18,R2,R2,27.8,42,44.9,7.6
SKU-1518-RH,Важіль straight_link RH (R2),SKU-1518-LH,RH,straight_link,False,19.4,4.4,7.4,1.07,0.63,0.18,R2,R2,28.6,43,46.0,7.7
SKU-1519-LH,Важіль curved LH (R2),SKU-1519-RH,LH,curved,False,35.7,18.2,8.5,2.37,5.52,2.32,R2,R2,21.8,33,78.2,76.6
SKU-1519-RH,Важіль curved RH (R2),SKU-1519-LH,RH,curved,False,35.7,18.2,8.5,2.37,5.52,2.32,R2,R2,20.8,32,75.8,74.2
SKU-1520-LH,Важіль heavy_integral LH (R2),SKU-1520-RH,LH,heavy_integral,False,57.5,22.3,16.0,7.14,20.52,13.95,R2,R2,18.2,28,199.9,390.6
SKU-1520-RH,Важіль heavy_integral RH (R2),SKU-1520-LH,RH,heavy_integral,False,57.5,22.3,16.0,7.14,20.52,13.95,R2,R2,18.9,29,207.1,404.5
SKU-1521-LH,Важіль trailing LH (R2),SKU-1521-RH,LH,trailing,False,53.2,9.7,6.4,3.1,3.3,1.25,R2,R2,28.8,44,136.4,55.0
SKU-1521-RH,Важіль trailing RH (R2),SKU-1521-LH,RH,trailing,False,53.2,9.7,6.4,3.1,3.3,1.25,R2,R2,29.1,44,136.4,55.0
SKU-1522-LH,Важіль curved LH (R2),SKU-1522-RH,LH,curved,True,27.3,13.1,5.2,2.74,1.86,1.95,R2,R2,23.2,35,95.9,68.2
SKU-1522-RH,Важіль curved RH (R2),SKU-1522-LH,RH,curved,True,27.3,13.1,5.2,2.74,1.86,1.95,R2,R2,22.5,34,93.2,66.3
SKU-1523-LH,Важіль a_shaped LH (R2),SKU-1523-RH,LH,a_shaped,False,46.6,41.4,7.4,6.45,14.28,7.43,R2,R2,25.1,38,245.1,282.3
SKU-1523-RH,Важіль a_shaped RH (R2),SKU-1523-LH,RH,a_shaped,False,46.6,41.4,7.4,6.45,14.28,7.43,R2,R2,24.9,38,245.1,282.3
SKU-1524-LH,Важіль curved LH (R2),SKU-1524-RH,LH,curved,True,27.4,17.2,7.0,3.25,3.3,3.46,R2,R2,22.2,34,110.5,117.6
SKU-1524-RH,Важіль curved RH (R2),SKU-1524-LH,RH,curved,True,27.4,17.2,7.0,3.25,3.3,3.46,R2,R2,23.3,35,113.8,121.1
SKU-1525-LH,Важіль a_shaped LH (R2),SKU-1525-RH,LH,a_shaped,False,44.4,37.2,14.2,6.14,23.45,12.19,R2,R2,26.5,40,245.6,487.6
SKU-1525-RH,Важіль a_shaped RH (R2),SKU-1525-LH,RH,a_shaped,False,44.4,37.2,14.2,6.14,23.45,12.19,R2,R2,27.0,41,251.7,499.8
SKU-1526-LH,Важіль heavy_integral LH (R2),SKU-1526-RH,LH,heavy_integral,False,50.0,18.7,11.7,9.05,10.94,7.44,R2,R2,25.8,39,353.0,290.2
SKU-1526-RH,Важіль heavy_integral RH (R2),SKU-1526-LH,RH,heavy_integral,False,50.0,18.7,11.7,9.05,10.94,7.44,R2,R2,24.6,37,334.9,275.3
SKU-1527-LH,Важіль straight_link LH (R2),SKU-1527-RH,LH,straight_link,False,22.5,6.3,5.9,0.74,0.84,0.24,R2,R2,19.0,29,21.5,7.0
SKU-1527-RH,Важіль straight_link RH (R2),SKU-1527-LH,RH,straight_link,False,22.5,6.3,5.9,0.74,0.84,0.24,R2,R2,20.1,31,22.9,7.4
SKU-1528-LH,Важіль straight_link LH (R2),SKU-1528-RH,LH,straight_link,False,27.1,4.4,5.4,1.13,0.64,0.18,R2,R2,26.5,40,45.2,7.2
SKU-1528-RH,Важіль straight_link RH (R2),SKU-1528-LH,RH,straight_link,False,27.1,4.4,5.4,1.13,0.64,0.18,R2,R2,26.3,40,45.2,7.2
SKU-1529-LH,Важіль straight_link LH (R2),SKU-1529-RH,LH,straight_link,False,23.0,4.9,4.0,0.94,0.45,0.13,R2,R2,29.2,44,41.4,5.7
SKU-1529-RH,Важіль straight_link RH (R2),SKU-1529-LH,RH,straight_link,False,23.0,4.9,4.0,0.94,0.45,0.13,R2,R2,28.4,43,40.4,5.6
SKU-1530-LH,Важіль straight_link LH (R2),SKU-1530-RH,LH,straight_link,False,19.2,5.9,5.3,1.01,0.6,0.17,R2,R2,22.2,34,34.3,5.8
SKU-1530-RH,Важіль straight_link RH (R2),SKU-1530-LH,RH,straight_link,False,19.2,5.9,5.3,1.01,0.6,0.17,R2,R2,21.9,33,33.3,5.6
SKU-1531-LH,Важіль curved LH (R2),SKU-1531-RH,LH,curved,False,27.5,12.1,10.9,2.4,3.63,1.52,R2,R2,25.1,38,91.2,57.8
SKU-1531-RH,Важіль curved RH (R2),SKU-1531-LH,RH,curved,False,27.5,12.1,10.9,2.4,3.63,1.52,R2,R2,25.3,38,91.2,57.8
SKU-1532-LH,Важіль curved LH (R2),SKU-1532-RH,LH,curved,False,39.0,13.9,6.8,2.32,3.69,1.55,R2,R2,26.5,40,92.8,62.0
SKU-1532-RH,Важіль curved RH (R2),SKU-1532-LH,RH,curved,False,39.0,13.9,6.8,2.32,3.69,1.55,R2,R2,25.7,39,90.5,60.5
SKU-1533-LH,Важіль straight_link LH (R2),SKU-1533-RH,LH,straight_link,False,26.9,4.4,6.0,1.09,0.71,0.2,R2,R2,26.9,41,44.7,8.2
SKU-1533-RH,Важіль straight_link RH (R2),SKU-1533-LH,RH,straight_link,False,26.9,4.4,6.0,1.09,0.71,0.2,R2,R2,27.2,41,44.7,8.2
SKU-1534-LH,Важіль curved LH (R2),SKU-1534-RH,LH,curved,False,37.7,17.4,6.1,1.65,4.0,1.68,R2,R2,21.3,32,52.8,53.8
SKU-1534-RH,Важіль curved RH (R2),SKU-1534-LH,RH,curved,False,37.7,17.4,6.1,1.65,4.0,1.68,R2,R2,21.6,33,54.4,55.4
SKU-1535-LH,Важіль a_shaped LH (R2),SKU-1535-RH,LH,a_shaped,False,39.1,28.0,14.7,3.95,16.09,8.37,R2,R2,23.9,36,142.2,301.3
SKU-1535-RH,Важіль a_shaped RH (R2),SKU-1535-LH,RH,a_shaped,False,39.1,28.0,14.7,3.95,16.09,8.37,R2,R2,23.8,36,142.2,301.3
SKU-1536-LH,Важіль straight_link LH (R2),SKU-1536-RH,LH,straight_link,False,18.8,4.4,6.0,0.94,0.5,0.14,R2,R2,21.0,32,30.1,4.5
SKU-1536-RH,Важіль straight_link RH (R2),SKU-1536-LH,RH,straight_link,False,18.8,4.4,6.0,0.94,0.5,0.14,R2,R2,21.3,32,30.1,4.5
SKU-1537-LH,Важіль curved LH (R2),SKU-1537-RH,LH,curved,True,34.0,18.3,6.5,2.15,4.04,4.24,R2,R2,26.2,40,86.0,169.6
SKU-1537-RH,Важіль curved RH (R2),SKU-1537-LH,RH,curved,True,34.0,18.3,6.5,2.15,4.04,4.24,R2,R2,26.0,39,83.8,165.4
SKU-1538-LH,Важіль a_shaped LH (R2),SKU-1538-RH,LH,a_shaped,False,47.7,31.8,12.1,5.09,18.35,9.54,R2,R2,20.6,31,157.8,295.7
SKU-1538-RH,Важіль a_shaped RH (R2),SKU-1538-LH,RH,a_shaped,False,47.7,31.8,12.1,5.09,18.35,9.54,R2,R2,20.4,31,157.8,295.7
SKU-1539-LH,Важіль straight_link LH (R2),SKU-1539-RH,LH,straight_link,False,30.8,4.1,5.1,0.46,0.64,0.18,R2,R2,27.6,42,19.3,7.6
SKU-1539-RH,Важіль straight_link RH (R2),SKU-1539-LH,RH,straight_link,False,30.8,4.1,5.1,0.46,0.64,0.18,R2,R2,26.8,41,18.9,7.4
SKU-1540-LH,Важіль a_shaped LH (R2),SKU-1540-RH,LH,a_shaped,False,42.3,38.1,10.6,4.92,17.08,8.88,R2,R2,28.6,43,211.6,381.8
SKU-1540-RH,Важіль a_shaped RH (R2),SKU-1540-LH,RH,a_shaped,False,42.3,38.1,10.6,4.92,17.08,8.88,R2,R2,28.3,43,211.6,381.8
SKU-1541-LH,Важіль heavy_integral LH (R2),SKU-1541-RH,LH,heavy_integral,False,81.0,19.8,10.5,7.66,16.84,11.45,R2,R2,23.4,36,275.8,412.2
SKU-1541-RH,Важіль heavy_integral RH (R2),SKU-1541-LH,RH,heavy_integral,False,81.0,19.8,10.5,7.66,16.84,11.45,R2,R2,24.4,37,283.4,423.6
SKU-1542-LH,Важіль straight_link LH (R2),SKU-1542-RH,LH,straight_link,False,24.3,5.2,5.4,0.52,0.68,0.19,R2,R2,28.4,43,22.4,8.2
SKU-1542-RH,Важіль straight_link RH (R2),SKU-1542-LH,RH,straight_link,False,24.3,5.2,5.4,0.52,0.68,0.19,R2,R2,28.3,43,22.4,8.2
SKU-1543-LH,Важіль straight_link LH (R2),SKU-1543-RH,LH,straight_link,False,24.2,6.3,4.2,1.21,0.64,0.18,R2,R2,29.6,45,54.4,8.1
SKU-1543-RH,Важіль straight_link RH (R2),SKU-1543-LH,RH,straight_link,False,24.2,6.3,4.2,1.21,0.64,0.18,R2,R2,30.4,46,55.7,8.3
SKU-1544-LH,Важіль trailing LH (R2),SKU-1544-RH,LH,trailing,False,64.4,9.0,7.3,2.94,4.23,1.61,R2,R2,21.4,33,97.0,53.1
SKU-1544-RH,Важіль trailing RH (R2),SKU-1544-LH,RH,trailing,False,64.4,9.0,7.3,2.94,4.23,1.61,R2,R2,21.9,33,97.0,53.1
SKU-1545-LH,Важіль curved LH (R2),SKU-1545-RH,LH,curved,False,37.7,12.5,5.4,2.59,2.54,1.07,R2,R2,25.9,39,101.0,41.7
SKU-1545-RH,Важіль curved RH (R2),SKU-1545-LH,RH,curved,False,37.7,12.5,5.4,2.59,2.54,1.07,R2,R2,25.3,38,98.4,40.7
SKU-1546-LH,Важіль heavy_integral LH (R2),SKU-1546-RH,LH,heavy_integral,False,75.7,21.4,10.6,8.63,17.17,11.68,R2,R2,28.7,44,379.7,513.9
SKU-1546-RH,Важіль heavy_integral RH (R2),SKU-1546-LH,RH,heavy_integral,False,75.7,21.4,10.6,8.63,17.17,11.68,R2,R2,28.4,43,371.1,502.2
SKU-1547-LH,Важіль trailing LH (R2),SKU-1547-RH,LH,trailing,False,55.9,8.2,7.4,2.27,3.39,1.29,R2,R2,29.9,45,102.2,58.1
SKU-1547-RH,Важіль trailing RH (R2),SKU-1547-LH,RH,trailing,False,55.9,8.2,7.4,2.27,3.39,1.29,R2,R2,29.5,45,102.2,58.1
SKU-1548-LH,Важіль a_shaped LH (R2),SKU-1548-RH,LH,a_shaped,False,37.3,33.6,12.0,6.25,15.04,7.82,R2,R2,26.9,41,256.2,320.6
SKU-1548-RH,Важіль a_shaped RH (R2),SKU-1548-LH,RH,a_shaped,False,37.3,33.6,12.0,6.25,15.04,7.82,R2,R2,28.4,43,268.8,336.3
SKU-1549-LH,Важіль straight_link LH (R2),SKU-1549-RH,LH,straight_link,False,30.3,7.4,4.6,1.12,1.03,0.29,R2,R2,18.3,28,31.4,8.1
SKU-1549-RH,Важіль straight_link RH (R2),SKU-1549-LH,RH,straight_link,False,30.3,7.4,4.6,1.12,1.03,0.29,R2,R2,18.5,28,31.4,8.1
SKU-1550-LH,Важіль curved LH (R2),SKU-1550-RH,LH,curved,False,41.0,18.1,7.9,3.06,5.86,2.46,R2,R2,28.3,43,131.6,105.8
SKU-1550-RH,Важіль curved RH (R2),SKU-1550-LH,RH,curved,False,41.0,18.1,7.9,3.06,5.86,2.46,R2,R2,30.5,46,140.8,113.2
SKU-1551-LH,Важіль curved LH (R2),SKU-1551-RH,LH,curved,False,39.0,13.4,5.8,2.39,3.03,1.27,R2,R2,25.5,39,93.2,49.5
SKU-1551-RH,Важіль curved RH (R2),SKU-1551-LH,RH,curved,False,39.0,13.4,5.8,2.39,3.03,1.27,R2,R2,24.8,38,90.8,48.3
SKU-1552-LH,Важіль straight_link LH (R2),SKU-1552-RH,LH,straight_link,False,30.6,5.3,4.8,0.84,0.78,0.22,R2,R2,19.1,29,24.4,6.4
SKU-1552-RH,Важіль straight_link RH (R2),SKU-1552-LH,RH,straight_link,False,30.6,5.3,4.8,0.84,0.78,0.22,R2,R2,19.1,29,24.4,6.4
SKU-1553-LH,Важіль a_shaped LH (R2),SKU-1553-RH,LH,a_shaped,False,41.6,38.8,11.4,6.24,18.4,9.57,R2,R2,26.2,40,249.6,382.8
SKU-1553-RH,Важіль a_shaped RH (R2),SKU-1553-LH,RH,a_shaped,False,41.6,38.8,11.4,6.24,18.4,9.57,R2,R2,25.8,39,243.4,373.2
SKU-1554-LH,Важіль a_shaped LH (R2),SKU-1554-RH,LH,a_shaped,False,51.3,34.7,11.8,4.31,21.01,10.93,R2,R2,25.7,39,168.1,426.3
SKU-1554-RH,Важіль a_shaped RH (R2),SKU-1554-LH,RH,a_shaped,False,51.3,34.7,11.8,4.31,21.01,10.93,R2,R2,24.9,38,163.8,415.3
SKU-1555-LH,Важіль curved LH (R2),SKU-1555-RH,LH,curved,True,35.7,19.2,8.1,2.01,5.55,5.83,R2,R2,25.1,38,76.4,221.5
SKU-1555-RH,Важіль curved RH (R2),SKU-1555-LH,RH,curved,True,35.7,19.2,8.1,2.01,5.55,5.83,R2,R2,25.9,39,78.4,227.4
SKU-1556-LH,Важіль straight_link LH (R2),SKU-1556-RH,LH,straight_link,False,20.6,4.7,5.4,0.45,0.52,0.15,R2,R2,22.8,35,15.8,5.2
SKU-1556-RH,Важіль straight_link RH (R2),SKU-1556-LH,RH,straight_link,False,20.6,4.7,5.4,0.45,0.52,0.15,R2,R2,22.7,35,15.8,5.2
SKU-1557-LH,Важіль heavy_integral LH (R2),SKU-1557-RH,LH,heavy_integral,False,76.9,17.5,14.0,6.47,18.84,12.81,R2,R2,19.0,29,187.6,371.5
SKU-1557-RH,Важіль heavy_integral RH (R2),SKU-1557-LH,RH,heavy_integral,False,76.9,17.5,14.0,6.47,18.84,12.81,R2,R2,19.0,29,187.6,371.5
SKU-1558-LH,Важіль a_shaped LH (R2),SKU-1558-RH,LH,a_shaped,False,44.9,41.4,7.4,3.91,13.76,7.16,R2,R2,18.1,28,109.5,200.5
SKU-1558-RH,Важіль a_shaped RH (R2),SKU-1558-LH,RH,a_shaped,False,44.9,41.4,7.4,3.91,13.76,7.16,R2,R2,18.6,28,109.5,200.5
SKU-1559-LH,Важіль trailing LH (R2),SKU-1559-RH,LH,trailing,False,53.2,10.7,8.4,2.72,4.78,1.82,R2,R2,18.4,28,76.2,51.0
SKU-1559-RH,Важіль trailing RH (R2),SKU-1559-LH,RH,trailing,False,53.2,10.7,8.4,2.72,4.78,1.82,R2,R2,18.4,28,76.2,51.0
SKU-1560-LH,Важіль trailing LH (R2),SKU-1560-RH,LH,trailing,False,65.5,7.2,6.4,4.18,3.02,1.15,R2,R2,27.2,41,171.4,47.1
SKU-1560-RH,Важіль trailing RH (R2),SKU-1560-LH,RH,trailing,False,65.5,7.2,6.4,4.18,3.02,1.15,R2,R2,25.5,39,163.0,44.8
SKU-1561-LH,Важіль trailing LH (R2),SKU-1561-RH,LH,trailing,False,66.4,6.4,5.0,3.51,2.12,0.81,R2,R2,25.5,39,136.9,31.6
SKU-1561-RH,Важіль trailing RH (R2),SKU-1561-LH,RH,trailing,False,66.4,6.4,5.0,3.51,2.12,0.81,R2,R2,25.7,39,136.9,31.6
SKU-1562-LH,Важіль curved LH (R2),SKU-1562-RH,LH,curved,False,26.4,14.0,6.1,1.78,2.25,0.94,R2,R2,29.7,45,80.1,42.3
SKU-1562-RH,Важіль curved RH (R2),SKU-1562-LH,RH,curved,False,26.4,14.0,6.1,1.78,2.25,0.94,R2,R2,30.0,45,80.1,42.3
SKU-1563-LH,Важіль trailing LH (R2),SKU-1563-RH,LH,trailing,False,62.2,7.2,5.4,2.48,2.42,0.92,R2,R2,28.0,42,104.2,38.6
SKU-1563-RH,Важіль trailing RH (R2),SKU-1563-LH,RH,trailing,False,62.2,7.2,5.4,2.48,2.42,0.92,R2,R2,27.7,42,104.2,38.6
SKU-1564-LH,Важіль a_shaped LH (R2),SKU-1564-RH,LH,a_shaped,False,50.8,27.2,9.2,4.72,12.71,6.61,R2,R2,28.5,43,203.0,284.2
SKU-1564-RH,Важіль a_shaped RH (R2),SKU-1564-LH,RH,a_shaped,False,50.8,27.2,9.2,4.72,12.71,6.61,R2,R2,26.8,41,193.5,271.0
SKU-1565-LH,Важіль a_shaped LH (R2),SKU-1565-RH,LH,a_shaped,False,49.3,29.6,10.2,4.91,14.88,7.74,R2,R2,29.0,44,216.0,340.6
SKU-1565-RH,Важіль a_shaped RH (R2),SKU-1565-LH,RH,a_shaped,False,49.3,29.6,10.2,4.91,14.88,7.74,R2,R2,30.5,46,225.9,356.0
SKU-1566-LH,Важіль straight_link LH (R2),SKU-1566-RH,LH,straight_link,False,28.2,5.5,6.0,1.23,0.93,0.26,R2,R2,28.5,43,52.9,11.2
SKU-1566-RH,Важіль straight_link RH (R2),SKU-1566-LH,RH,straight_link,False,28.2,5.5,6.0,1.23,0.93,0.26,R2,R2,26.7,41,50.4,10.7
SKU-1567-LH,Важіль heavy_integral LH (R2),SKU-1567-RH,LH,heavy_integral,False,54.5,20.2,14.4,7.93,15.85,10.78,R2,R2,25.2,38,301.3,409.6
SKU-1567-RH,Важіль heavy_integral RH (R2),SKU-1567-LH,RH,heavy_integral,False,54.5,20.2,14.4,7.93,15.85,10.78,R2,R2,23.5,36,285.5,388.1
SKU-1568-LH,Важіль curved LH (R2),SKU-1568-RH,LH,curved,False,32.3,11.6,6.0,3.31,2.25,0.94,R2,R2,29.5,45,148.9,42.3
SKU-1568-RH,Важіль curved RH (R2),SKU-1568-LH,RH,curved,False,32.3,11.6,6.0,3.31,2.25,0.94,R2,R2,29.7,45,148.9,42.3
SKU-1569-LH,Важіль a_shaped LH (R2),SKU-1569-RH,LH,a_shaped,False,41.7,36.7,10.9,4.94,16.68,8.67,R2,R2,22.5,34,168.0,294.8
SKU-1569-RH,Важіль a_shaped RH (R2),SKU-1569-LH,RH,a_shaped,False,41.7,36.7,10.9,4.94,16.68,8.67,R2,R2,22.4,34,168.0,294.8
SKU-1570-LH,Важіль a_shaped LH (R2),SKU-1570-RH,LH,a_shaped,False,43.5,34.9,11.6,4.27,17.61,9.16,R2,R2,25.9,39,166.5,357.2
SKU-1570-RH,Важіль a_shaped RH (R2),SKU-1570-LH,RH,a_shaped,False,43.5,34.9,11.6,4.27,17.61,9.16,R2,R2,26.6,40,170.8,366.4
SKU-1571-LH,Важіль trailing LH (R2),SKU-1571-RH,LH,trailing,False,66.7,7.3,7.8,3.29,3.8,1.44,R2,R2,28.1,43,141.5,61.9
SKU-1571-RH,Важіль trailing RH (R2),SKU-1571-LH,RH,trailing,False,66.7,7.3,7.8,3.29,3.8,1.44,R2,R2,27.8,42,138.2,60.5
SKU-1572-LH,Важіль a_shaped LH (R2),SKU-1572-RH,LH,a_shaped,False,38.1,30.2,10.4,5.52,11.97,6.22,R2,R2,23.8,36,198.7,223.9
SKU-1572-RH,Важіль a_shaped RH (R2),SKU-1572-LH,RH,a_shaped,False,38.1,30.2,10.4,5.52,11.97,6.22,R2,R2,23.2,35,193.2,217.7
SKU-1573-LH,Важіль heavy_integral LH (R2),SKU-1573-RH,LH,heavy_integral,False,59.1,23.3,10.2,8.71,14.05,9.55,R2,R2,28.5,43,374.5,410.7
SKU-1573-RH,Важіль heavy_integral RH (R2),SKU-1573-LH,RH,heavy_integral,False,59.1,23.3,10.2,8.71,14.05,9.55,R2,R2,29.2,44,383.2,420.2
SKU-1574-LH,Важіль trailing LH (R2),SKU-1574-RH,LH,trailing,False,68.3,8.8,6.6,3.19,3.97,1.51,R2,R2,28.1,43,137.2,64.9
SKU-1574-RH,Важіль trailing RH (R2),SKU-1574-LH,RH,trailing,False,68.3,8.8,6.6,3.19,3.97,1.51,R2,R2,27.7,42,134.0,63.4
SKU-1575-LH,Важіль a_shaped LH (R2),SKU-1575-RH,LH,a_shaped,False,45.2,40.3,11.8,6.19,21.49,11.17,R2,R2,23.6,36,222.8,402.1
SKU-1575-RH,Важіль a_shaped RH (R2),SKU-1575-LH,RH,a_shaped,False,45.2,40.3,11.8,6.19,21.49,11.17,R2,R2,23.9,36,222.8,402.1
SKU-1576-LH,Важіль curved LH (R2),SKU-1576-RH,LH,curved,False,28.9,13.2,6.2,2.04,2.37,1.0,R2,R2,21.8,33,67.3,33.0
SKU-1576-RH,Важіль curved RH (R2),SKU-1576-LH,RH,curved,False,28.9,13.2,6.2,2.04,2.37,1.0,R2,R2,21.8,33,67.3,33.0
SKU-1577-LH,Важіль curved LH (R2),SKU-1577-RH,LH,curved,False,35.8,11.0,5.5,1.91,2.17,0.91,R2,R2,23.7,36,68.8,32.8
SKU-1577-RH,Важіль curved RH (R2),SKU-1577-LH,RH,curved,False,35.8,11.0,5.5,1.91,2.17,0.91,R2,R2,23.8,36,68.8,32.8
SKU-1578-LH,Важіль trailing LH (R2),SKU-1578-RH,LH,trailing,False,73.1,6.1,7.6,3.5,3.39,1.29,R2,R2,28.5,43,150.5,55.5
SKU-1578-RH,Важіль trailing RH (R2),SKU-1578-LH,RH,trailing,False,73.1,6.1,7.6,3.5,3.39,1.29,R2,R2,26.5,40,140.0,51.6
SKU-1579-LH,Важіль a_shaped LH (R2),SKU-1579-RH,LH,a_shaped,False,50.2,33.3,11.5,5.72,19.22,9.99,R2,R2,27.1,41,234.5,409.6
SKU-1579-RH,Важіль a_shaped RH (R2),SKU-1579-LH,RH,a_shaped,False,50.2,33.3,11.5,5.72,19.22,9.99,R2,R2,27.2,41,234.5,409.6
SKU-1580-LH,Важіль trailing LH (R2),SKU-1580-RH,LH,trailing,False,59.5,10.4,5.2,2.59,3.22,1.22,R2,R2,28.2,43,111.4,52.5
SKU-1580-RH,Важіль trailing RH (R2),SKU-1580-LH,RH,trailing,False,59.5,10.4,5.2,2.59,3.22,1.22,R2,R2,28.1,43,111.4,52.5
SKU-1581-LH,Важіль a_shaped LH (R2),SKU-1581-RH,LH,a_shaped,False,49.7,34.0,12.4,4.37,20.95,10.89,R2,R2,27.7,42,183.5,457.4
SKU-1581-RH,Важіль a_shaped RH (R2),SKU-1581-LH,RH,a_shaped,False,49.7,34.0,12.4,4.37,20.95,10.89,R2,R2,26.7,41,179.2,446.5
SKU-1582-LH,Важіль a_shaped LH (R2),SKU-1582-RH,LH,a_shaped,False,39.4,41.6,12.2,6.59,20.0,10.4,R2,R2,22.1,34,224.1,353.6
SKU-1582-RH,Важіль a_shaped RH (R2),SKU-1582-LH,RH,a_shaped,False,39.4,41.6,12.2,6.59,20.0,10.4,R2,R2,22.1,34,224.1,353.6
SKU-1583-LH,Важіль straight_link LH (R2),SKU-1583-RH,LH,straight_link,False,31.5,5.4,4.5,1.07,0.77,0.22,R2,R2,26.9,41,43.9,9.0
SKU-1583-RH,Важіль straight_link RH (R2),SKU-1583-LH,RH,straight_link,False,31.5,5.4,4.5,1.07,0.77,0.22,R2,R2,26.1,40,42.8,8.8
SKU-1584-LH,Важіль a_shaped LH (R2),SKU-1584-RH,LH,a_shaped,False,41.0,32.8,12.2,5.98,16.41,8.53,R2,R2,20.6,31,185.4,264.4
SKU-1584-RH,Важіль a_shaped RH (R2),SKU-1584-LH,RH,a_shaped,False,41.0,32.8,12.2,5.98,16.41,8.53,R2,R2,20.4,31,185.4,264.4
SKU-1585-LH,Важіль straight_link LH (R2),SKU-1585-RH,LH,straight_link,False,29.0,7.2,5.3,1.15,1.11,0.31,R2,R2,29.6,45,51.7,13.9
SKU-1585-RH,Важіль straight_link RH (R2),SKU-1585-LH,RH,straight_link,False,29.0,7.2,5.3,1.15,1.11,0.31,R2,R2,28.0,42,48.3,13.0
SKU-1586-LH,Важіль curved LH (R2),SKU-1586-RH,LH,curved,False,32.0,14.1,5.4,2.48,2.44,1.02,R2,R2,18.9,29,71.9,29.6
SKU-1586-RH,Важіль curved RH (R2),SKU-1586-LH,RH,curved,False,32.0,14.1,5.4,2.48,2.44,1.02,R2,R2,19.0,29,71.9,29.6
SKU-1587-LH,Важіль curved LH (R2),SKU-1587-RH,LH,curved,False,40.0,13.6,10.2,3.14,5.55,2.33,R2,R2,26.4,40,125.6,93.2
SKU-1587-RH,Важіль curved RH (R2),SKU-1587-LH,RH,curved,False,40.0,13.6,10.2,3.14,5.55,2.33,R2,R2,27.6,42,131.9,97.9
SKU-1588-LH,Важіль trailing LH (R2),SKU-1588-RH,LH,trailing,False,69.7,7.7,7.0,3.46,3.76,1.43,R2,R2,23.4,36,124.6,51.5
SKU-1588-RH,Важіль trailing RH (R2),SKU-1588-LH,RH,trailing,False,69.7,7.7,7.0,3.46,3.76,1.43,R2,R2,23.8,36,124.6,51.5
SKU-1589-LH,Важіль straight_link LH (R2),SKU-1589-RH,LH,straight_link,False,30.1,4.5,7.3,0.73,0.99,0.28,R2,R2,26.5,40,29.2,11.2
SKU-1589-RH,Важіль straight_link RH (R2),SKU-1589-LH,RH,straight_link,False,30.1,4.5,7.3,0.73,0.99,0.28,R2,R2,26.6,40,29.2,11.2
SKU-1590-LH,Важіль a_shaped LH (R2),SKU-1590-RH,LH,a_shaped,False,41.0,39.7,8.1,5.86,13.18,6.85,R2,R2,27.3,41,240.3,280.8
SKU-1590-RH,Важіль a_shaped RH (R2),SKU-1590-LH,RH,a_shaped,False,41.0,39.7,8.1,5.86,13.18,6.85,R2,R2,26.4,40,234.4,274.0
SKU-1591-LH,Важіль straight_link LH (R2),SKU-1591-RH,LH,straight_link,False,20.4,4.2,6.5,0.88,0.56,0.16,R2,R2,27.9,42,37.0,6.7
SKU-1591-RH,Важіль straight_link RH (R2),SKU-1591-LH,RH,straight_link,False,20.4,4.2,6.5,0.88,0.56,0.16,R2,R2,27.4,42,37.0,6.7
SKU-1592-LH,Важіль straight_link LH (R2),SKU-1592-RH,LH,straight_link,False,25.7,4.7,6.5,0.91,0.79,0.22,R2,R2,25.2,38,34.6,8.4
SKU-1592-RH,Важіль straight_link RH (R2),SKU-1592-LH,RH,straight_link,False,25.7,4.7,6.5,0.91,0.79,0.22,R2,R2,25.9,39,35.5,8.6
SKU-1593-LH,Важіль a_shaped LH (R2),SKU-1593-RH,LH,a_shaped,False,47.4,27.7,13.7,5.75,17.99,9.35,R2,R2,26.1,40,230.0,374.0
SKU-1593-RH,Важіль a_shaped RH (R2),SKU-1593-LH,RH,a_shaped,False,47.4,27.7,13.7,5.75,17.99,9.35,R2,R2,27.2,41,235.8,383.3
SKU-1594-LH,Важіль trailing LH (R2),SKU-1594-RH,LH,trailing,False,54.9,8.0,8.5,2.2,3.73,1.42,R2,R2,30.0,45,99.0,63.9
SKU-1594-RH,Важіль trailing RH (R2),SKU-1594-LH,RH,trailing,False,54.9,8.0,8.5,2.2,3.73,1.42,R2,R2,29.8,45,99.0,63.9
SKU-1595-LH,Важіль a_shaped LH (R2),SKU-1595-RH,LH,a_shaped,False,40.0,41.1,9.4,6.08,15.45,8.03,R2,R2,22.1,34,206.7,273.0
SKU-1595-RH,Важіль a_shaped RH (R2),SKU-1595-LH,RH,a_shaped,False,40.0,41.1,9.4,6.08,15.45,8.03,R2,R2,21.8,33,200.6,265.0
SKU-1596-LH,Важіль a_shaped LH (R2),SKU-1596-RH,LH,a_shaped,False,51.6,31.9,9.9,4.7,16.3,8.48,R2,R2,24.1,37,173.9,313.8
SKU-1596-RH,Важіль a_shaped RH (R2),SKU-1596-LH,RH,a_shaped,False,51.6,31.9,9.9,4.7,16.3,8.48,R2,R2,25.0,38,178.6,322.2
SKU-1597-LH,Важіль trailing LH (R2),SKU-1597-RH,LH,trailing,False,65.2,6.7,8.9,2.62,3.89,1.48,R2,R2,19.1,29,76.0,42.9
SKU-1597-RH,Важіль trailing RH (R2),SKU-1597-LH,RH,trailing,False,65.2,6.7,8.9,2.62,3.89,1.48,R2,R2,19.0,29,76.0,42.9
SKU-1598-LH,Важіль straight_link LH (R2),SKU-1598-RH,LH,straight_link,False,23.9,6.7,4.7,1.22,0.75,0.21,R2,R2,25.6,39,47.6,8.2
SKU-1598-RH,Важіль straight_link RH (R2),SKU-1598-LH,RH,straight_link,False,23.9,6.7,4.7,1.22,0.75,0.21,R2,R2,25.7,39,47.6,8.2
SKU-1599-LH,Важіль heavy_integral LH (R2),SKU-1599-RH,LH,heavy_integral,False,74.1,21.1,12.6,8.76,19.7,13.4,R2,R2,29.8,45,394.2,603.0
SKU-1599-RH,Важіль heavy_integral RH (R2),SKU-1599-LH,RH,heavy_integral,False,74.1,21.1,12.6,8.76,19.7,13.4,R2,R2,31.0,47,411.7,629.8
SKU-1600-LH,Важіль straight_link LH (R2),SKU-1600-RH,LH,straight_link,False,18.8,4.7,5.5,0.62,0.49,0.14,R2,R2,18.6,28,17.4,3.9
SKU-1600-RH,Важіль straight_link RH (R2),SKU-1600-LH,RH,straight_link,False,18.8,4.7,5.5,0.62,0.49,0.14,R2,R2,18.5,28,17.4,3.9
SKU-1601-LH,Важіль a_shaped LH (R2),SKU-1601-RH,LH,a_shaped,False,38.7,27.9,7.5,5.92,8.1,4.21,R2,R2,29.0,44,260.5,185.2
SKU-1601-RH,Важіль a_shaped RH (R2),SKU-1601-LH,RH,a_shaped,False,38.7,27.9,7.5,5.92,8.1,4.21,R2,R2,28.3,43,254.6,181.0
SKU-1602-LH,Важіль curved LH (R2),SKU-1602-RH,LH,curved,False,31.6,14.5,8.7,2.89,3.99,1.68,R2,R2,18.6,28,80.9,47.0
SKU-1602-RH,Важіль curved RH (R2),SKU-1602-LH,RH,curved,False,31.6,14.5,8.7,2.89,3.99,1.68,R2,R2,20.1,31,89.6,52.1
SKU-1603-LH,Важіль a_shaped LH (R2),SKU-1603-RH,LH,a_shaped,False,36.9,29.0,7.3,4.85,7.81,4.06,R2,R2,27.3,41,198.8,166.5
SKU-1603-RH,Важіль a_shaped RH (R2),SKU-1603-LH,RH,a_shaped,False,36.9,29.0,7.3,4.85,7.81,4.06,R2,R2,27.5,42,203.7,170.5
SKU-1604-LH,Важіль curved LH (R2),SKU-1604-RH,LH,curved,False,34.1,20.3,10.2,1.62,7.06,2.97,R2,R2,27.3,41,66.4,121.8
SKU-1604-RH,Важіль curved RH (R2),SKU-1604-LH,RH,curved,False,34.1,20.3,10.2,1.62,7.06,2.97,R2,R2,28.4,43,69.7,127.7
SKU-1605-LH,Важіль curved LH (R2),SKU-1605-RH,LH,curved,False,41.8,19.1,6.5,2.57,5.19,2.18,R2,R2,30.8,47,120.8,102.5
SKU-1605-RH,Важіль curved RH (R2),SKU-1605-LH,RH,curved,False,41.8,19.1,6.5,2.57,5.19,2.18,R2,R2,28.9,44,113.1,95.9
SKU-1606-LH,Важіль curved LH (R2),SKU-1606-RH,LH,curved,False,31.5,10.1,7.4,2.02,2.35,0.99,R2,R2,27.5,42,84.8,41.6
SKU-1606-RH,Важіль curved RH (R2),SKU-1606-LH,RH,curved,False,31.5,10.1,7.4,2.02,2.35,0.99,R2,R2,28.6,43,86.9,42.6
SKU-1607-LH,Важіль a_shaped LH (R2),SKU-1607-RH,LH,a_shaped,True,40.9,29.9,8.9,3.82,10.88,11.42,R2,R2,20.3,31,118.4,354.0
SKU-1607-RH,Важіль a_shaped RH (R2),SKU-1607-LH,RH,a_shaped,True,40.9,29.9,8.9,3.82,10.88,11.42,R2,R2,19.9,30,114.6,342.6
SKU-1608-LH,Важіль straight_link LH (R2),SKU-1608-RH,LH,straight_link,False,23.3,7.1,7.2,0.89,1.19,0.33,R2,R2,21.3,32,28.5,10.6
SKU-1608-RH,Важіль straight_link RH (R2),SKU-1608-LH,RH,straight_link,False,23.3,7.1,7.2,0.89,1.19,0.33,R2,R2,22.8,35,31.2,11.6
SKU-1609-LH,Важіль straight_link LH (R2),SKU-1609-RH,LH,straight_link,True,22.2,5.0,5.1,0.56,0.57,0.6,R2,R2,26.6,40,22.4,24.0
SKU-1609-RH,Важіль straight_link RH (R2),SKU-1609-LH,RH,straight_link,True,22.2,5.0,5.1,0.56,0.57,0.6,R2,R2,27.7,42,23.5,25.2
SKU-1610-LH,Важіль curved LH (R2),SKU-1610-RH,LH,curved,False,27.1,20.9,6.1,3.08,3.45,1.45,R2,R2,23.7,36,110.9,52.2
SKU-1610-RH,Важіль curved RH (R2),SKU-1610-LH,RH,curved,False,27.1,20.9,6.1,3.08,3.45,1.45,R2,R2,25.4,39,120.1,56.5
SKU-1611-LH,Важіль trailing LH (R2),SKU-1611-RH,LH,trailing,False,74.4,6.8,8.4,2.13,4.25,1.61,R2,R2,24.7,38,80.9,61.2
SKU-1611-RH,Важіль trailing RH (R2),SKU-1611-LH,RH,trailing,False,74.4,6.8,8.4,2.13,4.25,1.61,R2,R2,25.0,38,80.9,61.2
SKU-1612-LH,Важіль curved LH (R2),SKU-1612-RH,LH,curved,False,39.1,20.7,6.2,2.11,5.02,2.11,R2,R2,21.3,32,67.5,67.5
SKU-1612-RH,Важіль curved RH (R2),SKU-1612-LH,RH,curved,False,39.1,20.7,6.2,2.11,5.02,2.11,R2,R2,21.3,32,67.5,67.5
SKU-1613-LH,Важіль curved LH (R2),SKU-1613-RH,LH,curved,False,28.6,18.3,6.0,2.16,3.14,1.32,R2,R2,24.6,37,79.9,48.8
SKU-1613-RH,Важіль curved RH (R2),SKU-1613-LH,RH,curved,False,28.6,18.3,6.0,2.16,3.14,1.32,R2,R2,24.5,37,79.9,48.8
SKU-1614-LH,Важіль curved LH (R2),SKU-1614-RH,LH,curved,False,28.5,16.6,5.5,2.28,2.6,1.09,R2,R2,22.1,34,77.5,37.1
SKU-1614-RH,Важіль curved RH (R2),SKU-1614-LH,RH,curved,False,28.5,16.6,5.5,2.28,2.6,1.09,R2,R2,22.5,34,77.5,37.1
SKU-1615-LH,Важіль trailing LH (R2),SKU-1615-RH,LH,trailing,False,76.8,7.8,5.2,2.48,3.12,1.19,R2,R2,23.5,36,89.3,42.8
SKU-1615-RH,Важіль trailing RH (R2),SKU-1615-LH,RH,trailing,False,76.8,7.8,5.2,2.48,3.12,1.19,R2,R2,22.1,34,84.3,40.5
SKU-1616-LH,Важіль a_shaped LH (R2),SKU-1616-RH,LH,a_shaped,False,37.7,41.7,10.1,6.08,15.88,8.26,R2,R2,22.3,34,206.7,280.8
SKU-1616-RH,Важіль a_shaped RH (R2),SKU-1616-LH,RH,a_shaped,False,37.7,41.7,10.1,6.08,15.88,8.26,R2,R2,21.6,33,200.6,272.6
SKU-1617-LH,Важіль trailing LH (R2),SKU-1617-RH,LH,trailing,False,76.4,10.6,8.5,3.41,6.88,2.61,R2,R2,26.7,41,139.8,107.0
SKU-1617-RH,Важіль trailing RH (R2),SKU-1617-LH,RH,trailing,False,76.4,10.6,8.5,3.41,6.88,2.61,R2,R2,27.3,41,139.8,107.0
SKU-1618-LH,Важіль a_shaped LH (R2),SKU-1618-RH,LH,a_shaped,False,46.2,31.7,8.2,5.51,12.01,6.25,R2,R2,27.5,42,231.4,262.5
SKU-1618-RH,Важіль a_shaped RH (R2),SKU-1618-LH,RH,a_shaped,False,46.2,31.7,8.2,5.51,12.01,6.25,R2,R2,27.0,41,225.9,256.2
SKU-1619-LH,Важіль trailing LH (R2),SKU-1619-RH,LH,trailing,False,58.2,7.5,7.6,3.36,3.32,1.26,R2,R2,26.1,40,134.4,50.4
SKU-1619-RH,Важіль trailing RH (R2),SKU-1619-LH,RH,trailing,False,58.2,7.5,7.6,3.36,3.32,1.26,R2,R2,27.0,41,137.8,51.7
SKU-1620-LH,Важіль trailing LH (R2),SKU-1620-RH,LH,trailing,False,64.2,10.0,5.7,2.33,3.66,1.39,R2,R2,28.2,43,100.2,59.8
SKU-1620-RH,Важіль trailing RH (R2),SKU-1620-LH,RH,trailing,False,64.2,10.0,5.7,2.33,3.66,1.39,R2,R2,29.0,44,102.5,61.2
SKU-1621-LH,Важіль straight_link LH (R2),SKU-1621-RH,LH,straight_link,True,27.7,5.1,4.2,1.01,0.59,0.62,R2,R2,20.7,32,32.3,19.8
SKU-1621-RH,Важіль straight_link RH (R2),SKU-1621-LH,RH,straight_link,True,27.7,5.1,4.2,1.01,0.59,0.62,R2,R2,20.2,31,31.3,19.2
SKU-1622-LH,Важіль straight_link LH (R2),SKU-1622-RH,LH,straight_link,False,22.2,4.3,7.2,0.41,0.69,0.19,R2,R2,23.1,35,14.3,6.7
SKU-1622-RH,Важіль straight_link RH (R2),SKU-1622-LH,RH,straight_link,False,22.2,4.3,7.2,0.41,0.69,0.19,R2,R2,23.4,36,14.8,6.8
SKU-1623-LH,Важіль straight_link LH (R2),SKU-1623-RH,LH,straight_link,False,20.3,7.4,4.7,1.14,0.71,0.2,R2,R2,25.3,38,43.3,7.6
SKU-1623-RH,Важіль straight_link RH (R2),SKU-1623-LH,RH,straight_link,False,20.3,7.4,4.7,1.14,0.71,0.2,R2,R2,24.7,38,43.3,7.6
SKU-1624-LH,Важіль curved LH (R2),SKU-1624-RH,LH,curved,False,29.1,12.0,10.5,2.19,3.67,1.54,R2,R2,22.9,35,76.6,53.9
SKU-1624-RH,Важіль curved RH (R2),SKU-1624-LH,RH,curved,False,29.1,12.0,10.5,2.19,3.67,1.54,R2,R2,22.2,34,74.5,52.4
SKU-1625-LH,Важіль a_shaped LH (R2),SKU-1625-RH,LH,a_shaped,False,47.8,35.6,14.0,3.76,23.82,12.39,R2,R2,21.0,32,120.3,396.5
SKU-1625-RH,Важіль a_shaped RH (R2),SKU-1625-LH,RH,a_shaped,False,47.8,35.6,14.0,3.76,23.82,12.39,R2,R2,20.6,31,116.6,384.1
SKU-1626-LH,Важіль straight_link LH (R2),SKU-1626-RH,LH,straight_link,False,30.9,5.5,5.2,1.36,0.88,0.25,R2,R2,23.3,35,47.6,8.8
SKU-1626-RH,Важіль straight_link RH (R2),SKU-1626-LH,RH,straight_link,False,30.9,5.5,5.2,1.36,0.88,0.25,R2,R2,23.1,35,47.6,8.8
SKU-1627-LH,Важіль straight_link LH (R2),SKU-1627-RH,LH,straight_link,False,26.0,6.7,6.8,0.74,1.18,0.33,R2,R2,23.9,36,26.6,11.9
SKU-1627-RH,Важіль straight_link RH (R2),SKU-1627-LH,RH,straight_link,False,26.0,6.7,6.8,0.74,1.18,0.33,R2,R2,23.0,35,25.9,11.6
SKU-1628-LH,Важіль curved LH (R2),SKU-1628-RH,LH,curved,False,41.1,17.5,9.4,3.05,6.76,2.84,R2,R2,27.9,42,128.1,119.3
SKU-1628-RH,Важіль curved RH (R2),SKU-1628-LH,RH,curved,False,41.1,17.5,9.4,3.05,6.76,2.84,R2,R2,27.1,41,125.0,116.4
SKU-1629-LH,Важіль a_shaped LH (R2),SKU-1629-RH,LH,a_shaped,False,46.8,33.2,13.0,4.74,20.2,10.5,R2,R2,25.0,38,180.1,399.0
SKU-1629-RH,Важіль a_shaped RH (R2),SKU-1629-LH,RH,a_shaped,False,46.8,33.2,13.0,4.74,20.2,10.5,R2,R2,26.1,40,189.6,420.0
SKU-1630-LH,Важіль heavy_integral LH (R2),SKU-1630-RH,LH,heavy_integral,False,56.5,18.9,16.0,8.28,17.09,11.62,R2,R2,21.4,33,273.2,383.5
SKU-1630-RH,Важіль heavy_integral RH (R2),SKU-1630-LH,RH,heavy_integral,False,56.5,18.9,16.0,8.28,17.09,11.62,R2,R2,20.9,32,265.0,371.8
SKU-1631-LH,Важіль curved LH (R2),SKU-1631-RH,LH,curved,False,32.8,15.7,10.4,2.55,5.36,2.25,R2,R2,26.0,39,99.4,87.8
SKU-1631-RH,Важіль curved RH (R2),SKU-1631-LH,RH,curved,False,32.8,15.7,10.4,2.55,5.36,2.25,R2,R2,26.4,40,102.0,90.0
SKU-1632-LH,Важіль trailing LH (R2),SKU-1632-RH,LH,trailing,False,57.4,6.0,5.2,4.15,1.79,0.68,R2,R2,21.2,32,132.8,21.8
SKU-1632-RH,Важіль trailing RH (R2),SKU-1632-LH,RH,trailing,False,57.4,6.0,5.2,4.15,1.79,0.68,R2,R2,21.5,33,137.0,22.4
SKU-1633-LH,Важіль straight_link LH (R2),SKU-1633-RH,LH,straight_link,False,20.1,6.5,6.1,1.13,0.8,0.22,R2,R2,28.3,43,48.6,9.5
SKU-1633-RH,Важіль straight_link RH (R2),SKU-1633-LH,RH,straight_link,False,20.1,6.5,6.1,1.13,0.8,0.22,R2,R2,27.4,42,47.5,9.2
SKU-1634-LH,Важіль straight_link LH (R2),SKU-1634-RH,LH,straight_link,False,27.1,4.2,7.1,0.52,0.81,0.23,R2,R2,22.5,34,17.7,7.8
SKU-1634-RH,Важіль straight_link RH (R2),SKU-1634-LH,RH,straight_link,False,27.1,4.2,7.1,0.52,0.81,0.23,R2,R2,22.1,34,17.7,7.8
SKU-1635-LH,Важіль straight_link LH (R2),SKU-1635-RH,LH,straight_link,False,24.6,7.0,5.2,1.27,0.9,0.25,R2,R2,19.5,30,38.1,7.5
SKU-1635-RH,Важіль straight_link RH (R2),SKU-1635-LH,RH,straight_link,False,24.6,7.0,5.2,1.27,0.9,0.25,R2,R2,19.6,30,38.1,7.5
SKU-1636-LH,Важіль straight_link LH (R2),SKU-1636-RH,LH,straight_link,False,24.0,4.6,6.5,0.94,0.72,0.2,R2,R2,25.0,38,35.7,7.6
SKU-1636-RH,Важіль straight_link RH (R2),SKU-1636-LH,RH,straight_link,False,24.0,4.6,6.5,0.94,0.72,0.2,R2,R2,25.0,38,35.7,7.6
SKU-1637-LH,Важіль straight_link LH (R2),SKU-1637-RH,LH,straight_link,True,22.5,6.0,7.0,1.07,0.94,0.99,R2,R2,24.1,37,39.6,36.6
SKU-1637-RH,Важіль straight_link RH (R2),SKU-1637-LH,RH,straight_link,True,22.5,6.0,7.0,1.07,0.94,0.99,R2,R2,23.6,36,38.5,35.6
SKU-1638-LH,Важіль curved LH (R2),SKU-1638-RH,LH,curved,False,34.4,13.1,5.3,2.91,2.39,1.0,R2,R2,19.1,29,84.4,29.0
SKU-1638-RH,Важіль curved RH (R2),SKU-1638-LH,RH,curved,False,34.4,13.1,5.3,2.91,2.39,1.0,R2,R2,19.5,30,87.3,30.0
SKU-1639-LH,Важіль trailing LH (R2),SKU-1639-RH,LH,trailing,False,67.6,6.8,6.5,3.4,2.99,1.14,R2,R2,30.2,46,156.4,52.4
SKU-1639-RH,Важіль trailing RH (R2),SKU-1639-LH,RH,trailing,False,67.6,6.8,6.5,3.4,2.99,1.14,R2,R2,30.6,46,156.4,52.4
SKU-1640-LH,Важіль heavy_integral LH (R2),SKU-1640-RH,LH,heavy_integral,False,68.9,17.9,15.3,8.88,18.87,12.83,R2,R2,25.2,38,337.4,487.5
SKU-1640-RH,Важіль heavy_integral RH (R2),SKU-1640-LH,RH,heavy_integral,False,68.9,17.9,15.3,8.88,18.87,12.83,R2,R2,25.3,38,337.4,487.5
SKU-1641-LH,Важіль curved LH (R2),SKU-1641-RH,LH,curved,False,34.3,12.4,9.8,1.93,4.17,1.75,R2,R2,18.9,29,56.0,50.8
SKU-1641-RH,Важіль curved RH (R2),SKU-1641-LH,RH,curved,False,34.3,12.4,9.8,1.93,4.17,1.75,R2,R2,19.3,29,56.0,50.8
SKU-1642-LH,Важіль curved LH (R2),SKU-1642-RH,LH,curved,False,30.4,16.7,7.1,3.28,3.6,1.51,R2,R2,29.1,44,144.3,66.4
SKU-1642-RH,Важіль curved RH (R2),SKU-1642-LH,RH,curved,False,30.4,16.7,7.1,3.28,3.6,1.51,R2,R2,28.7,44,144.3,66.4
SKU-1643-LH,Важіль straight_link LH (R2),SKU-1643-RH,LH,straight_link,False,18.5,5.7,5.2,1.32,0.55,0.15,R2,R2,18.2,28,37.0,4.2
SKU-1643-RH,Важіль straight_link RH (R2),SKU-1643-LH,RH,straight_link,False,18.5,5.7,5.2,1.32,0.55,0.15,R2,R2,18.5,28,37.0,4.2
SKU-1644-LH,Важіль a_shaped LH (R2),SKU-1644-RH,LH,a_shaped,False,37.4,41.6,11.1,5.57,17.27,8.98,R2,R2,20.8,32,178.2,287.4
SKU-1644-RH,Важіль a_shaped RH (R2),SKU-1644-LH,RH,a_shaped,False,37.4,41.6,11.1,5.57,17.27,8.98,R2,R2,20.7,32,178.2,287.4
SKU-1645-LH,Важіль curved LH (R2),SKU-1645-RH,LH,curved,True,27.7,20.0,6.4,1.95,3.55,3.73,R2,R2,24.6,37,72.1,138.0
SKU-1645-RH,Важіль curved RH (R2),SKU-1645-LH,RH,curved,True,27.7,20.0,6.4,1.95,3.55,3.73,R2,R2,23.2,35,68.2,130.6
SKU-1646-LH,Важіль a_shaped LH (R2),SKU-1646-RH,LH,a_shaped,False,37.9,26.6,7.4,6.27,7.46,3.88,R2,R2,18.7,29,181.8,112.5
SKU-1646-RH,Важіль a_shaped RH (R2),SKU-1646-LH,RH,a_shaped,False,37.9,26.6,7.4,6.27,7.46,3.88,R2,R2,19.3,29,181.8,112.5
SKU-1647-LH,Важіль curved LH (R2),SKU-1647-RH,LH,curved,False,30.2,15.1,5.2,2.41,2.37,1.0,R2,R2,25.1,38,91.6,38.0
SKU-1647-RH,Важіль curved RH (R2),SKU-1647-LH,RH,curved,False,30.2,15.1,5.2,2.41,2.37,1.0,R2,R2,24.6,37,89.2,37.0
SKU-1648-LH,Важіль curved LH (R2),SKU-1648-RH,LH,curved,False,27.7,14.4,5.6,2.98,2.23,0.94,R2,R2,30.7,47,140.1,44.2
SKU-1648-RH,Важіль curved RH (R2),SKU-1648-LH,RH,curved,False,27.7,14.4,5.6,2.98,2.23,0.94,R2,R2,30.5,46,137.1,43.2
SKU-1649-LH,Важіль trailing LH (R2),SKU-1649-RH,LH,trailing,False,70.2,7.4,7.5,3.06,3.9,1.48,R2,R2,24.3,37,113.2,54.8
SKU-1649-RH,Важіль trailing RH (R2),SKU-1649-LH,RH,trailing,False,70.2,7.4,7.5,3.06,3.9,1.48,R2,R2,23.4,36,110.2,53.3
SKU-1650-UNI,Тяга/стійка straight_link UNI (R2),,UNI,straight_link,False,30.9,4.2,5.7,1.31,0.74,0.21,R2,R2,25.3,38,49.8,8.0
SKU-1651-UNI,Тяга/стійка straight_link UNI (R2),,UNI,straight_link,False,21.5,5.2,7.0,0.96,0.78,0.22,R2,R2,24.2,37,35.5,8.1
SKU-1652-UNI,Тяга/стійка trailing UNI (R2),,UNI,trailing,True,52.4,10.8,6.5,3.37,3.68,3.86,R2,R2,19.0,29,97.7,111.9
SKU-1653-UNI,Тяга/стійка straight_link UNI (R2),,UNI,straight_link,False,31.1,6.0,4.4,0.98,0.82,0.23,R2,R2,27.2,41,40.2,9.4
SKU-1654-UNI,Тяга/стійка trailing UNI (R2),,UNI,trailing,False,74.9,9.2,8.6,3.41,5.93,2.25,R2,R2,19.6,30,102.3,67.5
SKU-1655-UNI,Тяга/стійка straight_link UNI (R2),,UNI,straight_link,False,20.8,7.2,6.7,1.08,1.0,0.28,R2,R2,21.6,33,35.6,9.2
SKU-1656-UNI,Тяга/стійка straight_link UNI (R2),,UNI,straight_link,False,28.6,5.7,4.8,1.02,0.78,0.22,R2,R2,18.5,28,28.6,6.2
SKU-1657-UNI,Тяга/стійка straight_link UNI (R2),,UNI,straight_link,False,24.6,4.5,7.4,0.61,0.82,0.23,R2,R2,19.6,30,18.3,6.9
SKU-1658-UNI,Тяга/стійка straight_link UNI (R2),,UNI,straight_link,False,28.8,5.5,6.0,0.42,0.95,0.27,R2,R2,18.4,28,11.8,7.6
SKU-1659-UNI,Тяга/стійка straight_link UNI (R2),,UNI,straight_link,False,29.4,7.1,4.3,0.94,0.9,0.25,R2,R2,29.0,44,41.4,11.0
SKU-1660-UNI,Тяга/стійка straight_link UNI (R2),,UNI,straight_link,False,29.6,4.5,7.3,1.15,0.97,0.27,R2,R2,29.3,44,50.6,11.9
SKU-1661-UNI,Тяга/стійка straight_link UNI (R2),,UNI,straight_link,False,23.1,7.3,5.0,0.73,0.84,0.24,R2,R2,26.4,40,29.2,9.6
SKU-1662-UNI,Тяга/стійка trailing UNI (R2),,UNI,trailing,False,76.2,7.0,8.2,3.65,4.37,1.66,R2,R2,18.8,29,105.8,48.1
SKU-1663-UNI,Тяга/стійка straight_link UNI (R2),,UNI,straight_link,False,22.0,5.1,7.4,1.04,0.83,0.23,R2,R2,26.6,40,41.6,9.2
SKU-1664-UNI,Тяга/стійка straight_link UNI (R2),,UNI,straight_link,False,23.3,6.8,5.5,1.27,0.87,0.24,R2,R2,20.2,31,39.4,7.4
SKU-1665-UNI,Тяга/стійка straight_link UNI (R2),,UNI,straight_link,False,21.1,5.1,6.6,0.79,0.71,0.2,R2,R2,25.3,38,30.0,7.6
SKU-1666-UNI,Тяга/стійка straight_link UNI (R2),,UNI,straight_link,False,28.4,4.8,4.2,0.7,0.57,0.16,R2,R2,23.7,36,25.2,5.8
SKU-1667-UNI,Тяга/стійка straight_link UNI (R2),,UNI,straight_link,False,23.0,5.4,4.2,0.98,0.52,0.15,R2,R2,28.6,43,42.1,6.5
SKU-1668-UNI,Тяга/стійка straight_link UNI (R2),,UNI,straight_link,False,26.4,6.3,5.5,1.1,0.91,0.25,R2,R2,22.9,35,38.5,8.8
SKU-1669-UNI,Тяга/стійка straight_link UNI (R2),,UNI,straight_link,False,18.1,6.4,6.3,0.44,0.73,0.2,R2,R2,22.4,34,15.0,6.8
SKU-1670-UNI,Тяга/стійка straight_link UNI (R2),,UNI,straight_link,False,23.9,5.8,7.2,1.12,1.0,0.28,R2,R2,25.0,38,42.6,10.6
SKU-1671-UNI,Тяга/стійка trailing UNI (R2),,UNI,trailing,False,74.5,8.3,6.9,2.91,4.27,1.62,R2,R2,29.6,45,131.0,72.9
SKU-1672-UNI,Тяга/стійка trailing UNI (R2),,UNI,trailing,False,54.2,10.3,6.9,2.24,3.85,1.46,R2,R2,24.6,37,82.9,54.0
SKU-1673-UNI,Тяга/стійка straight_link UNI (R2),,UNI,straight_link,False,30.3,4.7,6.9,0.96,0.98,0.27,R2,R2,18.7,29,27.8,7.8
SKU-1674-UNI,Тяга/стійка straight_link UNI (R2),,UNI,straight_link,False,25.2,5.0,5.6,1.26,0.71,0.2,R2,R2,21.7,33,41.6,6.6
SKU-1675-UNI,Тяга/стійка straight_link UNI (R2),,UNI,straight_link,False,19.8,5.0,6.7,0.87,0.66,0.18,R2,R2,20.7,32,27.8,5.8
SKU-1676-UNI,Тяга/стійка straight_link UNI (R2),,UNI,straight_link,False,22.7,7.3,5.2,1.39,0.86,0.24,R2,R2,23.8,36,50.0,8.6
SKU-1677-UNI,Тяга/стійка trailing UNI (R2),,UNI,trailing,False,75.2,8.3,7.8,4.17,4.87,1.85,R2,R2,18.6,28,116.8,51.8
SKU-1678-UNI,Тяга/стійка straight_link UNI (R2),,UNI,straight_link,True,28.1,5.0,4.6,0.44,0.65,0.68,R2,R2,18.3,28,12.3,19.0
SKU-1679-UNI,Тяга/стійка straight_link UNI (R2),,UNI,straight_link,False,19.9,5.6,6.1,0.83,0.68,0.19,R2,R2,18.3,28,23.2,5.3
SKU-1680-UNI,Тяга/стійка straight_link UNI (R2),,UNI,straight_link,False,18.1,6.7,7.1,0.83,0.86,0.24,R2,R2,24.4,37,30.7,8.9
SKU-1681-UNI,Тяга/стійка straight_link UNI (R2),,UNI,straight_link,False,23.4,7.1,7.1,0.74,1.18,0.33,R2,R2,25.4,39,28.9,12.9
SKU-1682-UNI,Тяга/стійка straight_link UNI (R2),,UNI,straight_link,False,31.5,5.8,5.6,0.68,1.02,0.29,R2,R2,29.5,45,30.6,13.0
SKU-1683-UNI,Тяга/стійка straight_link UNI (R2),,UNI,straight_link,False,26.1,5.0,5.0,0.8,0.65,0.18,R2,R2,30.0,45,36.0,8.1
SKU-1684-UNI,Тяга/стійка straight_link UNI (R2),,UNI,straight_link,True,26.1,4.3,4.5,0.84,0.51,0.54,R2,R2,24.1,37,31.1,20.0
SKU-1685-UNI,Тяга/стійка straight_link UNI (R2),,UNI,straight_link,False,22.4,4.3,5.1,1.37,0.49,0.14,R2,R2,29.3,44,60.3,6.2
SKU-1686-UNI,Тяга/стійка straight_link UNI (R2),,UNI,straight_link,False,26.0,7.2,4.0,1.21,0.75,0.21,R2,R2,29.4,45,54.4,9.4
SKU-1687-UNI,Тяга/стійка straight_link UNI (R2),,UNI,straight_link,True,20.3,7.4,5.9,0.41,0.89,0.93,R2,R2,21.1,32,13.1,29.8
SKU-1688-UNI,Тяга/стійка straight_link UNI (R2),,UNI,straight_link,False,27.7,6.6,7.5,0.69,1.37,0.38,R2,R2,24.5,37,25.5,14.1
SKU-1689-UNI,Тяга/стійка straight_link UNI (R2),,UNI,straight_link,False,23.7,4.6,7.4,1.25,0.81,0.23,R2,R2,24.0,36,45.0,8.3
SKU-1690-UNI,Тяга/стійка straight_link UNI (R2),,UNI,straight_link,False,21.2,5.9,6.4,0.92,0.8,0.22,R2,R2,29.9,45,41.4,9.9
SKU-1691-UNI,Тяга/стійка straight_link UNI (R2),,UNI,straight_link,False,23.2,6.7,4.6,0.78,0.72,0.2,R2,R2,22.2,34,26.5,6.8
SKU-1692-UNI,Тяга/стійка straight_link UNI (R2),,UNI,straight_link,False,28.9,5.7,6.8,0.98,1.12,0.31,R2,R2,22.1,34,33.3,10.5
SKU-1693-UNI,Тяга/стійка trailing UNI (R2),,UNI,trailing,False,58.2,7.1,7.0,2.65,2.89,1.1,R2,R2,18.1,28,74.2,30.8
SKU-1694-UNI,Тяга/стійка straight_link UNI (R2),,UNI,straight_link,False,25.2,5.6,7.4,0.97,1.04,0.29,R2,R2,28.4,43,41.7,12.5
SKU-1695-UNI,Тяга/стійка straight_link UNI (R2),,UNI,straight_link,False,26.0,7.0,6.0,1.12,1.09,0.31,R2,R2,22.5,34,38.1,10.5
SKU-1696-UNI,Тяга/стійка straight_link UNI (R2),,UNI,straight_link,True,24.4,5.4,7.0,0.64,0.92,0.97,R2,R2,29.6,45,28.8,43.6
SKU-1697-UNI,Тяга/стійка trailing UNI (R2),,UNI,trailing,False,58.4,7.7,8.6,4.13,3.87,1.47,R2,R2,23.3,35,144.5,51.4
SKU-1698-UNI,Тяга/стійка straight_link UNI (R2),,UNI,straight_link,False,25.4,6.4,5.0,1.14,0.81,0.23,R2,R2,18.6,28,31.9,6.4
SKU-1699-UNI,Тяга/стійка straight_link UNI (R2),,UNI,straight_link,True,23.4,5.2,5.1,0.89,0.62,0.65,R2,R2,21.8,33,29.4,21.4
SKU-1700-UNI,Тяга/стійка straight_link UNI (R2),,UNI,straight_link,False,22.3,7.4,5.4,0.84,0.89,0.25,R2,R2,24.9,38,31.9,9.5
SKU-1701-UNI,Тяга/стійка trailing UNI (R2),,UNI,trailing,False,58.3,9.4,7.9,3.38,4.33,1.65,R2,R2,19.1,29,98.0,47.8
SKU-1702-UNI,Тяга/стійка trailing UNI (R2),,UNI,trailing,False,53.7,9.0,8.0,2.54,3.87,1.47,R2,R2,28.1,43,109.2,63.2
SKU-1703-UNI,Тяга/стійка straight_link UNI (R2),,UNI,straight_link,True,29.8,5.6,4.8,0.53,0.8,0.84,R2,R2,29.4,45,23.9,37.8
SKU-1704-UNI,Тяга/стійка straight_link UNI (R2),,UNI,straight_link,True,20.8,5.2,6.2,0.94,0.67,0.7,R2,R2,19.5,30,28.2,21.0
SKU-1705-UNI,Тяга/стійка straight_link UNI (R2),,UNI,straight_link,False,21.3,4.7,5.4,1.1,0.54,0.15,R2,R2,20.6,31,34.1,4.6
SKU-1706-UNI,Тяга/стійка straight_link UNI (R2),,UNI,straight_link,False,23.5,7.4,7.3,1.2,1.27,0.36,R2,R2,20.9,32,38.4,11.5
SKU-1707-UNI,Тяга/стійка straight_link UNI (R2),,UNI,straight_link,True,22.4,4.9,5.8,1.18,0.64,0.67,R2,R2,28.3,43,50.7,28.8
SKU-1708-UNI,Тяга/стійка straight_link UNI (R2),,UNI,straight_link,False,23.0,6.4,5.1,0.46,0.75,0.21,R2,R2,26.4,40,18.4,8.4
SKU-1709-UNI,Тяга/стійка straight_link UNI (R2),,UNI,straight_link,True,23.7,5.2,6.4,1.17,0.79,0.83,R2,R2,21.6,33,38.6,27.4
SKU-1710-LH,Важіль curved LH (R3),SKU-1710-RH,LH,curved,False,30.7,15.4,9.4,2.85,4.44,1.86,R3,R3,15.5,24,68.4,44.6
SKU-1710-RH,Важіль curved RH (R3),SKU-1710-LH,RH,curved,False,30.7,15.4,9.4,2.85,4.44,1.86,R3,R3,16.1,25,71.2,46.5
SKU-1711-LH,Важіль curved LH (R3),SKU-1711-RH,LH,curved,False,40.6,11.9,9.5,2.62,4.59,1.93,R3,R3,10.2,16,41.9,30.9
SKU-1711-RH,Важіль curved RH (R3),SKU-1711-LH,RH,curved,False,40.6,11.9,9.5,2.62,4.59,1.93,R3,R3,10.1,16,41.9,30.9
SKU-1712-LH,Важіль heavy_integral LH (R3),SKU-1712-RH,LH,heavy_integral,False,78.4,21.7,15.1,8.43,25.69,17.47,R3,R3,8.2,13,109.6,227.1
SKU-1712-RH,Важіль heavy_integral RH (R3),SKU-1712-LH,RH,heavy_integral,False,78.4,21.7,15.1,8.43,25.69,17.47,R3,R3,8.4,13,109.6,227.1
SKU-1713-LH,Важіль curved LH (R3),SKU-1713-RH,LH,curved,False,28.9,16.0,6.9,2.06,3.19,1.34,R3,R3,11.4,18,37.1,24.1
SKU-1713-RH,Важіль curved RH (R3),SKU-1713-LH,RH,curved,False,28.9,16.0,6.9,2.06,3.19,1.34,R3,R3,12.1,19,39.1,25.5
SKU-1714-LH,Важіль curved LH (R3),SKU-1714-RH,LH,curved,False,37.3,11.3,9.7,3.05,4.09,1.72,R3,R3,13.7,21,64.0,36.1
SKU-1714-RH,Важіль curved RH (R3),SKU-1714-LH,RH,curved,False,37.3,11.3,9.7,3.05,4.09,1.72,R3,R3,14.3,22,67.1,37.8
SKU-1715-LH,Важіль straight_link LH (R3),SKU-1715-RH,LH,straight_link,False,26.1,6.3,5.6,0.93,0.92,0.26,R3,R3,8.4,13,12.1,3.4
SKU-1715-RH,Важіль straight_link RH (R3),SKU-1715-LH,RH,straight_link,False,26.1,6.3,5.6,0.93,0.92,0.26,R3,R3,8.0,12,11.2,3.1
SKU-1716-LH,Важіль straight_link LH (R3),SKU-1716-RH,LH,straight_link,False,22.1,5.9,4.5,1.09,0.59,0.17,R3,R3,14.0,21,22.9,3.6
SKU-1716-RH,Важіль straight_link RH (R3),SKU-1716-LH,RH,straight_link,False,22.1,5.9,4.5,1.09,0.59,0.17,R3,R3,13.9,21,22.9,3.6
SKU-1717-LH,Важіль trailing LH (R3),SKU-1717-RH,LH,trailing,False,74.8,8.6,6.9,2.32,4.44,1.69,R3,R3,13.6,21,48.7,35.5
SKU-1717-RH,Важіль trailing RH (R3),SKU-1717-LH,RH,trailing,False,74.8,8.6,6.9,2.32,4.44,1.69,R3,R3,13.5,21,48.7,35.5
SKU-1718-LH,Важіль trailing LH (R3),SKU-1718-RH,LH,trailing,False,54.0,6.6,5.2,2.64,1.85,0.7,R3,R3,8.9,14,37.0,9.8
SKU-1718-RH,Важіль trailing RH (R3),SKU-1718-LH,RH,trailing,False,54.0,6.6,5.2,2.64,1.85,0.7,R3,R3,9.0,14,37.0,9.8
SKU-1719-LH,Важіль trailing LH (R3),SKU-1719-RH,LH,trailing,False,67.9,10.2,7.8,2.34,5.4,2.05,R3,R3,13.6,21,49.1,43.0
SKU-1719-RH,Важіль trailing RH (R3),SKU-1719-LH,RH,trailing,False,67.9,10.2,7.8,2.34,5.4,2.05,R3,R3,14.0,21,49.1,43.0
SKU-1720-LH,Важіль straight_link LH (R3),SKU-1720-RH,LH,straight_link,False,32.0,4.9,5.0,1.33,0.78,0.22,R3,R3,8.3,13,17.3,2.9
SKU-1720-RH,Важіль straight_link RH (R3),SKU-1720-LH,RH,straight_link,False,32.0,4.9,5.0,1.33,0.78,0.22,R3,R3,8.3,13,17.3,2.9
SKU-1721-LH,Важіль heavy_integral LH (R3),SKU-1721-RH,LH,heavy_integral,False,81.2,25.8,10.5,9.73,22.0,14.96,R3,R3,13.3,20,194.6,299.2
SKU-1721-RH,Важіль heavy_integral RH (R3),SKU-1721-LH,RH,heavy_integral,False,81.2,25.8,10.5,9.73,22.0,14.96,R3,R3,12.8,20,194.6,299.2
SKU-1722-LH,Важіль a_shaped LH (R3),SKU-1722-RH,LH,a_shaped,False,51.7,40.6,10.5,3.73,22.04,11.46,R3,R3,11.2,17,63.4,194.8
SKU-1722-RH,Важіль a_shaped RH (R3),SKU-1722-LH,RH,a_shaped,False,51.7,40.6,10.5,3.73,22.04,11.46,R3,R3,11.1,17,63.4,194.8
SKU-1723-LH,Важіль curved LH (R3),SKU-1723-RH,LH,curved,False,26.9,15.1,7.8,3.27,3.17,1.33,R3,R3,12.9,20,65.4,26.6
SKU-1723-RH,Важіль curved RH (R3),SKU-1723-LH,RH,curved,False,26.9,15.1,7.8,3.27,3.17,1.33,R3,R3,13.2,20,65.4,26.6
SKU-1724-LH,Важіль heavy_integral LH (R3),SKU-1724-RH,LH,heavy_integral,True,81.1,19.6,13.8,7.73,21.94,23.04,R3,R3,13.6,21,162.3,483.8
SKU-1724-RH,Важіль heavy_integral RH (R3),SKU-1724-LH,RH,heavy_integral,True,81.1,19.6,13.8,7.73,21.94,23.04,R3,R3,13.7,21,162.3,483.8
SKU-1725-LH,Важіль heavy_integral LH (R3),SKU-1725-RH,LH,heavy_integral,False,60.1,17.3,15.2,6.37,15.8,10.74,R3,R3,13.2,20,127.4,214.8
SKU-1725-RH,Важіль heavy_integral RH (R3),SKU-1725-LH,RH,heavy_integral,False,60.1,17.3,15.2,6.37,15.8,10.74,R3,R3,13.2,20,127.4,214.8
SKU-1726-LH,Важіль curved LH (R3),SKU-1726-RH,LH,curved,False,33.3,10.9,9.0,3.08,3.27,1.37,R3,R3,9.9,15,46.2,20.6
SKU-1726-RH,Важіль curved RH (R3),SKU-1726-LH,RH,curved,False,33.3,10.9,9.0,3.08,3.27,1.37,R3,R3,10.2,16,49.3,21.9
SKU-1727-LH,Важіль trailing LH (R3),SKU-1727-RH,LH,trailing,False,58.3,8.8,5.8,2.31,2.98,1.13,R3,R3,15.7,24,55.4,27.1
SKU-1727-RH,Важіль trailing RH (R3),SKU-1727-LH,RH,trailing,False,58.3,8.8,5.8,2.31,2.98,1.13,R3,R3,15.6,24,55.4,27.1
SKU-1728-LH,Важіль straight_link LH (R3),SKU-1728-RH,LH,straight_link,True,29.8,5.5,5.2,0.95,0.85,0.89,R3,R3,8.9,14,13.3,12.5
SKU-1728-RH,Важіль straight_link RH (R3),SKU-1728-LH,RH,straight_link,True,29.8,5.5,5.2,0.95,0.85,0.89,R3,R3,8.8,14,13.3,12.5
SKU-1729-LH,Важіль a_shaped LH (R3),SKU-1729-RH,LH,a_shaped,False,39.0,28.9,7.5,5.48,8.45,4.39,R3,R3,14.2,22,120.6,96.6
SKU-1729-RH,Важіль a_shaped RH (R3),SKU-1729-LH,RH,a_shaped,False,39.0,28.9,7.5,5.48,8.45,4.39,R3,R3,14.2,22,120.6,96.6
SKU-1730-LH,Важіль curved LH (R3),SKU-1730-RH,LH,curved,False,39.1,13.9,7.1,2.67,3.86,1.62,R3,R3,9.8,15,40.0,24.3
SKU-1730-RH,Важіль curved RH (R3),SKU-1730-LH,RH,curved,False,39.1,13.9,7.1,2.67,3.86,1.62,R3,R3,10.4,16,42.7,25.9
SKU-1731-LH,Важіль curved LH (R3),SKU-1731-RH,LH,curved,False,35.3,18.9,9.1,1.97,6.07,2.55,R3,R3,10.5,16,31.5,40.8
SKU-1731-RH,Важіль curved RH (R3),SKU-1731-LH,RH,curved,False,35.3,18.9,9.1,1.97,6.07,2.55,R3,R3,10.5,16,31.5,40.8
SKU-1732-LH,Важіль heavy_integral LH (R3),SKU-1732-RH,LH,heavy_integral,False,77.5,25.6,15.0,6.99,29.76,20.24,R3,R3,9.1,14,97.9,283.4
SKU-1732-RH,Важіль heavy_integral RH (R3),SKU-1732-LH,RH,heavy_integral,False,77.5,25.6,15.0,6.99,29.76,20.24,R3,R3,8.9,14,97.9,283.4
SKU-1733-LH,Важіль straight_link LH (R3),SKU-1733-RH,LH,straight_link,False,28.9,6.5,6.9,0.46,1.3,0.36,R3,R3,14.4,22,10.1,7.9
SKU-1733-RH,Важіль straight_link RH (R3),SKU-1733-LH,RH,straight_link,False,28.9,6.5,6.9,0.46,1.3,0.36,R3,R3,13.7,21,9.7,7.6
SKU-1734-LH,Важіль curved LH (R3),SKU-1734-RH,LH,curved,False,31.0,21.5,5.2,2.64,3.47,1.46,R3,R3,9.5,15,39.6,21.9
SKU-1734-RH,Важіль curved RH (R3),SKU-1734-LH,RH,curved,False,31.0,21.5,5.2,2.64,3.47,1.46,R3,R3,9.1,14,37.0,20.4
SKU-1735-LH,Важіль curved LH (R3),SKU-1735-RH,LH,curved,False,33.9,21.0,6.3,1.86,4.48,1.88,R3,R3,14.1,22,40.9,41.4
SKU-1735-RH,Важіль curved RH (R3),SKU-1735-LH,RH,curved,False,33.9,21.0,6.3,1.86,4.48,1.88,R3,R3,14.5,22,40.9,41.4
SKU-1736-LH,Важіль curved LH (R3),SKU-1736-RH,LH,curved,False,36.3,12.8,5.9,2.83,2.74,1.15,R3,R3,13.0,20,56.6,23.0
SKU-1736-RH,Важіль curved RH (R3),SKU-1736-LH,RH,curved,False,36.3,12.8,5.9,2.83,2.74,1.15,R3,R3,12.6,19,53.8,21.8
SKU-1737-LH,Важіль straight_link LH (R3),SKU-1737-RH,LH,straight_link,False,23.7,7.4,5.0,0.69,0.88,0.25,R3,R3,10.9,17,11.7,4.2
SKU-1737-RH,Важіль straight_link RH (R3),SKU-1737-LH,RH,straight_link,False,23.7,7.4,5.0,0.69,0.88,0.25,R3,R3,10.6,16,11.0,4.0
SKU-1738-LH,Важіль trailing LH (R3),SKU-1738-RH,LH,trailing,False,58.9,10.5,5.4,3.48,3.34,1.27,R3,R3,14.9,23,80.0,29.2
SKU-1738-RH,Важіль trailing RH (R3),SKU-1738-LH,RH,trailing,False,58.9,10.5,5.4,3.48,3.34,1.27,R3,R3,15.8,24,83.5,30.5
SKU-1739-LH,Важіль trailing LH (R3),SKU-1739-RH,LH,trailing,False,76.6,9.4,6.2,2.5,4.46,1.69,R3,R3,10.1,16,40.0,27.0
SKU-1739-RH,Важіль trailing RH (R3),SKU-1739-LH,RH,trailing,False,76.6,9.4,6.2,2.5,4.46,1.69,R3,R3,10.1,16,40.0,27.0
SKU-1740-LH,Важіль curved LH (R3),SKU-1740-RH,LH,curved,False,32.8,19.5,5.8,1.83,3.71,1.56,R3,R3,12.8,20,36.6,31.2
SKU-1740-RH,Важіль curved RH (R3),SKU-1740-LH,RH,curved,False,32.8,19.5,5.8,1.83,3.71,1.56,R3,R3,12.7,20,36.6,31.2
SKU-1741-LH,Важіль a_shaped LH (R3),SKU-1741-RH,LH,a_shaped,False,50.8,39.1,9.8,5.7,19.47,10.12,R3,R3,12.5,19,108.3,192.3
SKU-1741-RH,Важіль a_shaped RH (R3),SKU-1741-LH,RH,a_shaped,False,50.8,39.1,9.8,5.7,19.47,10.12,R3,R3,12.5,19,108.3,192.3
SKU-1742-LH,Важіль trailing LH (R3),SKU-1742-RH,LH,trailing,False,58.9,6.2,6.8,3.97,2.48,0.94,R3,R3,12.9,20,79.4,18.8
SKU-1742-RH,Важіль trailing RH (R3),SKU-1742-LH,RH,trailing,False,58.9,6.2,6.8,3.97,2.48,0.94,R3,R3,13.0,20,79.4,18.8
SKU-1743-LH,Важіль curved LH (R3),SKU-1743-RH,LH,curved,False,37.1,18.1,10.9,3.37,7.32,3.07,R3,R3,13.2,20,67.4,61.4
SKU-1743-RH,Важіль curved RH (R3),SKU-1743-LH,RH,curved,False,37.1,18.1,10.9,3.37,7.32,3.07,R3,R3,13.8,21,70.8,64.5
SKU-1744-LH,Важіль trailing LH (R3),SKU-1744-RH,LH,trailing,False,72.3,10.6,6.5,3.42,4.98,1.89,R3,R3,11.4,18,61.6,34.0
SKU-1744-RH,Важіль trailing RH (R3),SKU-1744-LH,RH,trailing,False,72.3,10.6,6.5,3.42,4.98,1.89,R3,R3,11.3,17,58.1,32.1
SKU-1745-LH,Важіль heavy_integral LH (R3),SKU-1745-RH,LH,heavy_integral,False,80.0,25.4,11.4,9.96,23.16,15.75,R3,R3,13.6,21,209.2,330.8
SKU-1745-RH,Важіль heavy_integral RH (R3),SKU-1745-LH,RH,heavy_integral,False,80.0,25.4,11.4,9.96,23.16,15.75,R3,R3,13.4,21,209.2,330.8
SKU-1746-LH,Важіль a_shaped LH (R3),SKU-1746-RH,LH,a_shaped,False,50.6,36.1,12.8,4.42,23.38,12.16,R3,R3,13.2,20,88.4,243.2
SKU-1746-RH,Важіль a_shaped RH (R3),SKU-1746-LH,RH,a_shaped,False,50.6,36.1,12.8,4.42,23.38,12.16,R3,R3,13.6,21,92.8,255.4
SKU-1747-LH,Важіль curved LH (R3),SKU-1747-RH,LH,curved,False,28.3,19.9,6.4,2.77,3.6,1.51,R3,R3,11.3,17,47.1,25.7
SKU-1747-RH,Важіль curved RH (R3),SKU-1747-LH,RH,curved,False,28.3,19.9,6.4,2.77,3.6,1.51,R3,R3,10.9,17,47.1,25.7
SKU-1748-LH,Важіль curved LH (R3),SKU-1748-RH,LH,curved,True,40.6,13.2,9.9,3.4,5.31,5.58,R3,R3,9.5,15,51.0,83.7
SKU-1748-RH,Важіль curved RH (R3),SKU-1748-LH,RH,curved,True,40.6,13.2,9.9,3.4,5.31,5.58,R3,R3,9.8,15,51.0,83.7
SKU-1749-LH,Важіль trailing LH (R3),SKU-1749-RH,LH,trailing,False,75.8,8.5,8.2,2.39,5.28,2.01,R3,R3,16.4,25,59.8,50.2
SKU-1749-RH,Важіль trailing RH (R3),SKU-1749-LH,RH,trailing,False,75.8,8.5,8.2,2.39,5.28,2.01,R3,R3,15.4,24,57.4,48.2
SKU-1750-LH,Важіль trailing LH (R3),SKU-1750-RH,LH,trailing,False,54.6,7.4,8.3,2.89,3.35,1.27,R3,R3,8.6,13,37.6,16.5
SKU-1750-RH,Важіль trailing RH (R3),SKU-1750-LH,RH,trailing,False,54.6,7.4,8.3,2.89,3.35,1.27,R3,R3,9.0,14,40.5,17.8
SKU-1751-LH,Важіль heavy_integral LH (R3),SKU-1751-RH,LH,heavy_integral,False,63.3,17.7,17.9,9.73,20.06,13.64,R3,R3,9.9,15,146.0,204.6
SKU-1751-RH,Важіль heavy_integral RH (R3),SKU-1751-LH,RH,heavy_integral,False,63.3,17.7,17.9,9.73,20.06,13.64,R3,R3,9.9,15,146.0,204.6
SKU-1752-LH,Важіль trailing LH (R3),SKU-1752-RH,LH,trailing,False,67.1,10.6,7.0,3.87,4.98,1.89,R3,R3,11.8,18,69.7,34.0
SKU-1752-RH,Важіль trailing RH (R3),SKU-1752-LH,RH,trailing,False,67.1,10.6,7.0,3.87,4.98,1.89,R3,R3,11.8,18,69.7,34.0
SKU-1753-LH,Важіль curved LH (R3),SKU-1753-RH,LH,curved,False,31.8,17.6,5.4,2.25,3.02,1.27,R3,R3,12.8,20,45.0,25.4
SKU-1753-RH,Важіль curved RH (R3),SKU-1753-LH,RH,curved,False,31.8,17.6,5.4,2.25,3.02,1.27,R3,R3,12.3,19,42.8,24.1
SKU-1754-LH,Важіль heavy_integral LH (R3),SKU-1754-RH,LH,heavy_integral,False,63.8,24.0,14.8,10.01,22.66,15.41,R3,R3,11.4,18,180.2,277.4
SKU-1754-RH,Важіль heavy_integral RH (R3),SKU-1754-LH,RH,heavy_integral,False,63.8,24.0,14.8,10.01,22.66,15.41,R3,R3,11.4,18,180.2,277.4
SKU-1755-LH,Важіль curved LH (R3),SKU-1755-RH,LH,curved,False,28.3,11.1,5.1,3.17,1.6,0.67,R3,R3,9.7,15,47.5,10.1
SKU-1755-RH,Важіль curved RH (R3),SKU-1755-LH,RH,curved,False,28.3,11.1,5.1,3.17,1.6,0.67,R3,R3,10.1,16,50.7,10.7
SKU-1756-LH,Важіль curved LH (R3),SKU-1756-RH,LH,curved,False,34.1,12.0,10.8,3.13,4.42,1.86,R3,R3,14.8,23,72.0,42.8
SKU-1756-RH,Важіль curved RH (R3),SKU-1756-LH,RH,curved,False,34.1,12.0,10.8,3.13,4.42,1.86,R3,R3,15.2,23,72.0,42.8
SKU-1757-LH,Важіль trailing LH (R3),SKU-1757-RH,LH,trailing,False,52.2,6.1,7.3,3.06,2.32,0.88,R3,R3,11.7,18,55.1,15.8
SKU-1757-RH,Важіль trailing RH (R3),SKU-1757-LH,RH,trailing,False,52.2,6.1,7.3,3.06,2.32,0.88,R3,R3,12.1,19,58.1,16.7
SKU-1758-LH,Важіль straight_link LH (R3),SKU-1758-RH,LH,straight_link,False,24.2,6.6,4.8,1.21,0.77,0.22,R3,R3,12.4,19,23.0,4.2
SKU-1758-RH,Важіль straight_link RH (R3),SKU-1758-LH,RH,straight_link,False,24.2,6.6,4.8,1.21,0.77,0.22,R3,R3,12.4,19,23.0,4.2
SKU-1759-LH,Важіль trailing LH (R3),SKU-1759-RH,LH,trailing,False,73.6,8.1,6.0,3.92,3.58,1.36,R3,R3,13.3,20,78.4,27.2
SKU-1759-RH,Важіль trailing RH (R3),SKU-1759-LH,RH,trailing,False,73.6,8.1,6.0,3.92,3.58,1.36,R3,R3,13.3,20,78.4,27.2
SKU-1760-LH,Важіль a_shaped LH (R3),SKU-1760-RH,LH,a_shaped,False,46.0,31.7,15.0,5.14,21.87,11.37,R3,R3,11.9,18,92.5,204.7
SKU-1760-RH,Важіль a_shaped RH (R3),SKU-1760-LH,RH,a_shaped,False,46.0,31.7,15.0,5.14,21.87,11.37,R3,R3,12.3,19,97.7,216.0
SKU-1761-LH,Важіль curved LH (R3),SKU-1761-RH,LH,curved,False,33.2,18.6,8.5,2.49,5.25,2.21,R3,R3,9.5,15,37.4,33.1
SKU-1761-RH,Важіль curved RH (R3),SKU-1761-LH,RH,curved,False,33.2,18.6,8.5,2.49,5.25,2.21,R3,R3,9.3,14,34.9,30.9
SKU-1762-LH,Важіль a_shaped LH (R3),SKU-1762-RH,LH,a_shaped,False,41.4,41.2,11.3,5.62,19.27,10.02,R3,R3,12.0,18,101.2,180.4
SKU-1762-RH,Важіль a_shaped RH (R3),SKU-1762-LH,RH,a_shaped,False,41.4,41.2,11.3,5.62,19.27,10.02,R3,R3,12.2,19,106.8,190.4
SKU-1763-LH,Важіль straight_link LH (R3),SKU-1763-RH,LH,straight_link,False,26.7,5.6,6.7,0.62,1.0,0.28,R3,R3,9.2,14,8.7,3.9
SKU-1763-RH,Важіль straight_link RH (R3),SKU-1763-LH,RH,straight_link,False,26.7,5.6,6.7,0.62,1.0,0.28,R3,R3,9.6,15,9.3,4.2
SKU-1764-LH,Важіль curved LH (R3),SKU-1764-RH,LH,curved,False,32.7,16.2,5.5,3.37,2.91,1.22,R3,R3,13.1,20,67.4,24.4
SKU-1764-RH,Важіль curved RH (R3),SKU-1764-LH,RH,curved,False,32.7,16.2,5.5,3.37,2.91,1.22,R3,R3,13.4,21,70.8,25.6
SKU-1765-LH,Важіль heavy_integral LH (R3),SKU-1765-RH,LH,heavy_integral,False,80.9,17.7,15.2,7.26,21.77,14.8,R3,R3,14.0,21,152.5,310.8
SKU-1765-RH,Важіль heavy_integral RH (R3),SKU-1765-LH,RH,heavy_integral,False,80.9,17.7,15.2,7.26,21.77,14.8,R3,R3,13.9,21,152.5,310.8
SKU-1766-LH,Важіль trailing LH (R3),SKU-1766-RH,LH,trailing,False,75.2,6.4,6.3,2.62,3.03,1.15,R3,R3,15.8,24,62.9,27.6
SKU-1766-RH,Важіль trailing RH (R3),SKU-1766-LH,RH,trailing,False,75.2,6.4,6.3,2.62,3.03,1.15,R3,R3,16.2,25,65.5,28.7
SKU-1767-LH,Важіль curved LH (R3),SKU-1767-RH,LH,curved,False,29.4,12.9,6.7,2.34,2.54,1.07,R3,R3,9.5,15,35.1,16.1
SKU-1767-RH,Важіль curved RH (R3),SKU-1767-LH,RH,curved,False,29.4,12.9,6.7,2.34,2.54,1.07,R3,R3,10.2,16,37.4,17.1
SKU-1768-LH,Важіль straight_link LH (R3),SKU-1768-RH,LH,straight_link,False,22.8,5.2,4.0,1.08,0.47,0.13,R3,R3,14.2,22,23.8,2.9
SKU-1768-RH,Важіль straight_link RH (R3),SKU-1768-LH,RH,straight_link,False,22.8,5.2,4.0,1.08,0.47,0.13,R3,R3,14.2,22,23.8,2.9
SKU-1769-LH,Важіль heavy_integral LH (R3),SKU-1769-RH,LH,heavy_integral,False,69.7,16.4,15.0,7.53,17.15,11.66,R3,R3,11.2,17,128.0,198.2
SKU-1769-RH,Важіль heavy_integral RH (R3),SKU-1769-LH,RH,heavy_integral,False,69.7,16.4,15.0,7.53,17.15,11.66,R3,R3,11.2,17,128.0,198.2
SKU-1770-LH,Важіль curved LH (R3),SKU-1770-RH,LH,curved,False,41.2,14.9,9.6,2.47,5.89,2.47,R3,R3,15.7,24,59.3,59.3
SKU-1770-RH,Важіль curved RH (R3),SKU-1770-LH,RH,curved,False,41.2,14.9,9.6,2.47,5.89,2.47,R3,R3,14.7,23,56.8,56.8
SKU-1771-LH,Важіль straight_link LH (R3),SKU-1771-RH,LH,straight_link,False,29.6,6.8,4.7,1.21,0.95,0.27,R3,R3,14.6,22,26.6,5.9
SKU-1771-RH,Важіль straight_link RH (R3),SKU-1771-LH,RH,straight_link,False,29.6,6.8,4.7,1.21,0.95,0.27,R3,R3,15.3,23,27.8,6.2
SKU-1772-LH,Важіль straight_link LH (R3),SKU-1772-RH,LH,straight_link,True,20.1,5.9,6.0,1.05,0.71,0.75,R3,R3,8.4,13,13.7,9.8
SKU-1772-RH,Важіль straight_link RH (R3),SKU-1772-LH,RH,straight_link,True,20.1,5.9,6.0,1.05,0.71,0.75,R3,R3,7.8,12,12.6,9.0
SKU-1773-LH,Важіль curved LH (R3),SKU-1773-RH,LH,curved,False,26.2,16.8,10.6,2.8,4.67,1.96,R3,R3,14.0,21,58.8,41.2
SKU-1773-RH,Важіль curved RH (R3),SKU-1773-LH,RH,curved,False,26.2,16.8,10.6,2.8,4.67,1.96,R3,R3,14.6,22,61.6,43.1
SKU-1774-LH,Важіль curved LH (R3),SKU-1774-RH,LH,curved,False,34.0,10.9,9.1,2.51,3.37,1.42,R3,R3,14.1,22,55.2,31.2
SKU-1774-RH,Важіль curved RH (R3),SKU-1774-LH,RH,curved,False,34.0,10.9,9.1,2.51,3.37,1.42,R3,R3,13.7,21,52.7,29.8
SKU-1775-LH,Важіль straight_link LH (R3),SKU-1775-RH,LH,straight_link,False,20.4,7.1,6.1,0.56,0.88,0.25,R3,R3,15.7,24,13.4,6.0
SKU-1775-RH,Важіль straight_link RH (R3),SKU-1775-LH,RH,straight_link,False,20.4,7.1,6.1,0.56,0.88,0.25,R3,R3,15.2,23,12.9,5.8
SKU-1776-LH,Важіль heavy_integral LH (R3),SKU-1776-RH,LH,heavy_integral,False,58.1,24.0,16.5,10.41,23.01,15.65,R3,R3,12.0,18,187.4,281.7
SKU-1776-RH,Важіль heavy_integral RH (R3),SKU-1776-LH,RH,heavy_integral,False,58.1,24.0,16.5,10.41,23.01,15.65,R3,R3,12.3,19,197.8,297.4
SKU-1777-LH,Важіль heavy_integral LH (R3),SKU-1777-RH,LH,heavy_integral,False,67.5,21.5,10.7,8.0,15.53,10.56,R3,R3,15.2,23,184.0,242.9
SKU-1777-RH,Важіль heavy_integral RH (R3),SKU-1777-LH,RH,heavy_integral,False,67.5,21.5,10.7,8.0,15.53,10.56,R3,R3,14.4,22,176.0,232.3
SKU-1778-LH,Важіль curved LH (R3),SKU-1778-RH,LH,curved,False,30.2,20.5,5.8,2.9,3.59,1.51,R3,R3,8.9,14,40.6,21.1
SKU-1778-RH,Важіль curved RH (R3),SKU-1778-LH,RH,curved,False,30.2,20.5,5.8,2.9,3.59,1.51,R3,R3,8.7,14,40.6,21.1
SKU-1779-LH,Важіль straight_link LH (R3),SKU-1779-RH,LH,straight_link,False,21.3,6.2,4.8,1.11,0.63,0.18,R3,R3,14.5,22,24.4,4.0
SKU-1779-RH,Важіль straight_link RH (R3),SKU-1779-LH,RH,straight_link,False,21.3,6.2,4.8,1.11,0.63,0.18,R3,R3,15.4,24,26.6,4.3
SKU-1780-LH,Важіль a_shaped LH (R3),SKU-1780-RH,LH,a_shaped,False,38.0,32.8,8.3,5.84,10.35,5.38,R3,R3,13.6,21,122.6,113.0
SKU-1780-RH,Важіль a_shaped RH (R3),SKU-1780-LH,RH,a_shaped,False,38.0,32.8,8.3,5.84,10.35,5.38,R3,R3,14.1,22,128.5,118.4
SKU-1781-LH,Важіль curved LH (R3),SKU-1781-RH,LH,curved,False,41.0,16.2,10.7,2.56,7.11,2.99,R3,R3,11.5,18,46.1,53.8
SKU-1781-RH,Важіль curved RH (R3),SKU-1781-LH,RH,curved,False,41.0,16.2,10.7,2.56,7.11,2.99,R3,R3,11.1,17,43.5,50.8
SKU-1782-LH,Важіль a_shaped LH (R3),SKU-1782-RH,LH,a_shaped,False,43.8,39.5,13.7,4.89,23.7,12.32,R3,R3,10.7,17,83.1,209.4
SKU-1782-RH,Важіль a_shaped RH (R3),SKU-1782-LH,RH,a_shaped,False,43.8,39.5,13.7,4.89,23.7,12.32,R3,R3,10.7,17,83.1,209.4
SKU-1783-LH,Важіль curved LH (R3),SKU-1783-RH,LH,curved,False,38.7,15.8,7.0,1.79,4.28,1.8,R3,R3,10.3,16,28.6,28.8
SKU-1783-RH,Важіль curved RH (R3),SKU-1783-LH,RH,curved,False,38.7,15.8,7.0,1.79,4.28,1.8,R3,R3,9.8,15,26.9,27.0
SKU-1784-LH,Важіль trailing LH (R3),SKU-1784-RH,LH,trailing,False,64.0,7.5,5.1,2.78,2.45,0.93,R3,R3,12.4,19,52.8,17.7
SKU-1784-RH,Важіль trailing RH (R3),SKU-1784-LH,RH,trailing,False,64.0,7.5,5.1,2.78,2.45,0.93,R3,R3,12.2,19,52.8,17.7
SKU-1785-LH,Важіль a_shaped LH (R3),SKU-1785-RH,LH,a_shaped,False,51.4,32.0,9.1,4.38,14.97,7.78,R3,R3,11.9,18,78.8,140.0
SKU-1785-RH,Важіль a_shaped RH (R3),SKU-1785-LH,RH,a_shaped,False,51.4,32.0,9.1,4.38,14.97,7.78,R3,R3,11.4,18,78.8,140.0
SKU-1786-LH,Важіль heavy_integral LH (R3),SKU-1786-RH,LH,heavy_integral,False,50.7,20.2,16.2,7.66,16.59,11.28,R3,R3,12.2,19,145.5,214.3
SKU-1786-RH,Важіль heavy_integral RH (R3),SKU-1786-LH,RH,heavy_integral,False,50.7,20.2,16.2,7.66,16.59,11.28,R3,R3,12.8,20,153.2,225.6
SKU-1787-LH,Важіль straight_link LH (R3),SKU-1787-RH,LH,straight_link,True,29.9,4.7,7.1,0.75,1.0,1.05,R3,R3,13.6,21,15.8,22.1
SKU-1787-RH,Важіль straight_link RH (R3),SKU-1787-LH,RH,straight_link,True,29.9,4.7,7.1,0.75,1.0,1.05,R3,R3,14.2,22,16.5,23.1
SKU-1788-LH,Важіль curved LH (R3),SKU-1788-RH,LH,curved,False,28.9,15.9,5.5,1.95,2.53,1.06,R3,R3,16.1,25,48.8,26.5
SKU-1788-RH,Важіль curved RH (R3),SKU-1788-LH,RH,curved,False,28.9,15.9,5.5,1.95,2.53,1.06,R3,R3,15.4,24,46.8,25.4
SKU-1789-LH,Важіль trailing LH (R3),SKU-1789-RH,LH,trailing,False,66.2,7.3,7.8,3.48,3.77,1.43,R3,R3,15.6,24,83.5,34.3
SKU-1789-RH,Важіль trailing RH (R3),SKU-1789-LH,RH,trailing,False,66.2,7.3,7.8,3.48,3.77,1.43,R3,R3,16.1,25,87.0,35.8
SKU-1790-LH,Важіль heavy_integral LH (R3),SKU-1790-RH,LH,heavy_integral,True,53.6,16.0,18.0,9.65,15.44,16.21,R3,R3,14.3,22,212.3,356.6
SKU-1790-RH,Важіль heavy_integral RH (R3),SKU-1790-LH,RH,heavy_integral,True,53.6,16.0,18.0,9.65,15.44,16.21,R3,R3,14.1,22,212.3,356.6
SKU-1791-LH,Важіль curved LH (R3),SKU-1791-RH,LH,curved,False,30.6,14.5,9.5,2.57,4.22,1.77,R3,R3,8.3,13,33.4,23.0
SKU-1791-RH,Важіль curved RH (R3),SKU-1791-LH,RH,curved,False,30.6,14.5,9.5,2.57,4.22,1.77,R3,R3,8.3,13,33.4,23.0
SKU-1792-LH,Важіль a_shaped LH (R3),SKU-1792-RH,LH,a_shaped,False,50.9,36.2,13.4,5.09,24.69,12.84,R3,R3,10.6,16,81.4,205.4
SKU-1792-RH,Важіль a_shaped RH (R3),SKU-1792-LH,RH,a_shaped,False,50.9,36.2,13.4,5.09,24.69,12.84,R3,R3,11.2,17,86.5,218.3
SKU-1793-LH,Важіль a_shaped LH (R3),SKU-1793-RH,LH,a_shaped,False,38.7,34.2,10.9,5.6,14.43,7.5,R3,R3,15.7,24,134.4,180.0
SKU-1793-RH,Важіль a_shaped RH (R3),SKU-1793-LH,RH,a_shaped,False,38.7,34.2,10.9,5.6,14.43,7.5,R3,R3,15.6,24,134.4,180.0
SKU-1794-LH,Важіль trailing LH (R3),SKU-1794-RH,LH,trailing,True,53.6,6.9,5.1,3.66,1.89,1.98,R3,R3,13.4,21,76.9,41.6
SKU-1794-RH,Важіль trailing RH (R3),SKU-1794-LH,RH,trailing,True,53.6,6.9,5.1,3.66,1.89,1.98,R3,R3,14.2,22,80.5,43.6
SKU-1795-LH,Важіль a_shaped LH (R3),SKU-1795-RH,LH,a_shaped,False,40.8,30.0,10.0,4.41,12.24,6.36,R3,R3,11.8,18,79.4,114.5
SKU-1795-RH,Важіль a_shaped RH (R3),SKU-1795-LH,RH,a_shaped,False,40.8,30.0,10.0,4.41,12.24,6.36,R3,R3,12.4,19,83.8,120.8
SKU-1796-LH,Важіль trailing LH (R3),SKU-1796-RH,LH,trailing,True,55.7,6.3,7.5,2.21,2.63,2.76,R3,R3,14.7,23,50.8,63.5
SKU-1796-RH,Важіль trailing RH (R3),SKU-1796-LH,RH,trailing,True,55.7,6.3,7.5,2.21,2.63,2.76,R3,R3,14.7,23,50.8,63.5
SKU-1797-LH,Важіль heavy_integral LH (R3),SKU-1797-RH,LH,heavy_integral,False,55.5,18.0,12.6,8.75,12.59,8.56,R3,R3,9.4,15,131.2,128.4
SKU-1797-RH,Важіль heavy_integral RH (R3),SKU-1797-LH,RH,heavy_integral,False,55.5,18.0,12.6,8.75,12.59,8.56,R3,R3,10.0,15,131.2,128.4
SKU-1798-LH,Важіль curved LH (R3),SKU-1798-RH,LH,curved,True,38.8,19.5,6.8,1.84,5.14,5.4,R3,R3,9.3,14,25.8,75.6
SKU-1798-RH,Важіль curved RH (R3),SKU-1798-LH,RH,curved,True,38.8,19.5,6.8,1.84,5.14,5.4,R3,R3,9.3,14,25.8,75.6
SKU-1799-LH,Важіль a_shaped LH (R3),SKU-1799-RH,LH,a_shaped,False,51.0,37.1,8.2,4.38,15.52,8.07,R3,R3,14.4,22,96.4,177.5
SKU-1799-RH,Важіль a_shaped RH (R3),SKU-1799-LH,RH,a_shaped,False,51.0,37.1,8.2,4.38,15.52,8.07,R3,R3,14.2,22,96.4,177.5
SKU-1800-LH,Важіль trailing LH (R3),SKU-1800-RH,LH,trailing,False,62.5,10.6,7.6,2.29,5.04,1.92,R3,R3,15.3,23,52.7,44.2
SKU-1800-RH,Важіль trailing RH (R3),SKU-1800-LH,RH,trailing,False,62.5,10.6,7.6,2.29,5.04,1.92,R3,R3,15.4,24,55.0,46.1
SKU-1801-LH,Важіль trailing LH (R3),SKU-1801-RH,LH,trailing,False,53.3,8.5,5.5,2.94,2.49,0.95,R3,R3,11.0,17,50.0,16.1
SKU-1801-RH,Важіль trailing RH (R3),SKU-1801-LH,RH,trailing,False,53.3,8.5,5.5,2.94,2.49,0.95,R3,R3,11.1,17,50.0,16.1
SKU-1802-LH,Важіль curved LH (R3),SKU-1802-RH,LH,curved,False,31.9,14.5,5.9,3.04,2.73,1.15,R3,R3,13.3,20,60.8,23.0
SKU-1802-RH,Важіль curved RH (R3),SKU-1802-LH,RH,curved,False,31.9,14.5,5.9,3.04,2.73,1.15,R3,R3,13.5,21,63.8,24.1
SKU-1803-LH,Важіль heavy_integral LH (R3),SKU-1803-RH,LH,heavy_integral,False,70.1,17.2,17.9,9.56,21.58,14.67,R3,R3,11.2,17,162.5,249.4
SKU-1803-RH,Важіль heavy_integral RH (R3),SKU-1803-LH,RH,heavy_integral,False,70.1,17.2,17.9,9.56,21.58,14.67,R3,R3,11.5,18,172.1,264.1
SKU-1804-LH,Важіль curved LH (R3),SKU-1804-RH,LH,curved,False,28.8,14.5,10.1,2.76,4.22,1.77,R3,R3,13.6,21,58.0,37.2
SKU-1804-RH,Важіль curved RH (R3),SKU-1804-LH,RH,curved,False,28.8,14.5,10.1,2.76,4.22,1.77,R3,R3,13.6,21,58.0,37.2
SKU-1805-LH,Важіль straight_link LH (R3),SKU-1805-RH,LH,straight_link,False,19.3,5.9,6.6,1.16,0.75,0.21,R3,R3,12.5,19,22.0,4.0
SKU-1805-RH,Важіль straight_link RH (R3),SKU-1805-LH,RH,straight_link,False,19.3,5.9,6.6,1.16,0.75,0.21,R3,R3,13.2,20,23.2,4.2
SKU-1806-LH,Важіль curved LH (R3),SKU-1806-RH,LH,curved,False,27.4,15.6,6.0,2.21,2.56,1.08,R3,R3,8.1,13,28.7,14.0
SKU-1806-RH,Важіль curved RH (R3),SKU-1806-LH,RH,curved,False,27.4,15.6,6.0,2.21,2.56,1.08,R3,R3,8.2,13,28.7,14.0
SKU-1807-LH,Важіль trailing LH (R3),SKU-1807-RH,LH,trailing,False,69.3,10.2,5.9,2.35,4.17,1.58,R3,R3,14.4,22,51.7,34.8
SKU-1807-RH,Важіль trailing RH (R3),SKU-1807-LH,RH,trailing,False,69.3,10.2,5.9,2.35,4.17,1.58,R3,R3,15.4,24,56.4,37.9
SKU-1808-LH,Важіль curved LH (R3),SKU-1808-RH,LH,curved,False,34.0,21.8,5.6,2.15,4.15,1.74,R3,R3,12.9,20,43.0,34.8
SKU-1808-RH,Важіль curved RH (R3),SKU-1808-LH,RH,curved,False,34.0,21.8,5.6,2.15,4.15,1.74,R3,R3,13.6,21,45.1,36.5
SKU-1809-LH,Важіль curved LH (R3),SKU-1809-RH,LH,curved,True,34.8,17.1,8.9,2.06,5.3,5.57,R3,R3,11.2,17,35.0,94.7
SKU-1809-RH,Важіль curved RH (R3),SKU-1809-LH,RH,curved,True,34.8,17.1,8.9,2.06,5.3,5.57,R3,R3,10.7,17,35.0,94.7
SKU-1810-LH,Важіль curved LH (R3),SKU-1810-RH,LH,curved,False,35.0,19.1,9.3,1.97,6.22,2.61,R3,R3,12.9,20,39.4,52.2
SKU-1810-RH,Важіль curved RH (R3),SKU-1810-LH,RH,curved,False,35.0,19.1,9.3,1.97,6.22,2.61,R3,R3,12.5,19,37.4,49.6
SKU-1811-LH,Важіль trailing LH (R3),SKU-1811-RH,LH,trailing,False,63.8,6.7,6.6,4.1,2.82,1.07,R3,R3,10.9,17,69.7,18.2
SKU-1811-RH,Важіль trailing RH (R3),SKU-1811-LH,RH,trailing,False,63.8,6.7,6.6,4.1,2.82,1.07,R3,R3,10.9,17,69.7,18.2
SKU-1812-LH,Важіль straight_link LH (R3),SKU-1812-RH,LH,straight_link,False,19.2,6.5,5.1,1.18,0.64,0.18,R3,R3,11.5,18,21.2,3.2
SKU-1812-RH,Важіль straight_link RH (R3),SKU-1812-LH,RH,straight_link,False,19.2,6.5,5.1,1.18,0.64,0.18,R3,R3,11.8,18,21.2,3.2
SKU-1813-LH,Важіль curved LH (R3),SKU-1813-RH,LH,curved,False,33.1,14.5,7.2,2.55,3.46,1.45,R3,R3,14.3,22,56.1,31.9
SKU-1813-RH,Важіль curved RH (R3),SKU-1813-LH,RH,curved,False,33.1,14.5,7.2,2.55,3.46,1.45,R3,R3,14.5,22,56.1,31.9
SKU-1814-LH,Важіль curved LH (R3),SKU-1814-RH,LH,curved,False,30.3,13.3,10.6,2.9,4.27,1.79,R3,R3,12.8,20,58.0,35.8
SKU-1814-RH,Важіль curved RH (R3),SKU-1814-LH,RH,curved,False,30.3,13.3,10.6,2.9,4.27,1.79,R3,R3,12.1,19,55.1,34.0
SKU-1815-LH,Важіль straight_link LH (R3),SKU-1815-RH,LH,straight_link,False,25.1,5.9,5.3,0.48,0.78,0.22,R3,R3,9.9,15,7.2,3.3
SKU-1815-RH,Важіль straight_link RH (R3),SKU-1815-LH,RH,straight_link,False,25.1,5.9,5.3,0.48,0.78,0.22,R3,R3,9.5,15,7.2,3.3
SKU-1816-LH,Важіль a_shaped LH (R3),SKU-1816-RH,LH,a_shaped,False,36.8,26.6,12.7,5.32,12.43,6.46,R3,R3,11.8,18,95.8,116.3
SKU-1816-RH,Важіль a_shaped RH (R3),SKU-1816-LH,RH,a_shaped,False,36.8,26.6,12.7,5.32,12.43,6.46,R3,R3,12.3,19,101.1,122.7
SKU-1817-LH,Важіль straight_link LH (R3),SKU-1817-RH,LH,straight_link,False,20.7,5.6,5.0,0.65,0.58,0.16,R3,R3,13.3,20,13.0,3.2
SKU-1817-RH,Важіль straight_link RH (R3),SKU-1817-LH,RH,straight_link,False,20.7,5.6,5.0,0.65,0.58,0.16,R3,R3,13.5,21,13.7,3.4
SKU-1818-LH,Важіль a_shaped LH (R3),SKU-1818-RH,LH,a_shaped,False,37.2,30.4,14.8,5.51,16.74,8.7,R3,R3,13.1,20,110.2,174.0
SKU-1818-RH,Важіль a_shaped RH (R3),SKU-1818-LH,RH,a_shaped,False,37.2,30.4,14.8,5.51,16.74,8.7,R3,R3,13.7,21,115.7,182.7
SKU-1819-LH,Важіль a_shaped LH (R3),SKU-1819-RH,LH,a_shaped,True,45.1,40.7,14.7,5.33,26.98,28.33,R3,R3,12.1,19,101.3,538.3
SKU-1819-RH,Важіль a_shaped RH (R3),SKU-1819-LH,RH,a_shaped,True,45.1,40.7,14.7,5.33,26.98,28.33,R3,R3,11.8,18,95.9,509.9
SKU-1820-LH,Важіль a_shaped LH (R3),SKU-1820-RH,LH,a_shaped,True,43.5,29.8,10.8,5.06,14.0,14.7,R3,R3,12.5,19,96.1,279.3
SKU-1820-RH,Важіль a_shaped RH (R3),SKU-1820-LH,RH,a_shaped,True,43.5,29.8,10.8,5.06,14.0,14.7,R3,R3,12.3,19,96.1,279.3
SKU-1821-LH,Важіль trailing LH (R3),SKU-1821-RH,LH,trailing,False,73.6,9.3,6.4,4.06,4.38,1.66,R3,R3,14.9,23,93.4,38.2
SKU-1821-RH,Важіль trailing RH (R3),SKU-1821-LH,RH,trailing,False,73.6,9.3,6.4,4.06,4.38,1.66,R3,R3,14.7,23,93.4,38.2
SKU-1822-LH,Важіль curved LH (R3),SKU-1822-RH,LH,curved,False,39.2,21.6,10.3,2.68,8.72,3.66,R3,R3,11.8,18,48.2,65.9
SKU-1822-RH,Важіль curved RH (R3),SKU-1822-LH,RH,curved,False,39.2,21.6,10.3,2.68,8.72,3.66,R3,R3,12.0,18,48.2,65.9
SKU-1823-LH,Важіль a_shaped LH (R3),SKU-1823-RH,LH,a_shaped,False,46.1,34.9,12.9,4.5,20.75,10.79,R3,R3,12.1,19,85.5,205.0
SKU-1823-RH,Важіль a_shaped RH (R3),SKU-1823-LH,RH,a_shaped,False,46.1,34.9,12.9,4.5,20.75,10.79,R3,R3,12.4,19,85.5,205.0
SKU-1824-LH,Важіль heavy_integral LH (R3),SKU-1824-RH,LH,heavy_integral,False,72.2,25.9,12.2,8.34,22.81,15.51,R3,R3,10.6,16,133.4,248.2
SKU-1824-RH,Важіль heavy_integral RH (R3),SKU-1824-LH,RH,heavy_integral,False,72.2,25.9,12.2,8.34,22.81,15.51,R3,R3,10.9,17,141.8,263.7
SKU-1825-LH,Важіль curved LH (R3),SKU-1825-RH,LH,curved,False,40.1,12.4,10.2,1.71,5.07,2.13,R3,R3,14.9,23,39.3,49.0
SKU-1825-RH,Важіль curved RH (R3),SKU-1825-LH,RH,curved,False,40.1,12.4,10.2,1.71,5.07,2.13,R3,R3,14.9,23,39.3,49.0
SKU-1826-LH,Важіль straight_link LH (R3),SKU-1826-RH,LH,straight_link,False,31.2,4.2,5.2,1.26,0.68,0.19,R3,R3,10.9,17,21.4,3.2
SKU-1826-RH,Важіль straight_link RH (R3),SKU-1826-LH,RH,straight_link,False,31.2,4.2,5.2,1.26,0.68,0.19,R3,R3,11.1,17,21.4,3.2
SKU-1827-LH,Важіль curved LH (R3),SKU-1827-RH,LH,curved,False,40.6,19.1,8.0,3.38,6.2,2.6,R3,R3,11.3,17,57.5,44.2
SKU-1827-RH,Важіль curved RH (R3),SKU-1827-LH,RH,curved,False,40.6,19.1,8.0,3.38,6.2,2.6,R3,R3,11.5,18,60.8,46.8
SKU-1828-LH,Важіль curved LH (R3),SKU-1828-RH,LH,curved,False,28.5,21.4,9.6,2.08,5.86,2.46,R3,R3,13.0,20,41.6,49.2
SKU-1828-RH,Важіль curved RH (R3),SKU-1828-LH,RH,curved,False,28.5,21.4,9.6,2.08,5.86,2.46,R3,R3,13.2,20,41.6,49.2
SKU-1829-LH,Важіль a_shaped LH (R3),SKU-1829-RH,LH,a_shaped,False,44.2,38.4,11.5,5.37,19.52,10.15,R3,R3,8.7,14,75.2,142.1
SKU-1829-RH,Важіль a_shaped RH (R3),SKU-1829-LH,RH,a_shaped,False,44.2,38.4,11.5,5.37,19.52,10.15,R3,R3,8.9,14,75.2,142.1
SKU-1830-LH,Важіль a_shaped LH (R3),SKU-1830-RH,LH,a_shaped,False,36.3,37.6,7.3,5.5,9.96,5.18,R3,R3,12.8,20,110.0,103.6
SKU-1830-RH,Важіль a_shaped RH (R3),SKU-1830-LH,RH,a_shaped,False,36.3,37.6,7.3,5.5,9.96,5.18,R3,R3,12.3,19,104.5,98.4
SKU-1831-LH,Важіль trailing LH (R3),SKU-1831-RH,LH,trailing,True,66.3,10.2,9.0,3.0,6.09,6.39,R3,R3,10.9,17,51.0,108.6
SKU-1831-RH,Важіль trailing RH (R3),SKU-1831-LH,RH,trailing,True,66.3,10.2,9.0,3.0,6.09,6.39,R3,R3,10.3,16,48.0,102.2
SKU-1832-LH,Важіль curved LH (R3),SKU-1832-RH,LH,curved,False,32.5,10.5,7.1,2.08,2.42,1.02,R3,R3,14.0,21,43.7,21.4
SKU-1832-RH,Важіль curved RH (R3),SKU-1832-LH,RH,curved,False,32.5,10.5,7.1,2.08,2.42,1.02,R3,R3,13.2,20,41.6,20.4
SKU-1833-LH,Важіль curved LH (R3),SKU-1833-RH,LH,curved,False,26.9,16.5,5.4,3.28,2.4,1.01,R3,R3,14.3,22,72.2,22.2
SKU-1833-RH,Важіль curved RH (R3),SKU-1833-LH,RH,curved,False,26.9,16.5,5.4,3.28,2.4,1.01,R3,R3,14.5,22,72.2,22.2
SKU-1834-LH,Важіль a_shaped LH (R3),SKU-1834-RH,LH,a_shaped,False,51.5,37.4,14.4,5.25,27.74,14.42,R3,R3,9.0,14,73.5,201.9
SKU-1834-RH,Важіль a_shaped RH (R3),SKU-1834-LH,RH,a_shaped,False,51.5,37.4,14.4,5.25,27.74,14.42,R3,R3,8.7,14,73.5,201.9
SKU-1835-LH,Важіль trailing LH (R3),SKU-1835-RH,LH,trailing,False,64.5,9.1,5.0,2.51,2.93,1.11,R3,R3,12.4,19,47.7,21.1
SKU-1835-RH,Важіль trailing RH (R3),SKU-1835-LH,RH,trailing,False,64.5,9.1,5.0,2.51,2.93,1.11,R3,R3,11.8,18,45.2,20.0
SKU-1836-LH,Важіль curved LH (R3),SKU-1836-RH,LH,curved,False,37.4,17.2,6.8,2.34,4.37,1.84,R3,R3,10.1,16,37.4,29.4
SKU-1836-RH,Важіль curved RH (R3),SKU-1836-LH,RH,curved,False,37.4,17.2,6.8,2.34,4.37,1.84,R3,R3,9.5,15,35.1,27.6
SKU-1837-LH,Важіль straight_link LH (R3),SKU-1837-RH,LH,straight_link,False,18.4,4.8,6.7,0.6,0.59,0.17,R3,R3,8.6,13,7.8,2.2
SKU-1837-RH,Важіль straight_link RH (R3),SKU-1837-LH,RH,straight_link,False,18.4,4.8,6.7,0.6,0.59,0.17,R3,R3,8.3,13,7.8,2.2
SKU-1838-LH,Важіль curved LH (R3),SKU-1838-RH,LH,curved,False,38.9,19.3,10.5,3.14,7.88,3.31,R3,R3,13.0,20,62.8,66.2
SKU-1838-RH,Важіль curved RH (R3),SKU-1838-LH,RH,curved,False,38.9,19.3,10.5,3.14,7.88,3.31,R3,R3,13.8,21,65.9,69.5
SKU-1839-LH,Важіль heavy_integral LH (R3),SKU-1839-RH,LH,heavy_integral,False,75.6,21.1,11.9,9.83,18.98,12.91,R3,R3,14.3,22,216.3,284.0
SKU-1839-RH,Важіль heavy_integral RH (R3),SKU-1839-LH,RH,heavy_integral,False,75.6,21.1,11.9,9.83,18.98,12.91,R3,R3,13.4,21,206.4,271.1
SKU-1840-LH,Важіль trailing LH (R3),SKU-1840-RH,LH,trailing,False,57.5,10.0,5.7,2.24,3.28,1.25,R3,R3,15.4,24,53.8,30.0
SKU-1840-RH,Важіль trailing RH (R3),SKU-1840-LH,RH,trailing,False,57.5,10.0,5.7,2.24,3.28,1.25,R3,R3,16.4,25,56.0,31.2
SKU-1841-LH,Важіль curved LH (R3),SKU-1841-RH,LH,curved,False,39.5,16.7,10.4,3.27,6.86,2.88,R3,R3,7.8,12,39.2,34.6
SKU-1841-RH,Важіль curved RH (R3),SKU-1841-LH,RH,curved,False,39.5,16.7,10.4,3.27,6.86,2.88,R3,R3,7.9,12,39.2,34.6
SKU-1842-LH,Важіль curved LH (R3),SKU-1842-RH,LH,curved,False,40.2,15.5,8.6,1.94,5.36,2.25,R3,R3,15.0,23,44.6,51.8
SKU-1842-RH,Важіль curved RH (R3),SKU-1842-LH,RH,curved,False,40.2,15.5,8.6,1.94,5.36,2.25,R3,R3,14.2,22,42.7,49.5
SKU-1843-LH,Важіль a_shaped LH (R3),SKU-1843-RH,LH,a_shaped,False,37.4,34.9,11.0,4.06,14.36,7.47,R3,R3,11.4,18,73.1,134.5
SKU-1843-RH,Важіль a_shaped RH (R3),SKU-1843-LH,RH,a_shaped,False,37.4,34.9,11.0,4.06,14.36,7.47,R3,R3,11.6,18,73.1,134.5
SKU-1844-LH,Важіль a_shaped LH (R3),SKU-1844-RH,LH,a_shaped,False,36.1,38.2,12.7,4.77,17.51,9.11,R3,R3,8.6,13,62.0,118.4
SKU-1844-RH,Важіль a_shaped RH (R3),SKU-1844-LH,RH,a_shaped,False,36.1,38.2,12.7,4.77,17.51,9.11,R3,R3,8.7,14,66.8,127.5
SKU-1845-LH,Важіль a_shaped LH (R3),SKU-1845-RH,LH,a_shaped,False,41.2,28.9,11.6,4.1,13.81,7.18,R3,R3,11.0,17,69.7,122.1
SKU-1845-RH,Важіль a_shaped RH (R3),SKU-1845-LH,RH,a_shaped,False,41.2,28.9,11.6,4.1,13.81,7.18,R3,R3,10.9,17,69.7,122.1
SKU-1846-LH,Важіль trailing LH (R3),SKU-1846-RH,LH,trailing,False,62.9,8.8,5.0,2.26,2.77,1.05,R3,R3,14.5,22,49.7,23.1
SKU-1846-RH,Важіль trailing RH (R3),SKU-1846-LH,RH,trailing,False,62.9,8.8,5.0,2.26,2.77,1.05,R3,R3,15.3,23,52.0,24.2
SKU-1847-LH,Важіль trailing LH (R3),SKU-1847-RH,LH,trailing,False,59.0,7.9,7.3,3.95,3.4,1.29,R3,R3,15.8,24,94.8,31.0
SKU-1847-RH,Важіль trailing RH (R3),SKU-1847-LH,RH,trailing,False,59.0,7.9,7.3,3.95,3.4,1.29,R3,R3,15.0,23,90.9,29.7
SKU-1848-LH,Важіль a_shaped LH (R3),SKU-1848-RH,LH,a_shaped,False,42.6,33.5,7.4,4.21,10.56,5.49,R3,R3,14.3,22,92.6,120.8
SKU-1848-RH,Важіль a_shaped RH (R3),SKU-1848-LH,RH,a_shaped,False,42.6,33.5,7.4,4.21,10.56,5.49,R3,R3,14.1,22,92.6,120.8
SKU-1849-LH,Важіль a_shaped LH (R3),SKU-1849-RH,LH,a_shaped,False,49.7,38.0,9.2,3.98,17.38,9.04,R3,R3,10.4,16,63.7,144.6
SKU-1849-RH,Важіль a_shaped RH (R3),SKU-1849-LH,RH,a_shaped,False,49.7,38.0,9.2,3.98,17.38,9.04,R3,R3,10.1,16,63.7,144.6
SKU-1850-LH,Важіль a_shaped LH (R3),SKU-1850-RH,LH,a_shaped,False,45.5,31.9,13.5,5.27,19.59,10.19,R3,R3,8.7,14,73.8,142.7
SKU-1850-RH,Важіль a_shaped RH (R3),SKU-1850-LH,RH,a_shaped,False,45.5,31.9,13.5,5.27,19.59,10.19,R3,R3,9.0,14,73.8,142.7
SKU-1851-LH,Важіль straight_link LH (R3),SKU-1851-RH,LH,straight_link,False,22.3,7.0,6.7,0.65,1.05,0.29,R3,R3,8.0,12,7.8,3.5
SKU-1851-RH,Важіль straight_link RH (R3),SKU-1851-LH,RH,straight_link,False,22.3,7.0,6.7,0.65,1.05,0.29,R3,R3,8.4,13,8.5,3.8
SKU-1852-LH,Важіль straight_link LH (R3),SKU-1852-RH,LH,straight_link,False,23.2,5.8,6.5,0.51,0.87,0.24,R3,R3,11.2,17,8.7,4.1
SKU-1852-RH,Важіль straight_link RH (R3),SKU-1852-LH,RH,straight_link,False,23.2,5.8,6.5,0.51,0.87,0.24,R3,R3,11.3,17,8.7,4.1
SKU-1853-LH,Важіль curved LH (R3),SKU-1853-RH,LH,curved,False,28.7,19.7,9.2,2.6,5.2,2.18,R3,R3,13.5,21,54.6,45.8
SKU-1853-RH,Важіль curved RH (R3),SKU-1853-LH,RH,curved,False,28.7,19.7,9.2,2.6,5.2,2.18,R3,R3,13.2,20,52.0,43.6
SKU-1854-LH,Важіль heavy_integral LH (R3),SKU-1854-RH,LH,heavy_integral,False,66.8,22.4,12.7,10.1,19.0,12.92,R3,R3,12.3,19,191.9,245.5
SKU-1854-RH,Важіль heavy_integral RH (R3),SKU-1854-LH,RH,heavy_integral,False,66.8,22.4,12.7,10.1,19.0,12.92,R3,R3,12.6,19,191.9,245.5
SKU-1855-LH,Важіль heavy_integral LH (R3),SKU-1855-RH,LH,heavy_integral,False,75.4,20.9,17.2,7.35,27.1,18.43,R3,R3,11.6,18,132.3,331.7
SKU-1855-RH,Важіль heavy_integral RH (R3),SKU-1855-LH,RH,heavy_integral,False,75.4,20.9,17.2,7.35,27.1,18.43,R3,R3,11.6,18,132.3,331.7
SKU-1856-LH,Важіль a_shaped LH (R3),SKU-1856-RH,LH,a_shaped,False,49.7,27.4,13.9,4.63,18.93,9.84,R3,R3,9.2,14,64.8,137.8
SKU-1856-RH,Важіль a_shaped RH (R3),SKU-1856-LH,RH,a_shaped,False,49.7,27.4,13.9,4.63,18.93,9.84,R3,R3,9.4,15,69.5,147.6
SKU-1857-LH,Важіль trailing LH (R3),SKU-1857-RH,LH,trailing,False,60.3,6.7,6.2,3.3,2.5,0.95,R3,R3,11.4,18,59.4,17.1
SKU-1857-RH,Важіль trailing RH (R3),SKU-1857-LH,RH,trailing,False,60.3,6.7,6.2,3.3,2.5,0.95,R3,R3,11.8,18,59.4,17.1
SKU-1858-LH,Важіль straight_link LH (R3),SKU-1858-RH,LH,straight_link,False,28.6,5.2,6.6,0.55,0.98,0.27,R3,R3,8.9,14,7.7,3.8
SKU-1858-RH,Важіль straight_link RH (R3),SKU-1858-LH,RH,straight_link,False,28.6,5.2,6.6,0.55,0.98,0.27,R3,R3,9.3,14,7.7,3.8
SKU-1859-LH,Важіль curved LH (R3),SKU-1859-RH,LH,curved,False,27.0,11.6,10.2,2.74,3.19,1.34,R3,R3,10.1,16,43.8,21.4
SKU-1859-RH,Важіль curved RH (R3),SKU-1859-LH,RH,curved,False,27.0,11.6,10.2,2.74,3.19,1.34,R3,R3,10.0,15,41.1,20.1
SKU-1860-LH,Важіль a_shaped LH (R3),SKU-1860-RH,LH,a_shaped,False,39.7,39.8,9.5,5.82,15.01,7.81,R3,R3,8.0,12,69.8,93.7
SKU-1860-RH,Важіль a_shaped RH (R3),SKU-1860-LH,RH,a_shaped,False,39.7,39.8,9.5,5.82,15.01,7.81,R3,R3,8.0,12,69.8,93.7
SKU-1861-LH,Важіль trailing LH (R3),SKU-1861-RH,LH,trailing,False,53.9,10.0,5.9,3.52,3.18,1.21,R3,R3,14.5,22,77.4,26.6
SKU-1861-RH,Важіль trailing RH (R3),SKU-1861-LH,RH,trailing,False,53.9,10.0,5.9,3.52,3.18,1.21,R3,R3,14.7,23,81.0,27.8
SKU-1862-LH,Важіль curved LH (R3),SKU-1862-RH,LH,curved,False,31.7,19.7,6.8,2.63,4.25,1.78,R3,R3,13.8,21,55.2,37.4
SKU-1862-RH,Важіль curved RH (R3),SKU-1862-LH,RH,curved,False,31.7,19.7,6.8,2.63,4.25,1.78,R3,R3,13.7,21,55.2,37.4
SKU-1863-LH,Важіль heavy_integral LH (R3),SKU-1863-RH,LH,heavy_integral,False,76.2,25.3,14.4,9.04,27.76,18.88,R3,R3,14.7,23,207.9,434.2
SKU-1863-RH,Важіль heavy_integral RH (R3),SKU-1863-LH,RH,heavy_integral,False,76.2,25.3,14.4,9.04,27.76,18.88,R3,R3,14.9,23,207.9,434.2
SKU-1864-LH,Важіль straight_link LH (R3),SKU-1864-RH,LH,straight_link,False,29.5,7.0,5.5,0.49,1.14,0.32,R3,R3,11.3,17,8.3,5.4
SKU-1864-RH,Важіль straight_link RH (R3),SKU-1864-LH,RH,straight_link,False,29.5,7.0,5.5,0.49,1.14,0.32,R3,R3,11.3,17,8.3,5.4
SKU-1865-LH,Важіль a_shaped LH (R3),SKU-1865-RH,LH,a_shaped,False,37.2,39.2,10.4,5.51,15.17,7.89,R3,R3,8.6,13,71.6,102.6
SKU-1865-RH,Важіль a_shaped RH (R3),SKU-1865-LH,RH,a_shaped,False,37.2,39.2,10.4,5.51,15.17,7.89,R3,R3,8.4,13,71.6,102.6
SKU-1866-LH,Важіль trailing LH (R3),SKU-1866-RH,LH,trailing,False,73.0,8.3,5.9,4.06,3.57,1.36,R3,R3,10.5,16,65.0,21.8
SKU-1866-RH,Важіль trailing RH (R3),SKU-1866-LH,RH,trailing,False,73.0,8.3,5.9,4.06,3.57,1.36,R3,R3,10.8,17,69.0,23.1
SKU-1867-LH,Важіль trailing LH (R3),SKU-1867-RH,LH,trailing,False,52.1,7.2,8.8,2.46,3.3,1.25,R3,R3,9.0,14,34.4,17.5
SKU-1867-RH,Важіль trailing RH (R3),SKU-1867-LH,RH,trailing,False,52.1,7.2,8.8,2.46,3.3,1.25,R3,R3,9.2,14,34.4,17.5
SKU-1868-LH,Важіль straight_link LH (R3),SKU-1868-RH,LH,straight_link,False,31.9,6.4,4.3,1.39,0.88,0.25,R3,R3,11.1,17,23.6,4.2
SKU-1868-RH,Важіль straight_link RH (R3),SKU-1868-LH,RH,straight_link,False,31.9,6.4,4.3,1.39,0.88,0.25,R3,R3,11.3,17,23.6,4.2
SKU-1869-LH,Важіль curved LH (R3),SKU-1869-RH,LH,curved,False,27.4,10.0,7.7,3.11,2.11,0.89,R3,R3,13.1,20,62.2,17.8
SKU-1869-RH,Важіль curved RH (R3),SKU-1869-LH,RH,curved,False,27.4,10.0,7.7,3.11,2.11,0.89,R3,R3,12.4,19,59.1,16.9
SKU-1870-LH,Важіль curved LH (R3),SKU-1870-RH,LH,curved,False,28.6,12.0,6.7,3.03,2.3,0.97,R3,R3,15.8,24,72.7,23.3
SKU-1870-RH,Важіль curved RH (R3),SKU-1870-LH,RH,curved,False,28.6,12.0,6.7,3.03,2.3,0.97,R3,R3,14.9,23,69.7,22.3
SKU-1871-LH,Важіль a_shaped LH (R3),SKU-1871-RH,LH,a_shaped,False,41.3,27.8,14.0,5.64,16.07,8.36,R3,R3,9.3,14,79.0,117.0
SKU-1871-RH,Важіль a_shaped RH (R3),SKU-1871-LH,RH,a_shaped,False,41.3,27.8,14.0,5.64,16.07,8.36,R3,R3,9.2,14,79.0,117.0
SKU-1872-LH,Важіль straight_link LH (R3),SKU-1872-RH,LH,straight_link,False,24.3,7.5,4.2,0.76,0.77,0.22,R3,R3,11.9,18,13.7,4.0
SKU-1872-RH,Важіль straight_link RH (R3),SKU-1872-LH,RH,straight_link,False,24.3,7.5,4.2,0.76,0.77,0.22,R3,R3,11.7,18,13.7,4.0
SKU-1873-LH,Важіль straight_link LH (R3),SKU-1873-RH,LH,straight_link,False,30.2,7.3,6.8,1.25,1.5,0.42,R3,R3,12.7,20,25.0,8.4
SKU-1873-RH,Важіль straight_link RH (R3),SKU-1873-LH,RH,straight_link,False,30.2,7.3,6.8,1.25,1.5,0.42,R3,R3,12.2,19,23.8,8.0
SKU-1874-LH,Важіль a_shaped LH (R3),SKU-1874-RH,LH,a_shaped,False,41.1,33.5,9.3,6.68,12.8,6.66,R3,R3,10.2,16,106.9,106.6
SKU-1874-RH,Важіль a_shaped RH (R3),SKU-1874-LH,RH,a_shaped,False,41.1,33.5,9.3,6.68,12.8,6.66,R3,R3,10.5,16,106.9,106.6
SKU-1875-LH,Важіль curved LH (R3),SKU-1875-RH,LH,curved,True,27.8,12.6,7.8,2.38,2.73,2.87,R3,R3,14.7,23,54.7,66.0
SKU-1875-RH,Важіль curved RH (R3),SKU-1875-LH,RH,curved,True,27.8,12.6,7.8,2.38,2.73,2.87,R3,R3,14.3,22,52.4,63.1
SKU-1876-LH,Важіль straight_link LH (R3),SKU-1876-RH,LH,straight_link,False,22.4,6.7,4.2,0.41,0.63,0.18,R3,R3,14.3,22,9.0,4.0
SKU-1876-RH,Важіль straight_link RH (R3),SKU-1876-LH,RH,straight_link,False,22.4,6.7,4.2,0.41,0.63,0.18,R3,R3,13.9,21,8.6,3.8
SKU-1877-LH,Важіль heavy_integral LH (R3),SKU-1877-RH,LH,heavy_integral,False,79.8,24.6,15.7,8.27,30.82,20.96,R3,R3,12.6,19,157.1,398.2
SKU-1877-RH,Важіль heavy_integral RH (R3),SKU-1877-LH,RH,heavy_integral,False,79.8,24.6,15.7,8.27,30.82,20.96,R3,R3,12.6,19,157.1,398.2
SKU-1878-LH,Важіль straight_link LH (R3),SKU-1878-RH,LH,straight_link,False,29.4,4.7,4.7,1.08,0.65,0.18,R3,R3,11.6,18,19.4,3.2
SKU-1878-RH,Важіль straight_link RH (R3),SKU-1878-LH,RH,straight_link,False,29.4,4.7,4.7,1.08,0.65,0.18,R3,R3,10.9,17,18.4,3.1
SKU-1879-LH,Важіль curved LH (R3),SKU-1879-RH,LH,curved,False,40.7,20.8,5.9,2.26,4.99,2.1,R3,R3,12.6,19,42.9,39.9
SKU-1879-RH,Важіль curved RH (R3),SKU-1879-LH,RH,curved,False,40.7,20.8,5.9,2.26,4.99,2.1,R3,R3,13.4,21,47.5,44.1
SKU-1880-LH,Важіль trailing LH (R3),SKU-1880-RH,LH,trailing,False,56.3,6.6,5.3,4.01,1.97,0.75,R3,R3,9.5,15,60.1,11.2
SKU-1880-RH,Важіль trailing RH (R3),SKU-1880-LH,RH,trailing,False,56.3,6.6,5.3,4.01,1.97,0.75,R3,R3,9.5,15,60.1,11.2
SKU-1881-LH,Важіль trailing LH (R3),SKU-1881-RH,LH,trailing,False,53.9,7.1,8.7,4.01,3.33,1.27,R3,R3,13.7,21,84.2,26.7
SKU-1881-RH,Важіль trailing RH (R3),SKU-1881-LH,RH,trailing,False,53.9,7.1,8.7,4.01,3.33,1.27,R3,R3,14.1,22,88.2,27.9
SKU-1882-LH,Важіль straight_link LH (R3),SKU-1882-RH,LH,straight_link,False,21.9,7.2,6.2,0.47,0.98,0.27,R3,R3,15.8,24,11.3,6.5
SKU-1882-RH,Важіль straight_link RH (R3),SKU-1882-LH,RH,straight_link,False,21.9,7.2,6.2,0.47,0.98,0.27,R3,R3,14.8,23,10.8,6.2
SKU-1883-LH,Важіль a_shaped LH (R3),SKU-1883-RH,LH,a_shaped,False,40.9,32.3,8.4,5.45,11.1,5.77,R3,R3,15.7,24,130.8,138.5
SKU-1883-RH,Важіль a_shaped RH (R3),SKU-1883-LH,RH,a_shaped,False,40.9,32.3,8.4,5.45,11.1,5.77,R3,R3,15.1,23,125.4,132.7
SKU-1884-LH,Важіль heavy_integral LH (R3),SKU-1884-RH,LH,heavy_integral,False,60.9,24.6,13.5,7.03,20.22,13.75,R3,R3,9.7,15,105.5,206.2
SKU-1884-RH,Важіль heavy_integral RH (R3),SKU-1884-LH,RH,heavy_integral,False,60.9,24.6,13.5,7.03,20.22,13.75,R3,R3,9.4,15,105.5,206.2
SKU-1885-LH,Важіль curved LH (R3),SKU-1885-RH,LH,curved,False,29.3,13.9,7.8,3.3,3.18,1.34,R3,R3,15.1,23,75.9,30.8
SKU-1885-RH,Важіль curved RH (R3),SKU-1885-LH,RH,curved,False,29.3,13.9,7.8,3.3,3.18,1.34,R3,R3,15.3,23,75.9,30.8
SKU-1886-LH,Важіль straight_link LH (R3),SKU-1886-RH,LH,straight_link,False,25.1,5.6,7.2,1.33,1.01,0.28,R3,R3,11.1,17,22.6,4.8
SKU-1886-RH,Важіль straight_link RH (R3),SKU-1886-LH,RH,straight_link,False,25.1,5.6,7.2,1.33,1.01,0.28,R3,R3,11.4,18,23.9,5.0
SKU-1887-LH,Важіль trailing LH (R3),SKU-1887-RH,LH,trailing,False,52.1,7.6,6.7,2.58,2.65,1.01,R3,R3,9.2,14,36.1,14.1
SKU-1887-RH,Важіль trailing RH (R3),SKU-1887-LH,RH,trailing,False,52.1,7.6,6.7,2.58,2.65,1.01,R3,R3,9.7,15,38.7,15.2
SKU-1888-LH,Важіль trailing LH (R3),SKU-1888-RH,LH,trailing,False,53.4,7.2,8.2,3.89,3.15,1.2,R3,R3,11.8,18,70.0,21.6
SKU-1888-RH,Важіль trailing RH (R3),SKU-1888-LH,RH,trailing,False,53.4,7.2,8.2,3.89,3.15,1.2,R3,R3,12.3,19,73.9,22.8
SKU-1889-LH,Важіль curved LH (R3),SKU-1889-RH,LH,curved,False,29.4,13.5,6.0,2.28,2.38,1.0,R3,R3,15.4,24,54.7,24.0
SKU-1889-RH,Важіль curved RH (R3),SKU-1889-LH,RH,curved,False,29.4,13.5,6.0,2.28,2.38,1.0,R3,R3,15.2,23,52.4,23.0
SKU-1890-LH,Важіль curved LH (R3),SKU-1890-RH,LH,curved,False,26.8,12.5,8.4,2.71,2.81,1.18,R3,R3,8.3,13,35.2,15.3
SKU-1890-RH,Важіль curved RH (R3),SKU-1890-LH,RH,curved,False,26.8,12.5,8.4,2.71,2.81,1.18,R3,R3,8.4,13,35.2,15.3
SKU-1891-LH,Важіль trailing LH (R3),SKU-1891-RH,LH,trailing,False,68.6,7.6,5.4,3.0,2.82,1.07,R3,R3,9.4,15,45.0,16.1
SKU-1891-RH,Важіль trailing RH (R3),SKU-1891-LH,RH,trailing,False,68.6,7.6,5.4,3.0,2.82,1.07,R3,R3,9.0,14,42.0,15.0
SKU-1892-LH,Важіль trailing LH (R3),SKU-1892-RH,LH,trailing,False,71.9,8.5,6.2,3.81,3.79,1.44,R3,R3,15.1,23,87.6,33.1
SKU-1892-RH,Важіль trailing RH (R3),SKU-1892-LH,RH,trailing,False,71.9,8.5,6.2,3.81,3.79,1.44,R3,R3,14.4,22,83.8,31.7
SKU-1893-LH,Важіль a_shaped LH (R3),SKU-1893-RH,LH,a_shaped,False,48.2,28.2,8.8,6.42,11.96,6.22,R3,R3,8.3,13,83.5,80.9
SKU-1893-RH,Важіль a_shaped RH (R3),SKU-1893-LH,RH,a_shaped,False,48.2,28.2,8.8,6.42,11.96,6.22,R3,R3,8.1,13,83.5,80.9
SKU-1894-LH,Важіль straight_link LH (R3),SKU-1894-RH,LH,straight_link,False,18.1,6.9,5.3,0.94,0.66,0.18,R3,R3,13.6,21,19.7,3.8
SKU-1894-RH,Важіль straight_link RH (R3),SKU-1894-LH,RH,straight_link,False,18.1,6.9,5.3,0.94,0.66,0.18,R3,R3,13.9,21,19.7,3.8
SKU-1895-LH,Важіль trailing LH (R3),SKU-1895-RH,LH,trailing,False,62.4,10.8,7.6,2.73,5.12,1.95,R3,R3,9.3,14,38.2,27.3
SKU-1895-RH,Важіль trailing RH (R3),SKU-1895-LH,RH,trailing,False,62.4,10.8,7.6,2.73,5.12,1.95,R3,R3,8.9,14,38.2,27.3
SKU-1896-LH,Важіль curved LH (R3),SKU-1896-RH,LH,curved,False,33.5,12.4,8.6,1.71,3.57,1.5,R3,R3,11.3,17,29.1,25.5
SKU-1896-RH,Важіль curved RH (R3),SKU-1896-LH,RH,curved,False,33.5,12.4,8.6,1.71,3.57,1.5,R3,R3,11.2,17,29.1,25.5
SKU-1897-LH,Важіль straight_link LH (R3),SKU-1897-RH,LH,straight_link,False,29.6,6.7,4.1,0.59,0.81,0.23,R3,R3,12.7,20,11.8,4.6
SKU-1897-RH,Важіль straight_link RH (R3),SKU-1897-LH,RH,straight_link,False,29.6,6.7,4.1,0.59,0.81,0.23,R3,R3,12.6,19,11.2,4.4
SKU-1898-LH,Важіль curved LH (R3),SKU-1898-RH,LH,curved,False,30.9,15.2,7.8,1.88,3.66,1.54,R3,R3,8.5,13,24.4,20.0
SKU-1898-RH,Важіль curved RH (R3),SKU-1898-LH,RH,curved,False,30.9,15.2,7.8,1.88,3.66,1.54,R3,R3,8.1,13,24.4,20.0
SKU-1899-LH,Важіль curved LH (R3),SKU-1899-RH,LH,curved,False,27.3,21.1,8.5,2.8,4.9,2.06,R3,R3,15.1,23,64.4,47.4
SKU-1899-RH,Важіль curved RH (R3),SKU-1899-LH,RH,curved,False,27.3,21.1,8.5,2.8,4.9,2.06,R3,R3,15.4,24,67.2,49.4
SKU-1900-LH,Важіль heavy_integral LH (R3),SKU-1900-RH,LH,heavy_integral,True,56.0,24.3,16.1,7.71,21.91,23.01,R3,R3,11.0,17,131.1,391.2
SKU-1900-RH,Важіль heavy_integral RH (R3),SKU-1900-LH,RH,heavy_integral,True,56.0,24.3,16.1,7.71,21.91,23.01,R3,R3,10.6,16,123.4,368.2
SKU-1901-LH,Важіль trailing LH (R3),SKU-1901-RH,LH,trailing,False,57.4,7.3,8.2,2.69,3.44,1.31,R3,R3,9.5,15,40.4,19.7
SKU-1901-RH,Важіль trailing RH (R3),SKU-1901-LH,RH,trailing,False,57.4,7.3,8.2,2.69,3.44,1.31,R3,R3,9.8,15,40.4,19.7
SKU-1902-LH,Важіль heavy_integral LH (R3),SKU-1902-RH,LH,heavy_integral,False,52.5,19.6,16.0,8.57,16.46,11.19,R3,R3,15.1,23,197.1,257.4
SKU-1902-RH,Важіль heavy_integral RH (R3),SKU-1902-LH,RH,heavy_integral,False,52.5,19.6,16.0,8.57,16.46,11.19,R3,R3,14.9,23,197.1,257.4
SKU-1903-LH,Важіль curved LH (R3),SKU-1903-RH,LH,curved,False,33.9,10.5,10.9,2.29,3.88,1.63,R3,R3,9.3,14,32.1,22.8
SKU-1903-RH,Важіль curved RH (R3),SKU-1903-LH,RH,curved,False,33.9,10.5,10.9,2.29,3.88,1.63,R3,R3,9.1,14,32.1,22.8
SKU-1904-LH,Важіль trailing LH (R3),SKU-1904-RH,LH,trailing,False,67.3,8.2,8.3,2.66,4.58,1.74,R3,R3,11.6,18,47.9,31.3
SKU-1904-RH,Важіль trailing RH (R3),SKU-1904-LH,RH,trailing,False,67.3,8.2,8.3,2.66,4.58,1.74,R3,R3,11.7,18,47.9,31.3
SKU-1905-LH,Важіль curved LH (R3),SKU-1905-RH,LH,curved,False,32.3,17.8,5.9,3.28,3.39,1.42,R3,R3,11.3,17,55.8,24.1
SKU-1905-RH,Важіль curved RH (R3),SKU-1905-LH,RH,curved,False,32.3,17.8,5.9,3.28,3.39,1.42,R3,R3,10.6,16,52.5,22.7
SKU-1906-LH,Важіль curved LH (R3),SKU-1906-RH,LH,curved,False,33.8,20.5,8.2,3.27,5.68,2.39,R3,R3,11.9,18,58.9,43.0
SKU-1906-RH,Важіль curved RH (R3),SKU-1906-LH,RH,curved,False,33.8,20.5,8.2,3.27,5.68,2.39,R3,R3,11.5,18,58.9,43.0
SKU-1907-LH,Важіль a_shaped LH (R3),SKU-1907-RH,LH,a_shaped,False,40.0,40.4,14.3,6.62,23.11,12.02,R3,R3,12.3,19,125.8,228.4
SKU-1907-RH,Важіль a_shaped RH (R3),SKU-1907-LH,RH,a_shaped,False,40.0,40.4,14.3,6.62,23.11,12.02,R3,R3,12.4,19,125.8,228.4
SKU-1908-LH,Важіль straight_link LH (R3),SKU-1908-RH,LH,straight_link,False,26.4,4.1,5.7,0.55,0.62,0.17,R3,R3,9.4,15,8.2,2.6
SKU-1908-RH,Важіль straight_link RH (R3),SKU-1908-LH,RH,straight_link,False,26.4,4.1,5.7,0.55,0.62,0.17,R3,R3,9.4,15,8.2,2.6
SKU-1909-LH,Важіль curved LH (R3),SKU-1909-RH,LH,curved,False,27.2,16.0,6.1,2.63,2.65,1.11,R3,R3,13.2,20,52.6,22.2
SKU-1909-RH,Важіль curved RH (R3),SKU-1909-LH,RH,curved,False,27.2,16.0,6.1,2.63,2.65,1.11,R3,R3,13.3,20,52.6,22.2
SKU-1910-LH,Важіль curved LH (R3),SKU-1910-RH,LH,curved,False,38.2,15.2,7.9,2.77,4.59,1.93,R3,R3,8.2,13,36.0,25.1
SKU-1910-RH,Важіль curved RH (R3),SKU-1910-LH,RH,curved,False,38.2,15.2,7.9,2.77,4.59,1.93,R3,R3,8.2,13,36.0,25.1
SKU-1911-LH,Важіль heavy_integral LH (R3),SKU-1911-RH,LH,heavy_integral,False,52.7,16.9,17.4,9.16,15.5,10.54,R3,R3,8.9,14,128.2,147.6
SKU-1911-RH,Важіль heavy_integral RH (R3),SKU-1911-LH,RH,heavy_integral,False,52.7,16.9,17.4,9.16,15.5,10.54,R3,R3,9.1,14,128.2,147.6
SKU-1912-LH,Важіль trailing LH (R3),SKU-1912-RH,LH,trailing,False,53.1,7.2,8.6,2.12,3.29,1.25,R3,R3,10.0,15,31.8,18.8
SKU-1912-RH,Важіль trailing RH (R3),SKU-1912-LH,RH,trailing,False,53.1,7.2,8.6,2.12,3.29,1.25,R3,R3,9.7,15,31.8,18.8
SKU-1913-LH,Важіль a_shaped LH (R3),SKU-1913-RH,LH,a_shaped,False,37.1,26.5,9.0,6.42,8.85,4.6,R3,R3,11.5,18,115.6,82.8
SKU-1913-RH,Важіль a_shaped RH (R3),SKU-1913-LH,RH,a_shaped,False,37.1,26.5,9.0,6.42,8.85,4.6,R3,R3,11.7,18,115.6,82.8
SKU-1914-LH,Важіль curved LH (R3),SKU-1914-RH,LH,curved,False,29.1,16.2,10.4,3.05,4.9,2.06,R3,R3,8.7,14,42.7,28.8
SKU-1914-RH,Важіль curved RH (R3),SKU-1914-LH,RH,curved,False,29.1,16.2,10.4,3.05,4.9,2.06,R3,R3,8.6,13,39.6,26.8
SKU-1915-LH,Важіль trailing LH (R3),SKU-1915-RH,LH,trailing,False,55.2,8.7,8.5,2.96,4.08,1.55,R3,R3,11.4,18,53.3,27.9
SKU-1915-RH,Важіль trailing RH (R3),SKU-1915-LH,RH,trailing,False,55.2,8.7,8.5,2.96,4.08,1.55,R3,R3,11.6,18,53.3,27.9
SKU-1916-LH,Важіль curved LH (R3),SKU-1916-RH,LH,curved,False,41.1,13.4,7.8,2.81,4.3,1.81,R3,R3,9.3,14,39.3,25.3
SKU-1916-RH,Важіль curved RH (R3),SKU-1916-LH,RH,curved,False,41.1,13.4,7.8,2.81,4.3,1.81,R3,R3,9.5,15,42.1,27.2
SKU-1917-LH,Важіль curved LH (R3),SKU-1917-RH,LH,curved,False,36.0,18.0,5.8,3.3,3.76,1.58,R3,R3,9.3,14,46.2,22.1
SKU-1917-RH,Важіль curved RH (R3),SKU-1917-LH,RH,curved,False,36.0,18.0,5.8,3.3,3.76,1.58,R3,R3,8.9,14,46.2,22.1
SKU-1918-LH,Важіль curved LH (R3),SKU-1918-RH,LH,curved,False,37.5,19.0,6.3,2.4,4.49,1.89,R3,R3,13.2,20,48.0,37.8
SKU-1918-RH,Важіль curved RH (R3),SKU-1918-LH,RH,curved,False,37.5,19.0,6.3,2.4,4.49,1.89,R3,R3,12.5,19,45.6,35.9
SKU-1919-LH,Важіль a_shaped LH (R3),SKU-1919-RH,LH,a_shaped,False,50.2,30.3,13.6,5.26,20.69,10.76,R3,R3,11.5,18,94.7,193.7
SKU-1919-RH,Важіль a_shaped RH (R3),SKU-1919-LH,RH,a_shaped,False,50.2,30.3,13.6,5.26,20.69,10.76,R3,R3,11.8,18,94.7,193.7
SKU-1920-LH,Важіль curved LH (R3),SKU-1920-RH,LH,curved,False,32.6,17.6,9.2,2.88,5.28,2.22,R3,R3,8.7,14,40.3,31.1
SKU-1920-RH,Важіль curved RH (R3),SKU-1920-LH,RH,curved,False,32.6,17.6,9.2,2.88,5.28,2.22,R3,R3,8.4,13,37.4,28.9
SKU-1921-LH,Важіль a_shaped LH (R3),SKU-1921-RH,LH,a_shaped,False,39.9,33.7,14.1,4.81,18.96,9.86,R3,R3,13.5,21,101.0,207.1
SKU-1921-RH,Важіль a_shaped RH (R3),SKU-1921-LH,RH,a_shaped,False,39.9,33.7,14.1,4.81,18.96,9.86,R3,R3,14.0,21,101.0,207.1
SKU-1922-LH,Важіль curved LH (R3),SKU-1922-RH,LH,curved,False,38.3,12.5,8.0,2.02,3.83,1.61,R3,R3,11.5,18,36.4,29.0
SKU-1922-RH,Важіль curved RH (R3),SKU-1922-LH,RH,curved,False,38.3,12.5,8.0,2.02,3.83,1.61,R3,R3,11.5,18,36.4,29.0
SKU-1923-LH,Важіль heavy_integral LH (R3),SKU-1923-RH,LH,heavy_integral,False,79.5,21.9,13.0,8.36,22.63,15.39,R3,R3,12.9,20,167.2,307.8
SKU-1923-RH,Важіль heavy_integral RH (R3),SKU-1923-LH,RH,heavy_integral,False,79.5,21.9,13.0,8.36,22.63,15.39,R3,R3,12.8,20,167.2,307.8
SKU-1924-LH,Важіль curved LH (R3),SKU-1924-RH,LH,curved,False,28.8,19.8,8.3,1.84,4.73,1.99,R3,R3,14.6,22,40.5,43.8
SKU-1924-RH,Важіль curved RH (R3),SKU-1924-LH,RH,curved,False,28.8,19.8,8.3,1.84,4.73,1.99,R3,R3,14.6,22,40.5,43.8
SKU-1925-LH,Важіль trailing LH (R3),SKU-1925-RH,LH,trailing,False,55.5,8.6,5.5,4.06,2.63,1.0,R3,R3,9.3,14,56.8,14.0
SKU-1925-RH,Важіль trailing RH (R3),SKU-1925-LH,RH,trailing,False,55.5,8.6,5.5,4.06,2.63,1.0,R3,R3,9.4,15,60.9,15.0
SKU-1926-LH,Важіль trailing LH (R3),SKU-1926-RH,LH,trailing,False,72.7,8.3,5.7,2.66,3.44,1.31,R3,R3,11.7,18,47.9,23.6
SKU-1926-RH,Важіль trailing RH (R3),SKU-1926-LH,RH,trailing,False,72.7,8.3,5.7,2.66,3.44,1.31,R3,R3,12.2,19,50.5,24.9
SKU-1927-LH,Важіль curved LH (R3),SKU-1927-RH,LH,curved,False,37.4,21.3,10.5,3.3,8.36,3.51,R3,R3,9.7,15,49.5,52.6
SKU-1927-RH,Важіль curved RH (R3),SKU-1927-LH,RH,curved,False,37.4,21.3,10.5,3.3,8.36,3.51,R3,R3,9.8,15,49.5,52.6
SKU-1928-LH,Важіль a_shaped LH (R3),SKU-1928-RH,LH,a_shaped,False,51.6,39.7,7.9,6.63,16.18,8.41,R3,R3,10.9,17,112.7,143.0
SKU-1928-RH,Важіль a_shaped RH (R3),SKU-1928-LH,RH,a_shaped,False,51.6,39.7,7.9,6.63,16.18,8.41,R3,R3,11.3,17,112.7,143.0
SKU-1929-LH,Важіль straight_link LH (R3),SKU-1929-RH,LH,straight_link,True,25.6,5.2,5.7,1.01,0.76,0.8,R3,R3,15.1,23,23.2,18.4
SKU-1929-RH,Важіль straight_link RH (R3),SKU-1929-LH,RH,straight_link,True,25.6,5.2,5.7,1.01,0.76,0.8,R3,R3,14.9,23,23.2,18.4
SKU-1930-LH,Важіль trailing LH (R3),SKU-1930-RH,LH,trailing,False,75.5,6.6,7.1,2.7,3.54,1.35,R3,R3,8.5,13,35.1,17.6
SKU-1930-RH,Важіль trailing RH (R3),SKU-1930-LH,RH,trailing,False,75.5,6.6,7.1,2.7,3.54,1.35,R3,R3,8.6,13,35.1,17.6
SKU-1931-LH,Важіль a_shaped LH (R3),SKU-1931-RH,LH,a_shaped,False,49.0,39.7,14.3,4.45,27.82,14.47,R3,R3,15.0,23,102.4,332.8
SKU-1931-RH,Важіль a_shaped RH (R3),SKU-1931-LH,RH,a_shaped,False,49.0,39.7,14.3,4.45,27.82,14.47,R3,R3,15.3,23,102.4,332.8
SKU-1932-LH,Важіль straight_link LH (R3),SKU-1932-RH,LH,straight_link,True,18.6,6.5,5.6,0.66,0.68,0.71,R3,R3,9.7,15,9.9,10.6
SKU-1932-RH,Важіль straight_link RH (R3),SKU-1932-LH,RH,straight_link,True,18.6,6.5,5.6,0.66,0.68,0.71,R3,R3,9.1,14,9.2,9.9
SKU-1933-LH,Важіль straight_link LH (R3),SKU-1933-RH,LH,straight_link,False,19.1,4.7,5.4,0.88,0.48,0.13,R3,R3,10.7,17,15.0,2.2
SKU-1933-RH,Важіль straight_link RH (R3),SKU-1933-LH,RH,straight_link,False,19.1,4.7,5.4,0.88,0.48,0.13,R3,R3,11.2,17,15.0,2.2
SKU-1934-LH,Важіль curved LH (R3),SKU-1934-RH,LH,curved,False,26.4,15.2,10.3,2.14,4.13,1.73,R3,R3,8.9,14,30.0,24.2
SKU-1934-RH,Важіль curved RH (R3),SKU-1934-LH,RH,curved,False,26.4,15.2,10.3,2.14,4.13,1.73,R3,R3,8.8,14,30.0,24.2
SKU-1935-LH,Важіль heavy_integral LH (R3),SKU-1935-RH,LH,heavy_integral,False,51.7,17.4,15.0,7.09,13.49,9.17,R3,R3,12.1,19,134.7,174.2
SKU-1935-RH,Важіль heavy_integral RH (R3),SKU-1935-LH,RH,heavy_integral,False,51.7,17.4,15.0,7.09,13.49,9.17,R3,R3,11.8,18,127.6,165.1
SKU-1936-LH,Важіль curved LH (R3),SKU-1936-RH,LH,curved,False,39.5,18.7,5.5,1.79,4.06,1.71,R3,R3,11.6,18,32.2,30.8
SKU-1936-RH,Важіль curved RH (R3),SKU-1936-LH,RH,curved,False,39.5,18.7,5.5,1.79,4.06,1.71,R3,R3,12.4,19,34.0,32.5
SKU-1937-LH,Важіль heavy_integral LH (R3),SKU-1937-RH,LH,heavy_integral,False,65.6,19.6,15.1,6.75,19.41,13.2,R3,R3,11.2,17,114.8,224.4
SKU-1937-RH,Важіль heavy_integral RH (R3),SKU-1937-LH,RH,heavy_integral,False,65.6,19.6,15.1,6.75,19.41,13.2,R3,R3,11.8,18,121.5,237.6
SKU-1938-LH,Важіль a_shaped LH (R3),SKU-1938-RH,LH,a_shaped,True,50.6,39.3,9.4,6.13,18.69,19.62,R3,R3,8.6,13,79.7,255.1
SKU-1938-RH,Важіль a_shaped RH (R3),SKU-1938-LH,RH,a_shaped,True,50.6,39.3,9.4,6.13,18.69,19.62,R3,R3,8.3,13,79.7,255.1
SKU-1939-LH,Важіль trailing LH (R3),SKU-1939-RH,LH,trailing,False,61.4,6.3,9.0,2.18,3.48,1.32,R3,R3,13.2,20,43.6,26.4
SKU-1939-RH,Важіль trailing RH (R3),SKU-1939-LH,RH,trailing,False,61.4,6.3,9.0,2.18,3.48,1.32,R3,R3,13.7,21,45.8,27.7
SKU-1940-LH,Важіль a_shaped LH (R3),SKU-1940-RH,LH,a_shaped,False,44.5,33.7,12.6,3.82,18.9,9.83,R3,R3,9.3,14,53.5,137.6
SKU-1940-RH,Важіль a_shaped RH (R3),SKU-1940-LH,RH,a_shaped,False,44.5,33.7,12.6,3.82,18.9,9.83,R3,R3,9.7,15,57.3,147.4
SKU-1941-LH,Важіль curved LH (R3),SKU-1941-RH,LH,curved,False,35.2,12.6,10.2,3.3,4.52,1.9,R3,R3,12.0,18,59.4,34.2
SKU-1941-RH,Важіль curved RH (R3),SKU-1941-LH,RH,curved,False,35.2,12.6,10.2,3.3,4.52,1.9,R3,R3,11.9,18,59.4,34.2
SKU-1942-LH,Важіль a_shaped LH (R3),SKU-1942-RH,LH,a_shaped,True,40.3,36.5,11.3,6.62,16.62,17.45,R3,R3,11.3,17,112.5,296.6
SKU-1942-RH,Важіль a_shaped RH (R3),SKU-1942-LH,RH,a_shaped,True,40.3,36.5,11.3,6.62,16.62,17.45,R3,R3,11.2,17,112.5,296.6
SKU-1943-LH,Важіль a_shaped LH (R3),SKU-1943-RH,LH,a_shaped,False,40.3,33.3,10.8,5.86,14.49,7.53,R3,R3,15.3,23,134.8,173.2
SKU-1943-RH,Важіль a_shaped RH (R3),SKU-1943-LH,RH,a_shaped,False,40.3,33.3,10.8,5.86,14.49,7.53,R3,R3,15.0,23,134.8,173.2
SKU-1944-LH,Важіль trailing LH (R3),SKU-1944-RH,LH,trailing,False,66.2,6.8,8.0,4.17,3.6,1.37,R3,R3,15.2,23,95.9,31.5
SKU-1944-RH,Важіль trailing RH (R3),SKU-1944-LH,RH,trailing,False,66.2,6.8,8.0,4.17,3.6,1.37,R3,R3,16.0,24,100.1,32.9
SKU-1945-LH,Важіль straight_link LH (R3),SKU-1945-RH,LH,straight_link,False,24.4,5.9,7.0,0.88,1.01,0.28,R3,R3,11.0,17,15.0,4.8
SKU-1945-RH,Важіль straight_link RH (R3),SKU-1945-LH,RH,straight_link,False,24.4,5.9,7.0,0.88,1.01,0.28,R3,R3,11.1,17,15.0,4.8
SKU-1946-LH,Важіль heavy_integral LH (R3),SKU-1946-RH,LH,heavy_integral,False,78.8,22.7,15.1,6.63,27.01,18.37,R3,R3,12.4,19,126.0,349.0
SKU-1946-RH,Важіль heavy_integral RH (R3),SKU-1946-LH,RH,heavy_integral,False,78.8,22.7,15.1,6.63,27.01,18.37,R3,R3,12.4,19,126.0,349.0
SKU-1947-LH,Важіль straight_link LH (R3),SKU-1947-RH,LH,straight_link,False,23.6,6.1,4.3,0.83,0.62,0.17,R3,R3,9.8,15,12.4,2.6
SKU-1947-RH,Важіль straight_link RH (R3),SKU-1947-LH,RH,straight_link,False,23.6,6.1,4.3,0.83,0.62,0.17,R3,R3,9.4,15,12.4,2.6
SKU-1948-LH,Важіль heavy_integral LH (R3),SKU-1948-RH,LH,heavy_integral,False,60.4,16.9,17.8,7.43,18.17,12.36,R3,R3,11.5,18,133.7,222.5
SKU-1948-RH,Важіль heavy_integral RH (R3),SKU-1948-LH,RH,heavy_integral,False,60.4,16.9,17.8,7.43,18.17,12.36,R3,R3,11.0,17,126.3,210.1
SKU-1949-LH,Важіль a_shaped LH (R3),SKU-1949-RH,LH,a_shaped,False,44.6,30.5,7.5,4.12,10.2,5.3,R3,R3,15.4,24,98.9,127.2
SKU-1949-RH,Важіль a_shaped RH (R3),SKU-1949-LH,RH,a_shaped,False,44.6,30.5,7.5,4.12,10.2,5.3,R3,R3,14.9,23,94.8,121.9
SKU-1950-LH,Важіль a_shaped LH (R3),SKU-1950-RH,LH,a_shaped,True,47.0,35.2,10.2,4.76,16.87,17.71,R3,R3,9.9,15,71.4,265.7
SKU-1950-RH,Важіль a_shaped RH (R3),SKU-1950-LH,RH,a_shaped,True,47.0,35.2,10.2,4.76,16.87,17.71,R3,R3,10.1,16,76.2,283.4
SKU-1951-LH,Важіль heavy_integral LH (R3),SKU-1951-RH,LH,heavy_integral,False,69.1,20.2,13.6,7.29,18.98,12.91,R3,R3,14.6,22,160.4,284.0
SKU-1951-RH,Важіль heavy_integral RH (R3),SKU-1951-LH,RH,heavy_integral,False,69.1,20.2,13.6,7.29,18.98,12.91,R3,R3,14.7,23,167.7,296.9
SKU-1952-LH,Важіль heavy_integral LH (R3),SKU-1952-RH,LH,heavy_integral,False,55.8,16.9,15.7,7.04,14.81,10.07,R3,R3,13.4,21,147.8,211.5
SKU-1952-RH,Важіль heavy_integral RH (R3),SKU-1952-LH,RH,heavy_integral,False,55.8,16.9,15.7,7.04,14.81,10.07,R3,R3,13.4,21,147.8,211.5
SKU-1953-LH,Важіль a_shaped LH (R3),SKU-1953-RH,LH,a_shaped,False,41.9,27.6,9.5,5.72,10.99,5.71,R3,R3,13.1,20,114.4,114.2
SKU-1953-RH,Важіль a_shaped RH (R3),SKU-1953-LH,RH,a_shaped,False,41.9,27.6,9.5,5.72,10.99,5.71,R3,R3,13.3,20,114.4,114.2
SKU-1954-LH,Важіль trailing LH (R3),SKU-1954-RH,LH,trailing,False,57.5,6.1,8.6,2.54,3.02,1.15,R3,R3,9.6,15,38.1,17.2
SKU-1954-RH,Важіль trailing RH (R3),SKU-1954-LH,RH,trailing,False,57.5,6.1,8.6,2.54,3.02,1.15,R3,R3,9.5,15,38.1,17.2
SKU-1955-LH,Важіль a_shaped LH (R3),SKU-1955-RH,LH,a_shaped,False,37.2,28.1,12.2,4.69,12.75,6.63,R3,R3,13.7,21,98.5,139.2
SKU-1955-RH,Важіль a_shaped RH (R3),SKU-1955-LH,RH,a_shaped,False,37.2,28.1,12.2,4.69,12.75,6.63,R3,R3,13.4,21,98.5,139.2
SKU-1956-LH,Важіль straight_link LH (R3),SKU-1956-RH,LH,straight_link,False,19.6,5.9,5.5,0.67,0.64,0.18,R3,R3,13.2,20,13.4,3.6
SKU-1956-RH,Важіль straight_link RH (R3),SKU-1956-LH,RH,straight_link,False,19.6,5.9,5.5,0.67,0.64,0.18,R3,R3,13.3,20,13.4,3.6
SKU-1957-LH,Важіль curved LH (R3),SKU-1957-RH,LH,curved,False,32.5,12.7,6.5,2.46,2.68,1.13,R3,R3,11.3,17,41.8,19.2
SKU-1957-RH,Важіль curved RH (R3),SKU-1957-LH,RH,curved,False,32.5,12.7,6.5,2.46,2.68,1.13,R3,R3,10.8,17,41.8,19.2
SKU-1958-LH,Важіль curved LH (R3),SKU-1958-RH,LH,curved,False,32.1,20.0,8.9,2.71,5.71,2.4,R3,R3,10.9,17,46.1,40.8
SKU-1958-RH,Важіль curved RH (R3),SKU-1958-LH,RH,curved,False,32.1,20.0,8.9,2.71,5.71,2.4,R3,R3,10.3,16,43.4,38.4
SKU-1959-LH,Важіль curved LH (R3),SKU-1959-RH,LH,curved,False,34.2,14.8,8.0,2.8,4.05,1.7,R3,R3,8.3,13,36.4,22.1
SKU-1959-RH,Важіль curved RH (R3),SKU-1959-LH,RH,curved,False,34.2,14.8,8.0,2.8,4.05,1.7,R3,R3,8.1,13,36.4,22.1
SKU-1960-LH,Важіль curved LH (R3),SKU-1960-RH,LH,curved,False,28.2,15.3,8.0,2.33,3.45,1.45,R3,R3,13.3,20,46.6,29.0
SKU-1960-RH,Важіль curved RH (R3),SKU-1960-LH,RH,curved,False,28.2,15.3,8.0,2.33,3.45,1.45,R3,R3,13.9,21,48.9,30.4
SKU-1961-LH,Важіль curved LH (R3),SKU-1961-RH,LH,curved,False,38.9,11.3,7.4,2.21,3.25,1.36,R3,R3,12.9,20,44.2,27.2
SKU-1961-RH,Важіль curved RH (R3),SKU-1961-LH,RH,curved,False,38.9,11.3,7.4,2.21,3.25,1.36,R3,R3,12.1,19,42.0,25.8
SKU-1962-LH,Важіль a_shaped LH (R3),SKU-1962-RH,LH,a_shaped,True,49.6,29.4,12.4,5.34,18.08,18.98,R3,R3,14.2,22,117.5,417.6
SKU-1962-RH,Важіль a_shaped RH (R3),SKU-1962-LH,RH,a_shaped,True,49.6,29.4,12.4,5.34,18.08,18.98,R3,R3,14.2,22,117.5,417.6
SKU-1963-LH,Важіль heavy_integral LH (R3),SKU-1963-RH,LH,heavy_integral,False,80.3,20.1,12.6,8.81,20.34,13.83,R3,R3,15.9,24,211.4,331.9
SKU-1963-RH,Важіль heavy_integral RH (R3),SKU-1963-LH,RH,heavy_integral,False,80.3,20.1,12.6,8.81,20.34,13.83,R3,R3,16.1,25,220.2,345.8
SKU-1964-LH,Важіль straight_link LH (R3),SKU-1964-RH,LH,straight_link,True,19.6,6.1,6.9,0.69,0.82,0.86,R3,R3,10.1,16,11.0,13.8
SKU-1964-RH,Важіль straight_link RH (R3),SKU-1964-LH,RH,straight_link,True,19.6,6.1,6.9,0.69,0.82,0.86,R3,R3,9.6,15,10.3,12.9
SKU-1965-LH,Важіль straight_link LH (R3),SKU-1965-RH,LH,straight_link,False,25.1,6.0,6.6,0.75,0.99,0.28,R3,R3,13.0,20,15.0,5.6
SKU-1965-RH,Важіль straight_link RH (R3),SKU-1965-LH,RH,straight_link,False,25.1,6.0,6.6,0.75,0.99,0.28,R3,R3,13.0,20,15.0,5.6
SKU-1966-LH,Важіль straight_link LH (R3),SKU-1966-RH,LH,straight_link,False,21.6,4.3,4.4,0.62,0.41,0.11,R3,R3,12.3,19,11.8,2.1
SKU-1966-RH,Важіль straight_link RH (R3),SKU-1966-LH,RH,straight_link,False,21.6,4.3,4.4,0.62,0.41,0.11,R3,R3,12.2,19,11.8,2.1
SKU-1967-LH,Важіль a_shaped LH (R3),SKU-1967-RH,LH,a_shaped,False,41.6,32.5,10.1,4.21,13.66,7.1,R3,R3,8.6,13,54.7,92.3
SKU-1967-RH,Важіль a_shaped RH (R3),SKU-1967-LH,RH,a_shaped,False,41.6,32.5,10.1,4.21,13.66,7.1,R3,R3,8.8,14,58.9,99.4
SKU-1968-LH,Важіль curved LH (R3),SKU-1968-RH,LH,curved,False,26.7,19.4,6.5,3.09,3.37,1.42,R3,R3,14.1,22,68.0,31.2
SKU-1968-RH,Важіль curved RH (R3),SKU-1968-LH,RH,curved,False,26.7,19.4,6.5,3.09,3.37,1.42,R3,R3,13.5,21,64.9,29.8
SKU-1969-LH,Важіль heavy_integral LH (R3),SKU-1969-RH,LH,heavy_integral,False,64.9,22.3,13.6,7.01,19.68,13.38,R3,R3,12.1,19,133.2,254.2
SKU-1969-RH,Важіль heavy_integral RH (R3),SKU-1969-LH,RH,heavy_integral,False,64.9,22.3,13.6,7.01,19.68,13.38,R3,R3,12.4,19,133.2,254.2
SKU-1970-LH,Важіль straight_link LH (R3),SKU-1970-RH,LH,straight_link,False,27.3,4.4,6.5,0.9,0.78,0.22,R3,R3,15.7,24,21.6,5.3
SKU-1970-RH,Важіль straight_link RH (R3),SKU-1970-LH,RH,straight_link,False,27.3,4.4,6.5,0.9,0.78,0.22,R3,R3,14.6,22,19.8,4.8
SKU-1971-LH,Важіль straight_link LH (R3),SKU-1971-RH,LH,straight_link,False,18.5,5.3,5.9,0.55,0.58,0.16,R3,R3,13.4,21,11.6,3.4
SKU-1971-RH,Важіль straight_link RH (R3),SKU-1971-LH,RH,straight_link,False,18.5,5.3,5.9,0.55,0.58,0.16,R3,R3,13.6,21,11.6,3.4
SKU-1972-LH,Важіль a_shaped LH (R3),SKU-1972-RH,LH,a_shaped,False,47.4,40.7,12.6,5.75,24.31,12.64,R3,R3,10.7,17,97.8,214.9
SKU-1972-RH,Важіль a_shaped RH (R3),SKU-1972-LH,RH,a_shaped,False,47.4,40.7,12.6,5.75,24.31,12.64,R3,R3,10.8,17,97.8,214.9
SKU-1973-LH,Важіль heavy_integral LH (R3),SKU-1973-RH,LH,heavy_integral,False,71.6,20.2,15.8,8.44,22.85,15.54,R3,R3,8.4,13,109.7,202.0
SKU-1973-RH,Важіль heavy_integral RH (R3),SKU-1973-LH,RH,heavy_integral,False,71.6,20.2,15.8,8.44,22.85,15.54,R3,R3,8.8,14,118.2,217.6
SKU-1974-LH,Важіль trailing LH (R3),SKU-1974-RH,LH,trailing,False,75.3,6.6,9.0,2.54,4.47,1.7,R3,R3,8.4,13,33.0,22.1
SKU-1974-RH,Важіль trailing RH (R3),SKU-1974-LH,RH,trailing,False,75.3,6.6,9.0,2.54,4.47,1.7,R3,R3,8.0,12,30.5,20.4
SKU-1975-LH,Важіль trailing LH (R3),SKU-1975-RH,LH,trailing,False,56.6,8.9,8.6,2.77,4.33,1.65,R3,R3,13.0,20,55.4,33.0
SKU-1975-RH,Важіль trailing RH (R3),SKU-1975-LH,RH,trailing,False,56.6,8.9,8.6,2.77,4.33,1.65,R3,R3,13.5,21,58.2,34.6
SKU-1976-LH,Важіль straight_link LH (R3),SKU-1976-RH,LH,straight_link,False,21.0,5.1,4.6,1.3,0.49,0.14,R3,R3,10.9,17,22.1,2.4
SKU-1976-RH,Важіль straight_link RH (R3),SKU-1976-LH,RH,straight_link,False,21.0,5.1,4.6,1.3,0.49,0.14,R3,R3,11.1,17,22.1,2.4
SKU-1977-LH,Важіль heavy_integral LH (R3),SKU-1977-RH,LH,heavy_integral,False,73.8,25.7,13.5,9.9,25.6,17.41,R3,R3,12.2,19,188.1,330.8
SKU-1977-RH,Важіль heavy_integral RH (R3),SKU-1977-LH,RH,heavy_integral,False,73.8,25.7,13.5,9.9,25.6,17.41,R3,R3,12.7,20,198.0,348.2
SKU-1978-LH,Важіль trailing LH (R3),SKU-1978-RH,LH,trailing,False,68.9,10.4,6.8,3.99,4.87,1.85,R3,R3,14.0,21,83.8,38.9
SKU-1978-RH,Важіль trailing RH (R3),SKU-1978-LH,RH,trailing,False,68.9,10.4,6.8,3.99,4.87,1.85,R3,R3,14.1,22,87.8,40.7
SKU-1979-LH,Важіль curved LH (R3),SKU-1979-RH,LH,curved,False,41.7,18.0,5.3,2.19,3.98,1.67,R3,R3,12.5,19,41.6,31.7
SKU-1979-RH,Важіль curved RH (R3),SKU-1979-LH,RH,curved,False,41.7,18.0,5.3,2.19,3.98,1.67,R3,R3,12.5,19,41.6,31.7
SKU-1980-LH,Важіль straight_link LH (R3),SKU-1980-RH,LH,straight_link,False,22.7,5.5,4.9,0.56,0.61,0.17,R3,R3,13.5,21,11.8,3.6
SKU-1980-RH,Важіль straight_link RH (R3),SKU-1980-LH,RH,straight_link,False,22.7,5.5,4.9,0.56,0.61,0.17,R3,R3,13.2,20,11.2,3.4
SKU-1981-LH,Важіль a_shaped LH (R3),SKU-1981-RH,LH,a_shaped,False,45.5,27.2,8.2,3.83,10.15,5.28,R3,R3,14.8,23,88.1,121.4
SKU-1981-RH,Важіль a_shaped RH (R3),SKU-1981-LH,RH,a_shaped,False,45.5,27.2,8.2,3.83,10.15,5.28,R3,R3,14.8,23,88.1,121.4
SKU-1982-LH,Важіль straight_link LH (R3),SKU-1982-RH,LH,straight_link,False,27.4,5.7,6.2,0.44,0.97,0.27,R3,R3,13.3,20,8.8,5.4
SKU-1982-RH,Важіль straight_link RH (R3),SKU-1982-LH,RH,straight_link,False,27.4,5.7,6.2,0.44,0.97,0.27,R3,R3,13.0,20,8.8,5.4
SKU-1983-LH,Важіль curved LH (R3),SKU-1983-RH,LH,curved,False,30.4,17.7,9.2,3.17,4.95,2.08,R3,R3,11.0,17,53.9,35.4
SKU-1983-RH,Важіль curved RH (R3),SKU-1983-LH,RH,curved,False,30.4,17.7,9.2,3.17,4.95,2.08,R3,R3,10.8,17,53.9,35.4
SKU-1984-LH,Важіль curved LH (R3),SKU-1984-RH,LH,curved,False,34.4,16.2,8.5,2.95,4.74,1.99,R3,R3,15.2,23,67.9,45.8
SKU-1984-RH,Важіль curved RH (R3),SKU-1984-LH,RH,curved,False,34.4,16.2,8.5,2.95,4.74,1.99,R3,R3,15.2,23,67.9,45.8
SKU-1985-LH,Важіль a_shaped LH (R3),SKU-1985-RH,LH,a_shaped,False,44.5,35.8,10.9,3.9,17.36,9.03,R3,R3,14.4,22,85.8,198.7
SKU-1985-RH,Важіль a_shaped RH (R3),SKU-1985-LH,RH,a_shaped,False,44.5,35.8,10.9,3.9,17.36,9.03,R3,R3,13.9,21,81.9,189.6
SKU-1986-LH,Важіль heavy_integral LH (R3),SKU-1986-RH,LH,heavy_integral,False,76.8,16.7,17.0,7.3,21.8,14.82,R3,R3,13.2,20,146.0,296.4
SKU-1986-RH,Важіль heavy_integral RH (R3),SKU-1986-LH,RH,heavy_integral,False,76.8,16.7,17.0,7.3,21.8,14.82,R3,R3,12.9,20,146.0,296.4
SKU-1987-LH,Важіль trailing LH (R3),SKU-1987-RH,LH,trailing,False,69.9,7.7,6.1,4.19,3.28,1.25,R3,R3,14.2,22,92.2,27.5
SKU-1987-RH,Важіль trailing RH (R3),SKU-1987-LH,RH,trailing,False,69.9,7.7,6.1,4.19,3.28,1.25,R3,R3,13.8,21,88.0,26.2
SKU-1988-LH,Важіль a_shaped LH (R3),SKU-1988-RH,LH,a_shaped,True,36.5,34.9,13.1,5.32,16.69,17.52,R3,R3,14.2,22,117.0,385.4
SKU-1988-RH,Важіль a_shaped RH (R3),SKU-1988-LH,RH,a_shaped,True,36.5,34.9,13.1,5.32,16.69,17.52,R3,R3,14.6,22,117.0,385.4
SKU-1989-LH,Важіль straight_link LH (R3),SKU-1989-RH,LH,straight_link,False,24.3,4.3,7.3,0.62,0.76,0.21,R3,R3,15.3,23,14.3,4.8
SKU-1989-RH,Важіль straight_link RH (R3),SKU-1989-LH,RH,straight_link,False,24.3,4.3,7.3,0.62,0.76,0.21,R3,R3,16.0,24,14.9,5.0
SKU-1990-LH,Важіль trailing LH (R3),SKU-1990-RH,LH,trailing,False,76.2,6.0,8.0,4.0,3.66,1.39,R3,R3,8.8,14,56.0,19.5
SKU-1990-RH,Важіль trailing RH (R3),SKU-1990-LH,RH,trailing,False,76.2,6.0,8.0,4.0,3.66,1.39,R3,R3,9.1,14,56.0,19.5
SKU-1991-LH,Важіль straight_link LH (R3),SKU-1991-RH,LH,straight_link,False,25.6,5.8,4.5,0.4,0.67,0.19,R3,R3,14.0,21,8.4,4.0
SKU-1991-RH,Важіль straight_link RH (R3),SKU-1991-LH,RH,straight_link,False,25.6,5.8,4.5,0.4,0.67,0.19,R3,R3,14.6,22,8.8,4.2
SKU-1992-LH,Важіль curved LH (R3),SKU-1992-RH,LH,curved,False,29.3,18.0,5.5,2.69,2.9,1.22,R3,R3,9.5,15,40.4,18.3
SKU-1992-RH,Важіль curved RH (R3),SKU-1992-LH,RH,curved,False,29.3,18.0,5.5,2.69,2.9,1.22,R3,R3,9.2,14,37.7,17.1
SKU-1993-LH,Важіль trailing LH (R3),SKU-1993-RH,LH,trailing,False,67.6,6.9,8.0,2.74,3.73,1.42,R3,R3,12.9,20,54.8,28.4
SKU-1993-RH,Важіль trailing RH (R3),SKU-1993-LH,RH,trailing,False,67.6,6.9,8.0,2.74,3.73,1.42,R3,R3,13.5,21,57.5,29.8
SKU-1994-LH,Важіль heavy_integral LH (R3),SKU-1994-RH,LH,heavy_integral,False,63.6,18.5,16.0,7.33,18.83,12.8,R3,R3,15.5,24,175.9,307.2
SKU-1994-RH,Важіль heavy_integral RH (R3),SKU-1994-LH,RH,heavy_integral,False,63.6,18.5,16.0,7.33,18.83,12.8,R3,R3,14.7,23,168.6,294.4
SKU-1995-LH,Важіль straight_link LH (R3),SKU-1995-RH,LH,straight_link,False,19.2,5.4,6.5,1.06,0.67,0.19,R3,R3,12.8,20,21.2,3.8
SKU-1995-RH,Важіль straight_link RH (R3),SKU-1995-LH,RH,straight_link,False,19.2,5.4,6.5,1.06,0.67,0.19,R3,R3,12.9,20,21.2,3.8
SKU-1996-LH,Важіль trailing LH (R3),SKU-1996-RH,LH,trailing,False,70.7,8.5,7.8,2.62,4.69,1.78,R3,R3,10.5,16,41.9,28.5
SKU-1996-RH,Важіль trailing RH (R3),SKU-1996-LH,RH,trailing,False,70.7,8.5,7.8,2.62,4.69,1.78,R3,R3,10.2,16,41.9,28.5
SKU-1997-LH,Важіль trailing LH (R3),SKU-1997-RH,LH,trailing,False,72.9,10.5,7.1,3.06,5.43,2.06,R3,R3,8.5,13,39.8,26.8
SKU-1997-RH,Важіль trailing RH (R3),SKU-1997-LH,RH,trailing,False,72.9,10.5,7.1,3.06,5.43,2.06,R3,R3,7.9,12,36.7,24.7
SKU-1998-LH,Важіль heavy_integral LH (R3),SKU-1998-RH,LH,heavy_integral,False,65.7,19.4,17.4,6.3,22.18,15.08,R3,R3,12.7,20,126.0,301.6
SKU-1998-RH,Важіль heavy_integral RH (R3),SKU-1998-LH,RH,heavy_integral,False,65.7,19.4,17.4,6.3,22.18,15.08,R3,R3,12.4,19,119.7,286.5
SKU-1999-LH,Важіль a_shaped LH (R3),SKU-1999-RH,LH,a_shaped,False,46.4,37.6,7.0,6.6,12.21,6.35,R3,R3,9.1,14,92.4,88.9
SKU-1999-RH,Важіль a_shaped RH (R3),SKU-1999-LH,RH,a_shaped,False,46.4,37.6,7.0,6.6,12.21,6.35,R3,R3,9.1,14,92.4,88.9
SKU-2000-LH,Важіль straight_link LH (R3),SKU-2000-RH,LH,straight_link,True,19.7,7.5,5.1,0.52,0.75,0.79,R3,R3,9.0,14,7.3,11.1
SKU-2000-RH,Важіль straight_link RH (R3),SKU-2000-LH,RH,straight_link,True,19.7,7.5,5.1,0.52,0.75,0.79,R3,R3,9.1,14,7.3,11.1
SKU-2001-LH,Важіль curved LH (R3),SKU-2001-RH,LH,curved,False,26.3,12.7,5.3,1.79,1.77,0.74,R3,R3,11.2,17,30.4,12.6
SKU-2001-RH,Важіль curved RH (R3),SKU-2001-LH,RH,curved,False,26.3,12.7,5.3,1.79,1.77,0.74,R3,R3,11.5,18,32.2,13.3
SKU-2002-LH,Важіль curved LH (R3),SKU-2002-RH,LH,curved,False,41.0,20.9,8.4,2.24,7.2,3.02,R3,R3,11.0,17,38.1,51.3
SKU-2002-RH,Важіль curved RH (R3),SKU-2002-LH,RH,curved,False,41.0,20.9,8.4,2.24,7.2,3.02,R3,R3,11.3,17,38.1,51.3
SKU-2003-LH,Важіль heavy_integral LH (R3),SKU-2003-RH,LH,heavy_integral,False,77.4,25.4,12.7,8.61,24.97,16.98,R3,R3,8.6,13,111.9,220.7
SKU-2003-RH,Важіль heavy_integral RH (R3),SKU-2003-LH,RH,heavy_integral,False,77.4,25.4,12.7,8.61,24.97,16.98,R3,R3,8.7,14,120.5,237.7
SKU-2004-LH,Важіль trailing LH (R3),SKU-2004-RH,LH,trailing,False,74.8,6.8,6.8,3.37,3.46,1.31,R3,R3,13.4,21,70.8,27.5
SKU-2004-RH,Важіль trailing RH (R3),SKU-2004-LH,RH,trailing,False,74.8,6.8,6.8,3.37,3.46,1.31,R3,R3,13.9,21,70.8,27.5
SKU-2005-LH,Важіль trailing LH (R3),SKU-2005-RH,LH,trailing,False,63.4,6.3,6.9,3.82,2.76,1.05,R3,R3,13.3,20,76.4,21.0
SKU-2005-RH,Важіль trailing RH (R3),SKU-2005-LH,RH,trailing,False,63.4,6.3,6.9,3.82,2.76,1.05,R3,R3,12.9,20,76.4,21.0
SKU-2006-LH,Важіль straight_link LH (R3),SKU-2006-RH,LH,straight_link,False,18.2,5.1,6.4,1.19,0.59,0.17,R3,R3,10.4,16,19.0,2.7
SKU-2006-RH,Важіль straight_link RH (R3),SKU-2006-LH,RH,straight_link,False,18.2,5.1,6.4,1.19,0.59,0.17,R3,R3,10.3,16,19.0,2.7
SKU-2007-LH,Важіль straight_link LH (R3),SKU-2007-RH,LH,straight_link,False,21.2,4.5,4.7,0.46,0.45,0.13,R3,R3,9.2,14,6.4,1.8
SKU-2007-RH,Важіль straight_link RH (R3),SKU-2007-LH,RH,straight_link,False,21.2,4.5,4.7,0.46,0.45,0.13,R3,R3,9.7,15,6.9,2.0
SKU-2008-LH,Важіль a_shaped LH (R3),SKU-2008-RH,LH,a_shaped,False,51.6,29.1,9.8,4.75,14.72,7.65,R3,R3,8.3,13,61.8,99.5
SKU-2008-RH,Важіль a_shaped RH (R3),SKU-2008-LH,RH,a_shaped,False,51.6,29.1,9.8,4.75,14.72,7.65,R3,R3,7.8,12,57.0,91.8
SKU-2009-LH,Важіль curved LH (R3),SKU-2009-RH,LH,curved,False,40.3,16.4,8.3,2.78,5.49,2.31,R3,R3,11.2,17,47.3,39.3
SKU-2009-RH,Важіль curved RH (R3),SKU-2009-LH,RH,curved,False,40.3,16.4,8.3,2.78,5.49,2.31,R3,R3,10.7,17,47.3,39.3
SKU-2010-LH,Важіль curved LH (R3),SKU-2010-RH,LH,curved,True,33.3,16.6,10.3,1.79,5.69,5.97,R3,R3,14.2,22,39.4,131.3
SKU-2010-RH,Важіль curved RH (R3),SKU-2010-LH,RH,curved,True,33.3,16.6,10.3,1.79,5.69,5.97,R3,R3,14.5,22,39.4,131.3
SKU-2011-LH,Важіль curved LH (R3),SKU-2011-RH,LH,curved,False,32.4,11.8,8.0,3.04,3.06,1.29,R3,R3,11.5,18,54.7,23.2
SKU-2011-RH,Важіль curved RH (R3),SKU-2011-LH,RH,curved,False,32.4,11.8,8.0,3.04,3.06,1.29,R3,R3,11.9,18,54.7,23.2
SKU-2012-LH,Важіль curved LH (R3),SKU-2012-RH,LH,curved,False,33.8,13.1,10.3,2.64,4.56,1.92,R3,R3,9.6,15,39.6,28.8
SKU-2012-RH,Важіль curved RH (R3),SKU-2012-LH,RH,curved,False,33.8,13.1,10.3,2.64,4.56,1.92,R3,R3,10.0,15,39.6,28.8
SKU-2013-LH,Важіль straight_link LH (R3),SKU-2013-RH,LH,straight_link,True,31.9,4.5,6.8,0.79,0.98,1.03,R3,R3,12.3,19,15.0,19.6
SKU-2013-RH,Важіль straight_link RH (R3),SKU-2013-LH,RH,straight_link,True,31.9,4.5,6.8,0.79,0.98,1.03,R3,R3,11.9,18,14.2,18.5
SKU-2014-LH,Важіль a_shaped LH (R3),SKU-2014-RH,LH,a_shaped,False,36.8,26.0,9.0,5.78,8.61,4.48,R3,R3,8.7,14,80.9,62.7
SKU-2014-RH,Важіль a_shaped RH (R3),SKU-2014-LH,RH,a_shaped,False,36.8,26.0,9.0,5.78,8.61,4.48,R3,R3,8.9,14,80.9,62.7
SKU-2015-LH,Важіль straight_link LH (R3),SKU-2015-RH,LH,straight_link,False,28.0,4.6,4.3,1.34,0.55,0.15,R3,R3,10.4,16,21.4,2.4
SKU-2015-RH,Важіль straight_link RH (R3),SKU-2015-LH,RH,straight_link,False,28.0,4.6,4.3,1.34,0.55,0.15,R3,R3,10.4,16,21.4,2.4
SKU-2016-LH,Важіль straight_link LH (R3),SKU-2016-RH,LH,straight_link,False,20.4,6.9,6.7,1.0,0.94,0.26,R3,R3,10.5,16,16.0,4.2
SKU-2016-RH,Важіль straight_link RH (R3),SKU-2016-LH,RH,straight_link,False,20.4,6.9,6.7,1.0,0.94,0.26,R3,R3,10.4,16,16.0,4.2
SKU-2017-LH,Важіль curved LH (R3),SKU-2017-RH,LH,curved,False,35.4,14.3,7.9,2.25,4.0,1.68,R3,R3,13.5,21,47.2,35.3
SKU-2017-RH,Важіль curved RH (R3),SKU-2017-LH,RH,curved,False,35.4,14.3,7.9,2.25,4.0,1.68,R3,R3,12.8,20,45.0,33.6
SKU-2018-LH,Важіль straight_link LH (R3),SKU-2018-RH,LH,straight_link,False,20.0,6.2,6.6,1.33,0.82,0.23,R3,R3,10.6,16,21.3,3.7
SKU-2018-RH,Важіль straight_link RH (R3),SKU-2018-LH,RH,straight_link,False,20.0,6.2,6.6,1.33,0.82,0.23,R3,R3,9.9,15,20.0,3.5
SKU-2019-LH,Важіль a_shaped LH (R3),SKU-2019-RH,LH,a_shaped,False,36.9,40.3,11.2,5.74,16.66,8.66,R3,R3,14.2,22,126.3,190.5
SKU-2019-RH,Важіль a_shaped RH (R3),SKU-2019-LH,RH,a_shaped,False,36.9,40.3,11.2,5.74,16.66,8.66,R3,R3,14.1,22,126.3,190.5
SKU-2020-LH,Важіль straight_link LH (R3),SKU-2020-RH,LH,straight_link,False,22.4,4.5,5.6,1.0,0.56,0.16,R3,R3,8.1,13,13.0,2.1
SKU-2020-RH,Важіль straight_link RH (R3),SKU-2020-LH,RH,straight_link,False,22.4,4.5,5.6,1.0,0.56,0.16,R3,R3,7.9,12,12.0,1.9
SKU-2021-LH,Важіль straight_link LH (R3),SKU-2021-RH,LH,straight_link,False,30.5,7.4,6.2,0.56,1.4,0.39,R3,R3,15.3,23,12.9,9.0
SKU-2021-RH,Важіль straight_link RH (R3),SKU-2021-LH,RH,straight_link,False,30.5,7.4,6.2,0.56,1.4,0.39,R3,R3,14.8,23,12.9,9.0
SKU-2022-LH,Важіль a_shaped LH (R3),SKU-2022-RH,LH,a_shaped,False,48.1,37.7,12.7,4.24,23.03,11.98,R3,R3,9.8,15,63.6,179.7
SKU-2022-RH,Важіль a_shaped RH (R3),SKU-2022-LH,RH,a_shaped,False,48.1,37.7,12.7,4.24,23.03,11.98,R3,R3,9.5,15,63.6,179.7
SKU-2023-LH,Важіль trailing LH (R3),SKU-2023-RH,LH,trailing,False,72.3,9.9,6.8,3.76,4.87,1.85,R3,R3,14.9,23,86.5,42.6
SKU-2023-RH,Важіль trailing RH (R3),SKU-2023-LH,RH,trailing,False,72.3,9.9,6.8,3.76,4.87,1.85,R3,R3,14.4,22,82.7,40.7
SKU-2024-LH,Важіль straight_link LH (R3),SKU-2024-RH,LH,straight_link,False,22.4,4.4,5.0,0.61,0.49,0.14,R3,R3,12.0,18,11.0,2.5
SKU-2024-RH,Важіль straight_link RH (R3),SKU-2024-LH,RH,straight_link,False,22.4,4.4,5.0,0.61,0.49,0.14,R3,R3,11.3,17,10.4,2.4
SKU-2025-LH,Важіль heavy_integral LH (R3),SKU-2025-RH,LH,heavy_integral,False,72.0,17.0,17.4,8.64,21.3,14.48,R3,R3,11.1,17,146.9,246.2
SKU-2025-RH,Важіль heavy_integral RH (R3),SKU-2025-LH,RH,heavy_integral,False,72.0,17.0,17.4,8.64,21.3,14.48,R3,R3,10.7,17,146.9,246.2
SKU-2026-LH,Важіль straight_link LH (R3),SKU-2026-RH,LH,straight_link,False,18.6,6.9,5.6,1.04,0.72,0.2,R3,R3,9.9,15,15.6,3.0
SKU-2026-RH,Важіль straight_link RH (R3),SKU-2026-LH,RH,straight_link,False,18.6,6.9,5.6,1.04,0.72,0.2,R3,R3,10.0,15,15.6,3.0
SKU-2027-LH,Важіль a_shaped LH (R3),SKU-2027-RH,LH,a_shaped,False,45.9,33.3,14.2,5.19,21.7,11.28,R3,R3,15.1,23,119.4,259.4
SKU-2027-RH,Важіль a_shaped RH (R3),SKU-2027-LH,RH,a_shaped,False,45.9,33.3,14.2,5.19,21.7,11.28,R3,R3,14.6,22,114.2,248.2
SKU-2028-LH,Важіль straight_link LH (R3),SKU-2028-RH,LH,straight_link,False,23.7,6.9,4.8,0.92,0.78,0.22,R3,R3,14.3,22,20.2,4.8
SKU-2028-RH,Важіль straight_link RH (R3),SKU-2028-LH,RH,straight_link,False,23.7,6.9,4.8,0.92,0.78,0.22,R3,R3,14.6,22,20.2,4.8
SKU-2029-LH,Важіль straight_link LH (R3),SKU-2029-RH,LH,straight_link,False,19.5,6.8,4.3,0.67,0.57,0.16,R3,R3,14.7,23,15.4,3.7
SKU-2029-RH,Важіль straight_link RH (R3),SKU-2029-LH,RH,straight_link,False,19.5,6.8,4.3,0.67,0.57,0.16,R3,R3,15.4,24,16.1,3.8
SKU-2030-LH,Важіль trailing LH (R3),SKU-2030-RH,LH,trailing,False,59.0,6.2,7.8,3.05,2.85,1.08,R3,R3,9.0,14,42.7,15.1
SKU-2030-RH,Важіль trailing RH (R3),SKU-2030-LH,RH,trailing,False,59.0,6.2,7.8,3.05,2.85,1.08,R3,R3,8.5,13,39.6,14.0
SKU-2031-LH,Важіль straight_link LH (R3),SKU-2031-RH,LH,straight_link,False,19.9,4.4,4.6,1.36,0.4,0.11,R3,R3,13.9,21,28.6,2.3
SKU-2031-RH,Важіль straight_link RH (R3),SKU-2031-LH,RH,straight_link,False,19.9,4.4,4.6,1.36,0.4,0.11,R3,R3,13.4,21,28.6,2.3
SKU-2032-LH,Важіль curved LH (R3),SKU-2032-RH,LH,curved,False,29.8,15.8,8.3,2.74,3.91,1.64,R3,R3,10.4,16,43.8,26.2
SKU-2032-RH,Важіль curved RH (R3),SKU-2032-LH,RH,curved,False,29.8,15.8,8.3,2.74,3.91,1.64,R3,R3,9.8,15,41.1,24.6
SKU-2033-LH,Важіль straight_link LH (R3),SKU-2033-RH,LH,straight_link,False,18.2,5.7,5.2,0.85,0.54,0.15,R3,R3,12.5,19,16.1,2.9
SKU-2033-RH,Важіль straight_link RH (R3),SKU-2033-LH,RH,straight_link,False,18.2,5.7,5.2,0.85,0.54,0.15,R3,R3,12.5,19,16.1,2.9
SKU-2034-LH,Важіль straight_link LH (R3),SKU-2034-RH,LH,straight_link,False,27.6,6.9,4.9,1.01,0.93,0.26,R3,R3,12.5,19,19.2,4.9
SKU-2034-RH,Важіль straight_link RH (R3),SKU-2034-LH,RH,straight_link,False,27.6,6.9,4.9,1.01,0.93,0.26,R3,R3,12.7,20,20.2,5.2
SKU-2035-LH,Важіль a_shaped LH (R3),SKU-2035-RH,LH,a_shaped,False,38.3,29.4,7.8,5.79,8.78,4.57,R3,R3,13.8,21,121.6,96.0
SKU-2035-RH,Важіль a_shaped RH (R3),SKU-2035-LH,RH,a_shaped,False,38.3,29.4,7.8,5.79,8.78,4.57,R3,R3,13.5,21,121.6,96.0
SKU-2036-LH,Важіль straight_link LH (R3),SKU-2036-RH,LH,straight_link,True,30.4,7.0,5.6,0.99,1.19,1.25,R3,R3,15.8,24,23.8,30.0
SKU-2036-RH,Важіль straight_link RH (R3),SKU-2036-LH,RH,straight_link,True,30.4,7.0,5.6,0.99,1.19,1.25,R3,R3,16.3,25,24.8,31.2
SKU-2037-LH,Важіль trailing LH (R3),SKU-2037-RH,LH,trailing,False,57.0,8.2,7.3,3.81,3.41,1.3,R3,R3,15.8,24,91.4,31.2
SKU-2037-RH,Важіль trailing RH (R3),SKU-2037-LH,RH,trailing,False,57.0,8.2,7.3,3.81,3.41,1.3,R3,R3,15.3,23,87.6,29.9
SKU-2038-LH,Важіль straight_link LH (R3),SKU-2038-RH,LH,straight_link,False,26.5,4.7,5.7,1.14,0.71,0.2,R3,R3,14.2,22,25.1,4.4
SKU-2038-RH,Важіль straight_link RH (R3),SKU-2038-LH,RH,straight_link,False,26.5,4.7,5.7,1.14,0.71,0.2,R3,R3,13.9,21,23.9,4.2
SKU-2039-LH,Важіль straight_link LH (R3),SKU-2039-RH,LH,straight_link,False,27.3,5.4,5.0,1.13,0.74,0.21,R3,R3,9.7,15,16.9,3.1
SKU-2039-RH,Важіль straight_link RH (R3),SKU-2039-LH,RH,straight_link,False,27.3,5.4,5.0,1.13,0.74,0.21,R3,R3,10.0,15,16.9,3.1
SKU-2040-LH,Важіль a_shaped LH (R3),SKU-2040-RH,LH,a_shaped,False,46.1,27.9,12.2,4.51,15.69,8.16,R3,R3,7.8,12,54.1,97.9
SKU-2040-RH,Важіль a_shaped RH (R3),SKU-2040-LH,RH,a_shaped,False,46.1,27.9,12.2,4.51,15.69,8.16,R3,R3,8.3,13,58.6,106.1
SKU-2041-LH,Важіль curved LH (R3),SKU-2041-RH,LH,curved,False,29.7,19.3,8.7,3.35,4.99,2.1,R3,R3,11.1,17,57.0,35.7
SKU-2041-RH,Важіль curved RH (R3),SKU-2041-LH,RH,curved,False,29.7,19.3,8.7,3.35,4.99,2.1,R3,R3,10.6,16,53.6,33.6
SKU-2042-LH,Важіль a_shaped LH (R3),SKU-2042-RH,LH,a_shaped,False,51.4,34.6,9.3,3.98,16.54,8.6,R3,R3,13.8,21,83.6,180.6
SKU-2042-RH,Важіль a_shaped RH (R3),SKU-2042-LH,RH,a_shaped,False,51.4,34.6,9.3,3.98,16.54,8.6,R3,R3,13.5,21,83.6,180.6
SKU-2043-LH,Важіль curved LH (R3),SKU-2043-RH,LH,curved,False,26.4,13.6,10.5,2.18,3.77,1.58,R3,R3,10.0,15,32.7,23.7
SKU-2043-RH,Важіль curved RH (R3),SKU-2043-LH,RH,curved,False,26.4,13.6,10.5,2.18,3.77,1.58,R3,R3,10.3,16,34.9,25.3
SKU-2044-LH,Важіль a_shaped LH (R3),SKU-2044-RH,LH,a_shaped,False,51.1,38.7,8.5,5.88,16.81,8.74,R3,R3,11.0,17,100.0,148.6
SKU-2044-RH,Важіль a_shaped RH (R3),SKU-2044-LH,RH,a_shaped,False,51.1,38.7,8.5,5.88,16.81,8.74,R3,R3,11.3,17,100.0,148.6
SKU-2045-LH,Важіль curved LH (R3),SKU-2045-RH,LH,curved,False,28.0,15.0,7.9,2.28,3.32,1.39,R3,R3,10.5,16,36.5,22.2
SKU-2045-RH,Важіль curved RH (R3),SKU-2045-LH,RH,curved,False,28.0,15.0,7.9,2.28,3.32,1.39,R3,R3,11.1,17,38.8,23.6
SKU-2046-LH,Важіль straight_link LH (R3),SKU-2046-RH,LH,straight_link,False,20.7,6.9,6.8,0.89,0.97,0.27,R3,R3,10.5,16,14.2,4.3
SKU-2046-RH,Важіль straight_link RH (R3),SKU-2046-LH,RH,straight_link,False,20.7,6.9,6.8,0.89,0.97,0.27,R3,R3,10.2,16,14.2,4.3
SKU-2047-LH,Важіль curved LH (R3),SKU-2047-RH,LH,curved,False,37.7,10.5,5.6,1.61,2.22,0.93,R3,R3,8.9,14,22.5,13.0
SKU-2047-RH,Важіль curved RH (R3),SKU-2047-LH,RH,curved,False,37.7,10.5,5.6,1.61,2.22,0.93,R3,R3,9.6,15,24.2,14.0
SKU-2048-LH,Важіль heavy_integral LH (R3),SKU-2048-RH,LH,heavy_integral,False,54.8,18.4,17.5,8.44,17.65,12.0,R3,R3,11.2,17,143.5,204.0
SKU-2048-RH,Важіль heavy_integral RH (R3),SKU-2048-LH,RH,heavy_integral,False,54.8,18.4,17.5,8.44,17.65,12.0,R3,R3,10.8,17,143.5,204.0
SKU-2049-LH,Важіль straight_link LH (R3),SKU-2049-RH,LH,straight_link,False,20.9,5.3,5.1,1.08,0.56,0.16,R3,R3,10.4,16,17.3,2.6
SKU-2049-RH,Важіль straight_link RH (R3),SKU-2049-LH,RH,straight_link,False,20.9,5.3,5.1,1.08,0.56,0.16,R3,R3,10.0,15,16.2,2.4
SKU-2050-LH,Важіль a_shaped LH (R3),SKU-2050-RH,LH,a_shaped,False,42.5,41.0,10.0,5.73,17.43,9.06,R3,R3,9.7,15,86.0,135.9
SKU-2050-RH,Важіль a_shaped RH (R3),SKU-2050-LH,RH,a_shaped,False,42.5,41.0,10.0,5.73,17.43,9.06,R3,R3,9.7,15,86.0,135.9
SKU-2051-LH,Важіль a_shaped LH (R3),SKU-2051-RH,LH,a_shaped,False,38.5,28.8,13.1,3.65,14.53,7.56,R3,R3,12.3,19,69.3,143.6
SKU-2051-RH,Важіль a_shaped RH (R3),SKU-2051-LH,RH,a_shaped,False,38.5,28.8,13.1,3.65,14.53,7.56,R3,R3,12.5,19,69.3,143.6
SKU-2052-LH,Важіль curved LH (R3),SKU-2052-RH,LH,curved,False,31.0,13.5,9.4,3.17,3.93,1.65,R3,R3,9.2,14,44.4,23.1
SKU-2052-RH,Важіль curved RH (R3),SKU-2052-LH,RH,curved,False,31.0,13.5,9.4,3.17,3.93,1.65,R3,R3,9.8,15,47.5,24.8
SKU-2053-LH,Важіль curved LH (R3),SKU-2053-RH,LH,curved,False,34.8,14.3,5.8,2.66,2.89,1.21,R3,R3,11.9,18,47.9,21.8
SKU-2053-RH,Важіль curved RH (R3),SKU-2053-LH,RH,curved,False,34.8,14.3,5.8,2.66,2.89,1.21,R3,R3,12.2,19,50.5,23.0
SKU-2054-LH,Важіль heavy_integral LH (R3),SKU-2054-RH,LH,heavy_integral,False,68.9,17.0,14.4,9.22,16.87,11.47,R3,R3,14.5,22,202.8,252.3
SKU-2054-RH,Важіль heavy_integral RH (R3),SKU-2054-LH,RH,heavy_integral,False,68.9,17.0,14.4,9.22,16.87,11.47,R3,R3,13.9,21,193.6,240.9
SKU-2055-LH,Важіль straight_link LH (R3),SKU-2055-RH,LH,straight_link,False,27.5,4.1,5.4,0.73,0.61,0.17,R3,R3,13.1,20,14.6,3.4
SKU-2055-RH,Важіль straight_link RH (R3),SKU-2055-LH,RH,straight_link,False,27.5,4.1,5.4,0.73,0.61,0.17,R3,R3,13.5,21,15.3,3.6
SKU-2056-LH,Важіль curved LH (R3),SKU-2056-RH,LH,curved,False,38.8,21.1,10.9,1.62,8.92,3.75,R3,R3,12.9,20,32.4,75.0
SKU-2056-RH,Важіль curved RH (R3),SKU-2056-LH,RH,curved,False,38.8,21.1,10.9,1.62,8.92,3.75,R3,R3,13.4,21,34.0,78.8
SKU-2057-LH,Важіль trailing LH (R3),SKU-2057-RH,LH,trailing,False,77.5,9.1,8.2,2.28,5.78,2.2,R3,R3,9.7,15,34.2,33.0
SKU-2057-RH,Важіль trailing RH (R3),SKU-2057-LH,RH,trailing,False,77.5,9.1,8.2,2.28,5.78,2.2,R3,R3,9.1,14,31.9,30.8
SKU-2058-LH,Важіль curved LH (R3),SKU-2058-RH,LH,curved,False,26.2,17.9,7.2,2.7,3.38,1.42,R3,R3,13.4,21,56.7,29.8
SKU-2058-RH,Важіль curved RH (R3),SKU-2058-LH,RH,curved,False,26.2,17.9,7.2,2.7,3.38,1.42,R3,R3,13.1,20,54.0,28.4
SKU-2059-LH,Важіль curved LH (R3),SKU-2059-RH,LH,curved,True,35.4,16.2,9.5,2.52,5.45,5.72,R3,R3,11.3,17,42.8,97.2
SKU-2059-RH,Важіль curved RH (R3),SKU-2059-LH,RH,curved,True,35.4,16.2,9.5,2.52,5.45,5.72,R3,R3,10.9,17,42.8,97.2
SKU-2060-LH,Важіль heavy_integral LH (R3),SKU-2060-RH,LH,heavy_integral,False,81.2,24.7,12.6,8.73,25.27,17.18,R3,R3,14.7,23,200.8,395.1
SKU-2060-RH,Важіль heavy_integral RH (R3),SKU-2060-LH,RH,heavy_integral,False,81.2,24.7,12.6,8.73,25.27,17.18,R3,R3,14.2,22,192.1,378.0
SKU-2061-LH,Важіль straight_link LH (R3),SKU-2061-RH,LH,straight_link,True,25.1,7.4,6.4,0.47,1.19,1.25,R3,R3,9.7,15,7.0,18.8
SKU-2061-RH,Важіль straight_link RH (R3),SKU-2061-LH,RH,straight_link,True,25.1,7.4,6.4,0.47,1.19,1.25,R3,R3,9.8,15,7.0,18.8
SKU-2062-LH,Важіль straight_link LH (R3),SKU-2062-RH,LH,straight_link,False,27.0,4.1,6.9,1.19,0.76,0.21,R3,R3,10.2,16,19.0,3.4
SKU-2062-RH,Важіль straight_link RH (R3),SKU-2062-LH,RH,straight_link,False,27.0,4.1,6.9,1.19,0.76,0.21,R3,R3,9.8,15,17.8,3.1
SKU-2063-LH,Важіль curved LH (R3),SKU-2063-RH,LH,curved,True,29.2,12.1,7.0,2.35,2.47,2.59,R3,R3,12.0,18,42.3,46.6
SKU-2063-RH,Важіль curved RH (R3),SKU-2063-LH,RH,curved,True,29.2,12.1,7.0,2.35,2.47,2.59,R3,R3,11.8,18,42.3,46.6
SKU-2064-LH,Важіль straight_link LH (R3),SKU-2064-RH,LH,straight_link,True,26.5,5.4,5.0,1.27,0.72,0.76,R3,R3,14.4,22,27.9,16.7
SKU-2064-RH,Важіль straight_link RH (R3),SKU-2064-LH,RH,straight_link,True,26.5,5.4,5.0,1.27,0.72,0.76,R3,R3,14.0,21,26.7,16.0
SKU-2065-LH,Важіль trailing LH (R3),SKU-2065-RH,LH,trailing,False,70.1,7.0,6.8,2.24,3.34,1.27,R3,R3,14.2,22,49.3,27.9
SKU-2065-RH,Важіль trailing RH (R3),SKU-2065-LH,RH,trailing,False,70.1,7.0,6.8,2.24,3.34,1.27,R3,R3,15.1,23,51.5,29.2
SKU-2066-LH,Важіль curved LH (R3),SKU-2066-RH,LH,curved,False,33.4,18.9,8.7,3.05,5.49,2.31,R3,R3,11.7,18,54.9,41.6
SKU-2066-RH,Важіль curved RH (R3),SKU-2066-LH,RH,curved,False,33.4,18.9,8.7,3.05,5.49,2.31,R3,R3,11.4,18,54.9,41.6
SKU-2067-LH,Важіль curved LH (R3),SKU-2067-RH,LH,curved,False,33.8,15.6,9.7,3.08,5.11,2.15,R3,R3,12.1,19,58.5,40.9
SKU-2067-RH,Важіль curved RH (R3),SKU-2067-LH,RH,curved,False,33.8,15.6,9.7,3.08,5.11,2.15,R3,R3,12.4,19,58.5,40.9
SKU-2068-LH,Важіль trailing LH (R3),SKU-2068-RH,LH,trailing,False,71.6,10.1,5.1,3.08,3.69,1.4,R3,R3,13.5,21,64.7,29.4
SKU-2068-RH,Важіль trailing RH (R3),SKU-2068-LH,RH,trailing,False,71.6,10.1,5.1,3.08,3.69,1.4,R3,R3,12.7,20,61.6,28.0
SKU-2069-LH,Важіль heavy_integral LH (R3),SKU-2069-RH,LH,heavy_integral,False,67.5,18.0,12.5,7.41,15.19,10.33,R3,R3,11.8,18,133.4,185.9
SKU-2069-RH,Важіль heavy_integral RH (R3),SKU-2069-LH,RH,heavy_integral,False,67.5,18.0,12.5,7.41,15.19,10.33,R3,R3,11.9,18,133.4,185.9
SKU-2070-LH,Важіль curved LH (R3),SKU-2070-RH,LH,curved,False,28.1,12.8,7.7,2.53,2.77,1.16,R3,R3,14.0,21,53.1,24.4
SKU-2070-RH,Важіль curved RH (R3),SKU-2070-LH,RH,curved,False,28.1,12.8,7.7,2.53,2.77,1.16,R3,R3,14.4,22,55.7,25.5
SKU-2071-LH,Важіль curved LH (R3),SKU-2071-RH,LH,curved,False,27.8,11.9,7.6,2.31,2.51,1.05,R3,R3,14.0,21,48.5,22.1
SKU-2071-RH,Важіль curved RH (R3),SKU-2071-LH,RH,curved,False,27.8,11.9,7.6,2.31,2.51,1.05,R3,R3,13.8,21,48.5,22.1
SKU-2072-LH,Важіль curved LH (R3),SKU-2072-RH,LH,curved,False,29.6,16.9,7.5,2.53,3.75,1.57,R3,R3,9.5,15,37.9,23.6
SKU-2072-RH,Важіль curved RH (R3),SKU-2072-LH,RH,curved,False,29.6,16.9,7.5,2.53,3.75,1.57,R3,R3,9.6,15,37.9,23.6
SKU-2073-LH,Важіль straight_link LH (R3),SKU-2073-RH,LH,straight_link,False,24.9,7.4,5.2,1.0,0.96,0.27,R3,R3,8.8,14,14.0,3.8
SKU-2073-RH,Важіль straight_link RH (R3),SKU-2073-LH,RH,straight_link,False,24.9,7.4,5.2,1.0,0.96,0.27,R3,R3,8.4,13,13.0,3.5
SKU-2074-LH,Важіль a_shaped LH (R3),SKU-2074-RH,LH,a_shaped,False,47.5,38.6,12.6,5.49,23.1,12.01,R3,R3,11.9,18,98.8,216.2
SKU-2074-RH,Важіль a_shaped RH (R3),SKU-2074-LH,RH,a_shaped,False,47.5,38.6,12.6,5.49,23.1,12.01,R3,R3,12.0,18,98.8,216.2
SKU-2075-LH,Важіль a_shaped LH (R3),SKU-2075-RH,LH,a_shaped,False,50.9,35.3,11.3,5.05,20.3,10.56,R3,R3,9.3,14,70.7,147.8
SKU-2075-RH,Важіль a_shaped RH (R3),SKU-2075-LH,RH,a_shaped,False,50.9,35.3,11.3,5.05,20.3,10.56,R3,R3,9.5,15,75.8,158.4
SKU-2076-LH,Важіль curved LH (R3),SKU-2076-RH,LH,curved,False,32.1,15.4,10.9,2.23,5.39,2.26,R3,R3,11.3,17,37.9,38.4
SKU-2076-RH,Важіль curved RH (R3),SKU-2076-LH,RH,curved,False,32.1,15.4,10.9,2.23,5.39,2.26,R3,R3,11.2,17,37.9,38.4
SKU-2077-LH,Важіль a_shaped LH (R3),SKU-2077-RH,LH,a_shaped,False,45.1,38.2,8.2,5.43,14.13,7.35,R3,R3,9.8,15,81.4,110.2
SKU-2077-RH,Важіль a_shaped RH (R3),SKU-2077-LH,RH,a_shaped,False,45.1,38.2,8.2,5.43,14.13,7.35,R3,R3,9.6,15,81.4,110.2
SKU-2078-LH,Важіль a_shaped LH (R3),SKU-2078-RH,LH,a_shaped,False,40.9,27.9,14.9,4.59,17.0,8.84,R3,R3,8.8,14,64.3,123.8
SKU-2078-RH,Важіль a_shaped RH (R3),SKU-2078-LH,RH,a_shaped,False,40.9,27.9,14.9,4.59,17.0,8.84,R3,R3,9.1,14,64.3,123.8
SKU-2079-LH,Важіль straight_link LH (R3),SKU-2079-RH,LH,straight_link,True,30.1,7.4,4.9,0.85,1.09,1.14,R3,R3,8.3,13,11.0,14.8
SKU-2079-RH,Важіль straight_link RH (R3),SKU-2079-LH,RH,straight_link,True,30.1,7.4,4.9,0.85,1.09,1.14,R3,R3,8.1,13,11.0,14.8
SKU-2080-LH,Важіль curved LH (R3),SKU-2080-RH,LH,curved,False,29.3,17.8,7.5,1.92,3.91,1.64,R3,R3,13.6,21,40.3,34.4
SKU-2080-RH,Важіль curved RH (R3),SKU-2080-LH,RH,curved,False,29.3,17.8,7.5,1.92,3.91,1.64,R3,R3,13.9,21,40.3,34.4
SKU-2081-LH,Важіль straight_link LH (R3),SKU-2081-RH,LH,straight_link,False,29.0,6.4,4.4,1.09,0.82,0.23,R3,R3,11.9,18,19.6,4.1
SKU-2081-RH,Важіль straight_link RH (R3),SKU-2081-LH,RH,straight_link,False,29.0,6.4,4.4,1.09,0.82,0.23,R3,R3,11.2,17,18.5,3.9
SKU-2082-LH,Важіль trailing LH (R3),SKU-2082-RH,LH,trailing,False,61.9,10.8,6.3,4.12,4.21,1.6,R3,R3,14.9,23,94.8,36.8
SKU-2082-RH,Важіль trailing RH (R3),SKU-2082-LH,RH,trailing,False,61.9,10.8,6.3,4.12,4.21,1.6,R3,R3,15.6,24,98.9,38.4
SKU-2083-LH,Важіль curved LH (R3),SKU-2083-RH,LH,curved,False,30.0,15.2,8.1,2.13,3.69,1.55,R3,R3,7.9,12,25.6,18.6
SKU-2083-RH,Важіль curved RH (R3),SKU-2083-LH,RH,curved,False,30.0,15.2,8.1,2.13,3.69,1.55,R3,R3,8.0,12,25.6,18.6
SKU-2084-LH,Важіль trailing LH (R3),SKU-2084-RH,LH,trailing,False,56.4,10.4,7.8,2.28,4.58,1.74,R3,R3,13.4,21,47.9,36.5
SKU-2084-RH,Важіль trailing RH (R3),SKU-2084-LH,RH,trailing,False,56.4,10.4,7.8,2.28,4.58,1.74,R3,R3,13.7,21,47.9,36.5
SKU-2085-LH,Важіль straight_link LH (R3),SKU-2085-RH,LH,straight_link,True,21.5,7.2,7.3,1.12,1.13,1.19,R3,R3,13.7,21,23.5,25.0
SKU-2085-RH,Важіль straight_link RH (R3),SKU-2085-LH,RH,straight_link,True,21.5,7.2,7.3,1.12,1.13,1.19,R3,R3,14.1,22,24.6,26.2
SKU-2086-LH,Важіль trailing LH (R3),SKU-2086-RH,LH,trailing,False,56.7,10.1,5.5,3.08,3.15,1.2,R3,R3,15.1,23,70.8,27.6
SKU-2086-RH,Важіль trailing RH (R3),SKU-2086-LH,RH,trailing,False,56.7,10.1,5.5,3.08,3.15,1.2,R3,R3,16.1,25,77.0,30.0
SKU-2087-LH,Важіль curved LH (R3),SKU-2087-RH,LH,curved,False,34.9,12.0,6.9,2.36,2.89,1.21,R3,R3,10.3,16,37.8,19.4
SKU-2087-RH,Важіль curved RH (R3),SKU-2087-LH,RH,curved,False,34.9,12.0,6.9,2.36,2.89,1.21,R3,R3,10.9,17,40.1,20.6
SKU-2088-LH,Важіль trailing LH (R3),SKU-2088-RH,LH,trailing,False,71.1,6.0,7.4,4.02,3.16,1.2,R3,R3,10.0,15,60.3,18.0
SKU-2088-RH,Важіль trailing RH (R3),SKU-2088-LH,RH,trailing,False,71.1,6.0,7.4,4.02,3.16,1.2,R3,R3,10.4,16,64.3,19.2
SKU-2089-LH,Важіль straight_link LH (R3),SKU-2089-RH,LH,straight_link,False,27.6,5.1,4.9,1.36,0.69,0.19,R3,R3,15.3,23,31.3,4.4
SKU-2089-RH,Важіль straight_link RH (R3),SKU-2089-LH,RH,straight_link,False,27.6,5.1,4.9,1.36,0.69,0.19,R3,R3,15.8,24,32.6,4.6
SKU-2090-LH,Важіль heavy_integral LH (R3),SKU-2090-RH,LH,heavy_integral,False,63.6,17.6,13.4,8.51,15.0,10.2,R3,R3,8.1,13,110.6,132.6
SKU-2090-RH,Важіль heavy_integral RH (R3),SKU-2090-LH,RH,heavy_integral,False,63.6,17.6,13.4,8.51,15.0,10.2,R3,R3,8.4,13,110.6,132.6
SKU-2091-LH,Важіль straight_link LH (R3),SKU-2091-RH,LH,straight_link,False,26.9,7.2,4.1,0.96,0.79,0.22,R3,R3,14.3,22,21.1,4.8
SKU-2091-RH,Важіль straight_link RH (R3),SKU-2091-LH,RH,straight_link,False,26.9,7.2,4.1,0.96,0.79,0.22,R3,R3,14.1,22,21.1,4.8
SKU-2092-LH,Важіль a_shaped LH (R3),SKU-2092-RH,LH,a_shaped,False,50.2,33.5,14.0,5.47,23.54,12.24,R3,R3,13.7,21,114.9,257.0
SKU-2092-RH,Важіль a_shaped RH (R3),SKU-2092-LH,RH,a_shaped,False,50.2,33.5,14.0,5.47,23.54,12.24,R3,R3,13.6,21,114.9,257.0
SKU-2093-LH,Важіль straight_link LH (R3),SKU-2093-RH,LH,straight_link,False,25.2,6.8,5.3,0.79,0.91,0.25,R3,R3,9.1,14,11.1,3.5
SKU-2093-RH,Важіль straight_link RH (R3),SKU-2093-LH,RH,straight_link,False,25.2,6.8,5.3,0.79,0.91,0.25,R3,R3,8.5,13,10.3,3.2
SKU-2094-LH,Важіль straight_link LH (R3),SKU-2094-RH,LH,straight_link,False,23.8,5.4,6.4,0.47,0.82,0.23,R3,R3,13.0,20,9.4,4.6
SKU-2094-RH,Важіль straight_link RH (R3),SKU-2094-LH,RH,straight_link,False,23.8,5.4,6.4,0.47,0.82,0.23,R3,R3,13.1,20,9.4,4.6
SKU-2095-LH,Важіль a_shaped LH (R3),SKU-2095-RH,LH,a_shaped,False,50.4,36.5,14.1,5.15,25.94,13.49,R3,R3,12.7,20,103.0,269.8
SKU-2095-RH,Важіль a_shaped RH (R3),SKU-2095-LH,RH,a_shaped,False,50.4,36.5,14.1,5.15,25.94,13.49,R3,R3,12.7,20,103.0,269.8
SKU-2096-LH,Важіль a_shaped LH (R3),SKU-2096-RH,LH,a_shaped,False,40.4,32.3,10.1,4.52,13.18,6.85,R3,R3,10.4,16,72.3,109.6
SKU-2096-RH,Важіль a_shaped RH (R3),SKU-2096-LH,RH,a_shaped,False,40.4,32.3,10.1,4.52,13.18,6.85,R3,R3,9.8,15,67.8,102.8
SKU-2097-LH,Важіль curved LH (R3),SKU-2097-RH,LH,curved,False,28.8,14.1,5.4,2.09,2.19,0.92,R3,R3,14.6,22,46.0,20.2
SKU-2097-RH,Важіль curved RH (R3),SKU-2097-LH,RH,curved,False,28.8,14.1,5.4,2.09,2.19,0.92,R3,R3,13.8,21,43.9,19.3
SKU-2098-LH,Важіль curved LH (R3),SKU-2098-RH,LH,curved,False,33.5,20.5,9.6,2.52,6.59,2.77,R3,R3,13.7,21,52.9,58.2
SKU-2098-RH,Важіль curved RH (R3),SKU-2098-LH,RH,curved,False,33.5,20.5,9.6,2.52,6.59,2.77,R3,R3,12.8,20,50.4,55.4
SKU-2099-LH,Важіль curved LH (R3),SKU-2099-RH,LH,curved,False,40.5,18.9,8.3,2.55,6.35,2.67,R3,R3,10.8,17,43.3,45.4
SKU-2099-RH,Важіль curved RH (R3),SKU-2099-LH,RH,curved,False,40.5,18.9,8.3,2.55,6.35,2.67,R3,R3,10.9,17,43.3,45.4
SKU-2100-LH,Важіль trailing LH (R3),SKU-2100-RH,LH,trailing,False,70.6,10.3,5.6,3.05,4.07,1.55,R3,R3,11.4,18,54.9,27.9
SKU-2100-RH,Важіль trailing RH (R3),SKU-2100-LH,RH,trailing,False,70.6,10.3,5.6,3.05,4.07,1.55,R3,R3,11.0,17,51.8,26.4
SKU-2101-LH,Важіль straight_link LH (R3),SKU-2101-RH,LH,straight_link,False,30.3,5.5,7.2,1.39,1.2,0.34,R3,R3,8.7,14,19.5,4.8
SKU-2101-RH,Важіль straight_link RH (R3),SKU-2101-LH,RH,straight_link,False,30.3,5.5,7.2,1.39,1.2,0.34,R3,R3,9.2,14,19.5,4.8
SKU-2102-LH,Важіль trailing LH (R3),SKU-2102-RH,LH,trailing,False,54.5,6.1,5.6,4.19,1.86,0.71,R3,R3,9.4,15,62.9,10.6
SKU-2102-RH,Важіль trailing RH (R3),SKU-2102-LH,RH,trailing,False,54.5,6.1,5.6,4.19,1.86,0.71,R3,R3,9.7,15,62.9,10.6
SKU-2103-LH,Важіль curved LH (R3),SKU-2103-RH,LH,curved,True,35.7,13.3,10.2,2.11,4.84,5.08,R3,R3,13.7,21,44.3,106.7
SKU-2103-RH,Важіль curved RH (R3),SKU-2103-LH,RH,curved,True,35.7,13.3,10.2,2.11,4.84,5.08,R3,R3,13.2,20,42.2,101.6
SKU-2104-LH,Важіль a_shaped LH (R3),SKU-2104-RH,LH,a_shaped,True,42.5,30.6,13.5,6.16,17.56,18.44,R3,R3,11.8,18,110.9,331.9
SKU-2104-RH,Важіль a_shaped RH (R3),SKU-2104-LH,RH,a_shaped,True,42.5,30.6,13.5,6.16,17.56,18.44,R3,R3,11.8,18,110.9,331.9
SKU-2105-LH,Важіль a_shaped LH (R3),SKU-2105-RH,LH,a_shaped,False,42.8,30.4,9.1,5.32,11.84,6.16,R3,R3,11.5,18,95.8,110.9
SKU-2105-RH,Важіль a_shaped RH (R3),SKU-2105-LH,RH,a_shaped,False,42.8,30.4,9.1,5.32,11.84,6.16,R3,R3,11.2,17,90.4,104.7
SKU-2106-LH,Важіль a_shaped LH (R3),SKU-2106-RH,LH,a_shaped,False,39.4,29.2,10.3,4.33,11.85,6.16,R3,R3,12.5,19,82.3,117.0
SKU-2106-RH,Важіль a_shaped RH (R3),SKU-2106-LH,RH,a_shaped,False,39.4,29.2,10.3,4.33,11.85,6.16,R3,R3,12.6,19,82.3,117.0
SKU-2107-LH,Важіль heavy_integral LH (R3),SKU-2107-RH,LH,heavy_integral,False,56.5,17.6,17.0,8.07,16.9,11.49,R3,R3,10.9,17,137.2,195.3
SKU-2107-RH,Важіль heavy_integral RH (R3),SKU-2107-LH,RH,heavy_integral,False,56.5,17.6,17.0,8.07,16.9,11.49,R3,R3,11.3,17,137.2,195.3
SKU-2108-LH,Важіль curved LH (R3),SKU-2108-RH,LH,curved,False,34.9,18.5,6.1,2.05,3.94,1.65,R3,R3,15.0,23,47.1,37.9
SKU-2108-RH,Важіль curved RH (R3),SKU-2108-LH,RH,curved,False,34.9,18.5,6.1,2.05,3.94,1.65,R3,R3,14.1,22,45.1,36.3
SKU-2109-LH,Важіль trailing LH (R3),SKU-2109-RH,LH,trailing,False,57.6,6.3,6.3,2.4,2.29,0.87,R3,R3,13.7,21,50.4,18.3
SKU-2109-RH,Важіль trailing RH (R3),SKU-2109-LH,RH,trailing,False,57.6,6.3,6.3,2.4,2.29,0.87,R3,R3,13.3,20,48.0,17.4
SKU-2110-LH,Важіль curved LH (R3),SKU-2110-RH,LH,curved,True,38.9,12.1,8.6,2.21,4.05,4.25,R3,R3,12.5,19,42.0,80.8
SKU-2110-RH,Важіль curved RH (R3),SKU-2110-LH,RH,curved,True,38.9,12.1,8.6,2.21,4.05,4.25,R3,R3,12.3,19,42.0,80.8
SKU-2111-LH,Важіль straight_link LH (R3),SKU-2111-RH,LH,straight_link,False,20.6,5.5,6.3,0.66,0.71,0.2,R3,R3,8.1,13,8.6,2.6
SKU-2111-RH,Важіль straight_link RH (R3),SKU-2111-LH,RH,straight_link,False,20.6,5.5,6.3,0.66,0.71,0.2,R3,R3,8.2,13,8.6,2.6
SKU-2112-LH,Важіль curved LH (R3),SKU-2112-RH,LH,curved,False,35.4,15.7,8.4,3.27,4.67,1.96,R3,R3,14.4,22,71.9,43.1
SKU-2112-RH,Важіль curved RH (R3),SKU-2112-LH,RH,curved,False,35.4,15.7,8.4,3.27,4.67,1.96,R3,R3,14.3,22,71.9,43.1
SKU-2113-LH,Важіль straight_link LH (R3),SKU-2113-RH,LH,straight_link,False,25.1,6.6,5.8,0.47,0.96,0.27,R3,R3,14.1,22,10.3,5.9
SKU-2113-RH,Важіль straight_link RH (R3),SKU-2113-LH,RH,straight_link,False,25.1,6.6,5.8,0.47,0.96,0.27,R3,R3,13.6,21,9.9,5.7
SKU-2114-LH,Важіль straight_link LH (R3),SKU-2114-RH,LH,straight_link,False,24.0,7.1,7.0,0.93,1.19,0.33,R3,R3,13.9,21,19.5,6.9
SKU-2114-RH,Важіль straight_link RH (R3),SKU-2114-LH,RH,straight_link,False,24.0,7.1,7.0,0.93,1.19,0.33,R3,R3,13.5,21,19.5,6.9
SKU-2115-LH,Важіль a_shaped LH (R3),SKU-2115-RH,LH,a_shaped,False,48.1,29.5,10.1,6.37,14.33,7.45,R3,R3,13.7,21,133.8,156.5
SKU-2115-RH,Важіль a_shaped RH (R3),SKU-2115-LH,RH,a_shaped,False,48.1,29.5,10.1,6.37,14.33,7.45,R3,R3,13.5,21,133.8,156.5
SKU-2116-LH,Важіль trailing LH (R3),SKU-2116-RH,LH,trailing,False,59.4,6.9,8.0,2.63,3.28,1.25,R3,R3,11.5,18,47.3,22.5
SKU-2116-RH,Важіль trailing RH (R3),SKU-2116-LH,RH,trailing,False,59.4,6.9,8.0,2.63,3.28,1.25,R3,R3,12.1,19,50.0,23.8
SKU-2117-LH,Важіль a_shaped LH (R3),SKU-2117-RH,LH,a_shaped,False,37.3,27.4,11.7,5.52,11.96,6.22,R3,R3,11.3,17,93.8,105.7
SKU-2117-RH,Важіль a_shaped RH (R3),SKU-2117-LH,RH,a_shaped,False,37.3,27.4,11.7,5.52,11.96,6.22,R3,R3,10.9,17,93.8,105.7
SKU-2118-LH,Важіль curved LH (R3),SKU-2118-RH,LH,curved,False,34.1,11.8,5.6,1.82,2.25,0.94,R3,R3,8.9,14,25.5,13.2
SKU-2118-RH,Важіль curved RH (R3),SKU-2118-LH,RH,curved,False,34.1,11.8,5.6,1.82,2.25,0.94,R3,R3,8.6,13,23.7,12.2
SKU-2119-LH,Важіль a_shaped LH (R3),SKU-2119-RH,LH,a_shaped,False,38.8,41.3,13.8,4.34,22.11,11.5,R3,R3,10.4,16,69.4,184.0
SKU-2119-RH,Важіль a_shaped RH (R3),SKU-2119-LH,RH,a_shaped,False,38.8,41.3,13.8,4.34,22.11,11.5,R3,R3,10.6,16,69.4,184.0
SKU-2120-LH,Важіль a_shaped LH (R3),SKU-2120-RH,LH,a_shaped,True,46.7,34.4,14.2,4.13,22.81,23.95,R3,R3,14.8,23,95.0,550.9
SKU-2120-RH,Важіль a_shaped RH (R3),SKU-2120-LH,RH,a_shaped,True,46.7,34.4,14.2,4.13,22.81,23.95,R3,R3,14.0,21,86.7,502.9
SKU-2121-LH,Важіль heavy_integral LH (R3),SKU-2121-RH,LH,heavy_integral,False,55.4,18.5,12.1,8.59,12.4,8.43,R3,R3,11.7,18,154.6,151.7
SKU-2121-RH,Важіль heavy_integral RH (R3),SKU-2121-LH,RH,heavy_integral,False,55.4,18.5,12.1,8.59,12.4,8.43,R3,R3,11.0,17,146.0,143.3
SKU-2122-LH,Важіль a_shaped LH (R3),SKU-2122-RH,LH,a_shaped,False,39.7,38.4,9.7,4.06,14.79,7.69,R3,R3,14.6,22,89.3,169.2
SKU-2122-RH,Важіль a_shaped RH (R3),SKU-2122-LH,RH,a_shaped,False,39.7,38.4,9.7,4.06,14.79,7.69,R3,R3,15.1,23,93.4,176.9
SKU-2123-LH,Важіль curved LH (R3),SKU-2123-RH,LH,curved,False,33.5,15.9,9.4,1.76,5.01,2.1,R3,R3,13.8,21,37.0,44.1
SKU-2123-RH,Важіль curved RH (R3),SKU-2123-LH,RH,curved,False,33.5,15.9,9.4,1.76,5.01,2.1,R3,R3,12.9,20,35.2,42.0
SKU-2124-LH,Важіль curved LH (R3),SKU-2124-RH,LH,curved,False,37.5,15.2,7.4,1.85,4.22,1.77,R3,R3,11.7,18,33.3,31.9
SKU-2124-RH,Важіль curved RH (R3),SKU-2124-LH,RH,curved,False,37.5,15.2,7.4,1.85,4.22,1.77,R3,R3,12.0,18,33.3,31.9
SKU-2125-LH,Важіль straight_link LH (R3),SKU-2125-RH,LH,straight_link,False,21.6,5.7,7.5,1.09,0.92,0.26,R3,R3,14.6,22,24.0,5.7
SKU-2125-RH,Важіль straight_link RH (R3),SKU-2125-LH,RH,straight_link,False,21.6,5.7,7.5,1.09,0.92,0.26,R3,R3,15.0,23,25.1,6.0
SKU-2126-LH,Важіль heavy_integral LH (R3),SKU-2126-RH,LH,heavy_integral,True,53.9,18.0,13.2,9.84,12.81,13.45,R3,R3,10.9,17,167.3,228.6
SKU-2126-RH,Важіль heavy_integral RH (R3),SKU-2126-LH,RH,heavy_integral,True,53.9,18.0,13.2,9.84,12.81,13.45,R3,R3,11.0,17,167.3,228.6
SKU-2127-LH,Важіль a_shaped LH (R3),SKU-2127-RH,LH,a_shaped,False,41.7,35.2,9.7,3.87,14.24,7.4,R3,R3,15.5,24,92.9,177.6
SKU-2127-RH,Важіль a_shaped RH (R3),SKU-2127-LH,RH,a_shaped,False,41.7,35.2,9.7,3.87,14.24,7.4,R3,R3,15.4,24,92.9,177.6
SKU-2128-LH,Важіль trailing LH (R3),SKU-2128-RH,LH,trailing,False,59.8,9.3,6.3,2.92,3.5,1.33,R3,R3,10.0,15,43.8,20.0
SKU-2128-RH,Важіль trailing RH (R3),SKU-2128-LH,RH,trailing,False,59.8,9.3,6.3,2.92,3.5,1.33,R3,R3,10.0,15,43.8,20.0
SKU-2129-LH,Важіль straight_link LH (R3),SKU-2129-RH,LH,straight_link,False,25.2,7.3,4.1,0.9,0.75,0.21,R3,R3,13.1,20,18.0,4.2
SKU-2129-RH,Важіль straight_link RH (R3),SKU-2129-LH,RH,straight_link,False,25.2,7.3,4.1,0.9,0.75,0.21,R3,R3,12.2,19,17.1,4.0
SKU-2130-LH,Важіль a_shaped LH (R3),SKU-2130-RH,LH,a_shaped,False,49.7,29.9,14.0,3.66,20.8,10.82,R3,R3,14.3,22,80.5,238.0
SKU-2130-RH,Важіль a_shaped RH (R3),SKU-2130-LH,RH,a_shaped,False,49.7,29.9,14.0,3.66,20.8,10.82,R3,R3,14.0,21,76.9,227.2
SKU-2131-LH,Важіль trailing LH (R3),SKU-2131-RH,LH,trailing,False,53.2,10.6,6.9,2.16,3.89,1.48,R3,R3,13.5,21,45.4,31.1
SKU-2131-RH,Важіль trailing RH (R3),SKU-2131-LH,RH,trailing,False,53.2,10.6,6.9,2.16,3.89,1.48,R3,R3,13.1,20,43.2,29.6
SKU-2132-LH,Важіль trailing LH (R3),SKU-2132-RH,LH,trailing,False,53.7,8.9,7.5,3.16,3.58,1.36,R3,R3,15.0,23,72.7,31.3
SKU-2132-RH,Важіль trailing RH (R3),SKU-2132-LH,RH,trailing,False,53.7,8.9,7.5,3.16,3.58,1.36,R3,R3,14.7,23,72.7,31.3
SKU-2133-LH,Важіль straight_link LH (R3),SKU-2133-RH,LH,straight_link,True,27.7,5.5,6.0,1.05,0.91,0.96,R3,R3,11.2,17,17.9,16.3
SKU-2133-RH,Важіль straight_link RH (R3),SKU-2133-LH,RH,straight_link,True,27.7,5.5,6.0,1.05,0.91,0.96,R3,R3,10.5,16,16.8,15.4
SKU-2134-LH,Важіль a_shaped LH (R3),SKU-2134-RH,LH,a_shaped,False,36.1,40.8,7.9,3.9,11.64,6.05,R3,R3,10.6,16,62.4,96.8
SKU-2134-RH,Важіль a_shaped RH (R3),SKU-2134-LH,RH,a_shaped,False,36.1,40.8,7.9,3.9,11.64,6.05,R3,R3,10.4,16,62.4,96.8
SKU-2135-LH,Важіль curved LH (R3),SKU-2135-RH,LH,curved,False,33.1,10.4,6.9,3.06,2.38,1.0,R3,R3,13.8,21,64.3,21.0
SKU-2135-RH,Важіль curved RH (R3),SKU-2135-LH,RH,curved,False,33.1,10.4,6.9,3.06,2.38,1.0,R3,R3,13.7,21,64.3,21.0
SKU-2136-LH,Важіль trailing LH (R3),SKU-2136-RH,LH,trailing,False,54.6,7.4,8.3,4.16,3.35,1.27,R3,R3,11.5,18,74.9,22.9
SKU-2136-RH,Важіль trailing RH (R3),SKU-2136-LH,RH,trailing,False,54.6,7.4,8.3,4.16,3.35,1.27,R3,R3,11.6,18,74.9,22.9
SKU-2137-LH,Важіль straight_link LH (R3),SKU-2137-RH,LH,straight_link,False,26.1,4.3,7.3,0.77,0.82,0.23,R3,R3,15.6,24,18.5,5.5
SKU-2137-RH,Важіль straight_link RH (R3),SKU-2137-LH,RH,straight_link,False,26.1,4.3,7.3,0.77,0.82,0.23,R3,R3,15.6,24,18.5,5.5
SKU-2138-LH,Важіль curved LH (R3),SKU-2138-RH,LH,curved,False,36.0,17.7,8.8,2.6,5.61,2.36,R3,R3,16.2,25,65.0,59.0
SKU-2138-RH,Важіль curved RH (R3),SKU-2138-LH,RH,curved,False,36.0,17.7,8.8,2.6,5.61,2.36,R3,R3,16.2,25,65.0,59.0
SKU-2139-LH,Важіль straight_link LH (R3),SKU-2139-RH,LH,straight_link,False,21.0,4.3,5.7,0.91,0.51,0.14,R3,R3,14.6,22,20.0,3.1
SKU-2139-RH,Важіль straight_link RH (R3),SKU-2139-LH,RH,straight_link,False,21.0,4.3,5.7,0.91,0.51,0.14,R3,R3,14.7,23,20.9,3.2
SKU-2140-LH,Важіль a_shaped LH (R3),SKU-2140-RH,LH,a_shaped,False,36.6,35.8,13.6,4.1,17.82,9.27,R3,R3,12.9,20,82.0,185.4
SKU-2140-RH,Важіль a_shaped RH (R3),SKU-2140-LH,RH,a_shaped,False,36.6,35.8,13.6,4.1,17.82,9.27,R3,R3,12.4,19,77.9,176.1
SKU-2141-LH,Важіль straight_link LH (R3),SKU-2141-RH,LH,straight_link,False,31.7,5.4,4.8,0.57,0.82,0.23,R3,R3,13.5,21,12.0,4.8
SKU-2141-RH,Важіль straight_link RH (R3),SKU-2141-LH,RH,straight_link,False,31.7,5.4,4.8,0.57,0.82,0.23,R3,R3,13.5,21,12.0,4.8
SKU-2142-LH,Важіль trailing LH (R3),SKU-2142-RH,LH,trailing,False,75.2,7.9,6.3,3.07,3.74,1.42,R3,R3,11.4,18,55.3,25.6
SKU-2142-RH,Важіль trailing RH (R3),SKU-2142-LH,RH,trailing,False,75.2,7.9,6.3,3.07,3.74,1.42,R3,R3,11.5,18,55.3,25.6
SKU-2143-LH,Важіль trailing LH (R3),SKU-2143-RH,LH,trailing,False,74.5,9.9,8.7,2.62,6.42,2.44,R3,R3,12.4,19,49.8,46.4
SKU-2143-RH,Важіль trailing RH (R3),SKU-2143-LH,RH,trailing,False,74.5,9.9,8.7,2.62,6.42,2.44,R3,R3,12.9,20,52.4,48.8
SKU-2144-LH,Важіль trailing LH (R3),SKU-2144-RH,LH,trailing,True,66.7,7.7,6.3,3.45,3.24,3.4,R3,R3,14.9,23,79.4,78.2
SKU-2144-RH,Важіль trailing RH (R3),SKU-2144-LH,RH,trailing,True,66.7,7.7,6.3,3.45,3.24,3.4,R3,R3,15.2,23,79.4,78.2
SKU-2145-LH,Важіль a_shaped LH (R3),SKU-2145-RH,LH,a_shaped,False,44.3,33.2,7.1,5.38,10.44,5.43,R3,R3,13.4,21,113.0,114.0
SKU-2145-RH,Важіль a_shaped RH (R3),SKU-2145-LH,RH,a_shaped,False,44.3,33.2,7.1,5.38,10.44,5.43,R3,R3,13.5,21,113.0,114.0
SKU-2146-LH,Важіль a_shaped LH (R3),SKU-2146-RH,LH,a_shaped,False,37.1,27.9,11.8,4.48,12.21,6.35,R3,R3,8.6,13,58.2,82.5
SKU-2146-RH,Важіль a_shaped RH (R3),SKU-2146-LH,RH,a_shaped,False,37.1,27.9,11.8,4.48,12.21,6.35,R3,R3,8.7,14,62.7,88.9
SKU-2147-LH,Важіль curved LH (R3),SKU-2147-RH,LH,curved,False,37.5,17.7,7.0,2.96,4.65,1.95,R3,R3,13.3,20,59.2,39.0
SKU-2147-RH,Важіль curved RH (R3),SKU-2147-LH,RH,curved,False,37.5,17.7,7.0,2.96,4.65,1.95,R3,R3,13.2,20,59.2,39.0
SKU-2148-LH,Важіль straight_link LH (R3),SKU-2148-RH,LH,straight_link,True,27.8,5.3,7.3,1.22,1.08,1.13,R3,R3,12.4,19,23.2,21.5
SKU-2148-RH,Важіль straight_link RH (R3),SKU-2148-LH,RH,straight_link,True,27.8,5.3,7.3,1.22,1.08,1.13,R3,R3,12.4,19,23.2,21.5
SKU-2149-LH,Важіль straight_link LH (R3),SKU-2149-RH,LH,straight_link,False,24.7,5.0,5.8,0.57,0.72,0.2,R3,R3,15.3,23,13.1,4.6
SKU-2149-RH,Важіль straight_link RH (R3),SKU-2149-LH,RH,straight_link,False,24.7,5.0,5.8,0.57,0.72,0.2,R3,R3,16.4,25,14.2,5.0
SKU-2150-LH,Важіль straight_link LH (R3),SKU-2150-RH,LH,straight_link,False,25.4,6.5,5.5,1.03,0.91,0.25,R3,R3,10.6,16,16.5,4.0
SKU-2150-RH,Важіль straight_link RH (R3),SKU-2150-LH,RH,straight_link,False,25.4,6.5,5.5,1.03,0.91,0.25,R3,R3,10.8,17,17.5,4.2
SKU-2151-LH,Важіль curved LH (R3),SKU-2151-RH,LH,curved,False,35.3,13.4,7.2,1.75,3.41,1.43,R3,R3,8.3,13,22.8,18.6
SKU-2151-RH,Важіль curved RH (R3),SKU-2151-LH,RH,curved,False,35.3,13.4,7.2,1.75,3.41,1.43,R3,R3,8.1,13,22.8,18.6
SKU-2152-LH,Важіль curved LH (R3),SKU-2152-RH,LH,curved,False,39.0,10.5,9.0,2.09,3.69,1.55,R3,R3,15.0,23,48.1,35.6
SKU-2152-RH,Важіль curved RH (R3),SKU-2152-LH,RH,curved,False,39.0,10.5,9.0,2.09,3.69,1.55,R3,R3,14.7,23,48.1,35.6
SKU-2153-LH,Важіль trailing LH (R3),SKU-2153-RH,LH,trailing,False,61.9,8.8,5.5,4.19,3.0,1.14,R3,R3,11.3,17,71.2,19.4
SKU-2153-RH,Важіль trailing RH (R3),SKU-2153-LH,RH,trailing,False,61.9,8.8,5.5,4.19,3.0,1.14,R3,R3,11.6,18,75.4,20.5
SKU-2154-LH,Важіль curved LH (R3),SKU-2154-RH,LH,curved,False,39.3,15.5,9.3,1.79,5.67,2.38,R3,R3,15.0,23,41.2,54.7
SKU-2154-RH,Важіль curved RH (R3),SKU-2154-LH,RH,curved,False,39.3,15.5,9.3,1.79,5.67,2.38,R3,R3,14.4,22,39.4,52.4
SKU-2155-LH,Важіль curved LH (R3),SKU-2155-RH,LH,curved,False,31.1,21.7,6.5,2.42,4.39,1.84,R3,R3,8.2,13,31.5,23.9
SKU-2155-RH,Важіль curved RH (R3),SKU-2155-LH,RH,curved,False,31.1,21.7,6.5,2.42,4.39,1.84,R3,R3,8.3,13,31.5,23.9
SKU-2156-LH,Важіль trailing LH (R3),SKU-2156-RH,LH,trailing,False,65.4,10.1,7.2,2.19,4.76,1.81,R3,R3,10.6,16,35.0,29.0
SKU-2156-RH,Важіль trailing RH (R3),SKU-2156-LH,RH,trailing,False,65.4,10.1,7.2,2.19,4.76,1.81,R3,R3,10.9,17,37.2,30.8
SKU-2157-LH,Важіль trailing LH (R3),SKU-2157-RH,LH,trailing,False,57.9,7.1,5.8,4.04,2.38,0.9,R3,R3,15.1,23,92.9,20.7
SKU-2157-RH,Важіль trailing RH (R3),SKU-2157-LH,RH,trailing,False,57.9,7.1,5.8,4.04,2.38,0.9,R3,R3,14.7,23,92.9,20.7
SKU-2158-LH,Важіль a_shaped LH (R3),SKU-2158-RH,LH,a_shaped,False,43.4,30.1,11.0,3.7,14.37,7.47,R3,R3,9.3,14,51.8,104.6
SKU-2158-RH,Важіль a_shaped RH (R3),SKU-2158-LH,RH,a_shaped,False,43.4,30.1,11.0,3.7,14.37,7.47,R3,R3,9.2,14,51.8,104.6
SKU-2159-LH,Важіль straight_link LH (R3),SKU-2159-RH,LH,straight_link,False,25.2,5.3,6.6,1.18,0.88,0.25,R3,R3,14.4,22,26.0,5.5
SKU-2159-RH,Важіль straight_link RH (R3),SKU-2159-LH,RH,straight_link,False,25.2,5.3,6.6,1.18,0.88,0.25,R3,R3,13.8,21,24.8,5.2
SKU-2160-LH,Важіль trailing LH (R3),SKU-2160-RH,LH,trailing,False,64.2,7.7,8.0,2.79,3.95,1.5,R3,R3,9.0,14,39.1,21.0
SKU-2160-RH,Важіль trailing RH (R3),SKU-2160-LH,RH,trailing,False,64.2,7.7,8.0,2.79,3.95,1.5,R3,R3,9.5,15,41.9,22.5
SKU-2161-LH,Важіль trailing LH (R3),SKU-2161-RH,LH,trailing,False,67.9,8.2,5.3,3.12,2.95,1.12,R3,R3,13.6,21,65.5,23.5
SKU-2161-RH,Важіль trailing RH (R3),SKU-2161-LH,RH,trailing,False,67.9,8.2,5.3,3.12,2.95,1.12,R3,R3,14.0,21,65.5,23.5
SKU-2162-LH,Важіль curved LH (R3),SKU-2162-RH,LH,curved,False,27.4,21.2,7.3,2.64,4.24,1.78,R3,R3,14.1,22,58.1,39.2
SKU-2162-RH,Важіль curved RH (R3),SKU-2162-LH,RH,curved,False,27.4,21.2,7.3,2.64,4.24,1.78,R3,R3,14.6,22,58.1,39.2
SKU-2163-LH,Важіль curved LH (R3),SKU-2163-RH,LH,curved,False,30.7,11.7,9.9,2.0,3.56,1.5,R3,R3,14.2,22,44.0,33.0
SKU-2163-RH,Важіль curved RH (R3),SKU-2163-LH,RH,curved,False,30.7,11.7,9.9,2.0,3.56,1.5,R3,R3,13.8,21,42.0,31.5
SKU-2164-LH,Важіль curved LH (R3),SKU-2164-RH,LH,curved,False,33.4,13.9,7.9,2.69,3.67,1.54,R3,R3,16.4,25,67.2,38.5
SKU-2164-RH,Важіль curved RH (R3),SKU-2164-LH,RH,curved,False,33.4,13.9,7.9,2.69,3.67,1.54,R3,R3,16.3,25,67.2,38.5
SKU-2165-LH,Важіль straight_link LH (R3),SKU-2165-RH,LH,straight_link,False,24.5,6.3,7.1,0.79,1.1,0.31,R3,R3,15.6,24,19.0,7.4
SKU-2165-RH,Важіль straight_link RH (R3),SKU-2165-LH,RH,straight_link,False,24.5,6.3,7.1,0.79,1.1,0.31,R3,R3,15.8,24,19.0,7.4
SKU-2166-LH,Важіль trailing LH (R3),SKU-2166-RH,LH,trailing,False,76.7,7.2,8.0,3.19,4.42,1.68,R3,R3,10.4,16,51.0,26.9
SKU-2166-RH,Важіль trailing RH (R3),SKU-2166-LH,RH,trailing,False,76.7,7.2,8.0,3.19,4.42,1.68,R3,R3,10.2,16,51.0,26.9
SKU-2167-LH,Важіль curved LH (R3),SKU-2167-RH,LH,curved,False,31.2,15.8,8.7,2.33,4.29,1.8,R3,R3,9.9,15,35.0,27.0
SKU-2167-RH,Важіль curved RH (R3),SKU-2167-LH,RH,curved,False,31.2,15.8,8.7,2.33,4.29,1.8,R3,R3,9.6,15,35.0,27.0
SKU-2168-LH,Важіль straight_link LH (R3),SKU-2168-RH,LH,straight_link,False,23.8,5.2,5.4,0.81,0.67,0.19,R3,R3,12.4,19,15.4,3.6
SKU-2168-RH,Важіль straight_link RH (R3),SKU-2168-LH,RH,straight_link,False,23.8,5.2,5.4,0.81,0.67,0.19,R3,R3,12.4,19,15.4,3.6
SKU-2169-LH,Важіль trailing LH (R3),SKU-2169-RH,LH,trailing,False,64.9,6.8,5.5,4.06,2.43,0.92,R3,R3,13.0,20,81.2,18.4
SKU-2169-RH,Важіль trailing RH (R3),SKU-2169-LH,RH,trailing,False,64.9,6.8,5.5,4.06,2.43,0.92,R3,R3,12.7,20,81.2,18.4
SKU-2170-LH,Важіль straight_link LH (R3),SKU-2170-RH,LH,straight_link,False,26.9,6.7,5.3,1.36,0.96,0.27,R3,R3,15.0,23,31.3,6.2
SKU-2170-RH,Важіль straight_link RH (R3),SKU-2170-LH,RH,straight_link,False,26.9,6.7,5.3,1.36,0.96,0.27,R3,R3,14.2,22,29.9,5.9
SKU-2171-LH,Важіль straight_link LH (R3),SKU-2171-RH,LH,straight_link,False,22.0,4.9,7.0,0.43,0.75,0.21,R3,R3,8.5,13,5.6,2.7
SKU-2171-RH,Важіль straight_link RH (R3),SKU-2171-LH,RH,straight_link,False,22.0,4.9,7.0,0.43,0.75,0.21,R3,R3,8.4,13,5.6,2.7
SKU-2172-LH,Важіль trailing LH (R3),SKU-2172-RH,LH,trailing,False,72.7,8.8,5.0,3.0,3.2,1.22,R3,R3,10.9,17,51.0,20.7
SKU-2172-RH,Важіль trailing RH (R3),SKU-2172-LH,RH,trailing,False,72.7,8.8,5.0,3.0,3.2,1.22,R3,R3,11.4,18,54.0,22.0
SKU-2173-LH,Важіль trailing LH (R3),SKU-2173-RH,LH,trailing,False,70.7,9.6,5.0,4.1,3.39,1.29,R3,R3,15.0,23,94.3,29.7
SKU-2173-RH,Важіль trailing RH (R3),SKU-2173-LH,RH,trailing,False,70.7,9.6,5.0,4.1,3.39,1.29,R3,R3,14.0,21,86.1,27.1
SKU-2174-LH,Важіль straight_link LH (R3),SKU-2174-RH,LH,straight_link,False,29.3,6.9,4.3,1.14,0.87,0.24,R3,R3,15.9,24,27.4,5.8
SKU-2174-RH,Важіль straight_link RH (R3),SKU-2174-LH,RH,straight_link,False,29.3,6.9,4.3,1.14,0.87,0.24,R3,R3,15.8,24,27.4,5.8
SKU-2175-LH,Важіль a_shaped LH (R3),SKU-2175-RH,LH,a_shaped,False,43.1,35.6,10.8,6.59,16.57,8.62,R3,R3,8.6,13,85.7,112.1
SKU-2175-RH,Важіль a_shaped RH (R3),SKU-2175-LH,RH,a_shaped,False,43.1,35.6,10.8,6.59,16.57,8.62,R3,R3,8.7,14,92.3,120.7
SKU-2176-LH,Важіль straight_link LH (R3),SKU-2176-RH,LH,straight_link,False,26.2,7.2,7.3,0.46,1.38,0.39,R3,R3,10.8,17,7.8,6.6
SKU-2176-RH,Важіль straight_link RH (R3),SKU-2176-LH,RH,straight_link,False,26.2,7.2,7.3,0.46,1.38,0.39,R3,R3,11.1,17,7.8,6.6
SKU-2177-LH,Важіль trailing LH (R3),SKU-2177-RH,LH,trailing,False,75.7,10.2,5.5,2.3,4.25,1.61,R3,R3,12.7,20,46.0,32.2
SKU-2177-RH,Важіль trailing RH (R3),SKU-2177-LH,RH,trailing,False,75.7,10.2,5.5,2.3,4.25,1.61,R3,R3,12.5,19,43.7,30.6
SKU-2178-LH,Важіль a_shaped LH (R3),SKU-2178-RH,LH,a_shaped,False,50.8,32.4,14.1,4.83,23.21,12.07,R3,R3,13.9,21,101.4,253.5
SKU-2178-RH,Важіль a_shaped RH (R3),SKU-2178-LH,RH,a_shaped,False,50.8,32.4,14.1,4.83,23.21,12.07,R3,R3,13.5,21,101.4,253.5
SKU-2179-LH,Важіль curved LH (R3),SKU-2179-RH,LH,curved,False,33.3,18.8,7.2,1.63,4.51,1.89,R3,R3,8.8,14,22.8,26.5
SKU-2179-RH,Важіль curved RH (R3),SKU-2179-LH,RH,curved,False,33.3,18.8,7.2,1.63,4.51,1.89,R3,R3,8.9,14,22.8,26.5
SKU-2180-LH,Важіль a_shaped LH (R3),SKU-2180-RH,LH,a_shaped,False,47.1,37.2,12.6,5.18,22.08,11.48,R3,R3,15.3,23,119.1,264.0
SKU-2180-RH,Важіль a_shaped RH (R3),SKU-2180-LH,RH,a_shaped,False,47.1,37.2,12.6,5.18,22.08,11.48,R3,R3,15.3,23,119.1,264.0
SKU-2181-LH,Важіль a_shaped LH (R3),SKU-2181-RH,LH,a_shaped,False,40.9,26.7,12.1,4.4,13.21,6.87,R3,R3,10.7,17,74.8,116.8
SKU-2181-RH,Важіль a_shaped RH (R3),SKU-2181-LH,RH,a_shaped,False,40.9,26.7,12.1,4.4,13.21,6.87,R3,R3,10.3,16,70.4,109.9
SKU-2182-LH,Важіль straight_link LH (R3),SKU-2182-RH,LH,straight_link,False,20.4,6.7,4.5,0.85,0.62,0.17,R3,R3,12.2,19,16.1,3.2
SKU-2182-RH,Важіль straight_link RH (R3),SKU-2182-LH,RH,straight_link,False,20.4,6.7,4.5,0.85,0.62,0.17,R3,R3,12.2,19,16.1,3.2
SKU-2183-LH,Важіль a_shaped LH (R3),SKU-2183-RH,LH,a_shaped,False,36.7,30.7,9.2,4.07,10.37,5.39,R3,R3,10.2,16,65.1,86.2
SKU-2183-RH,Важіль a_shaped RH (R3),SKU-2183-LH,RH,a_shaped,False,36.7,30.7,9.2,4.07,10.37,5.39,R3,R3,10.3,16,65.1,86.2
SKU-2184-LH,Важіль straight_link LH (R3),SKU-2184-RH,LH,straight_link,False,23.3,6.5,5.2,0.69,0.79,0.22,R3,R3,11.9,18,12.4,4.0
SKU-2184-RH,Важіль straight_link RH (R3),SKU-2184-LH,RH,straight_link,False,23.3,6.5,5.2,0.69,0.79,0.22,R3,R3,11.9,18,12.4,4.0
SKU-2185-LH,Важіль straight_link LH (R3),SKU-2185-RH,LH,straight_link,False,31.2,6.5,4.3,1.25,0.87,0.24,R3,R3,14.0,21,26.2,5.0
SKU-2185-RH,Важіль straight_link RH (R3),SKU-2185-LH,RH,straight_link,False,31.2,6.5,4.3,1.25,0.87,0.24,R3,R3,14.2,22,27.5,5.3
SKU-2186-LH,Важіль heavy_integral LH (R3),SKU-2186-RH,LH,heavy_integral,False,57.1,21.1,14.4,8.51,17.35,11.8,R3,R3,13.0,20,170.2,236.0
SKU-2186-RH,Важіль heavy_integral RH (R3),SKU-2186-LH,RH,heavy_integral,False,57.1,21.1,14.4,8.51,17.35,11.8,R3,R3,12.9,20,170.2,236.0
SKU-2187-LH,Важіль a_shaped LH (R3),SKU-2187-RH,LH,a_shaped,False,48.8,41.1,7.8,4.45,15.64,8.13,R3,R3,12.3,19,84.5,154.5
SKU-2187-RH,Важіль a_shaped RH (R3),SKU-2187-LH,RH,a_shaped,False,48.8,41.1,7.8,4.45,15.64,8.13,R3,R3,12.0,18,80.1,146.3
SKU-2188-LH,Важіль curved LH (R3),SKU-2188-RH,LH,curved,False,28.2,13.0,9.4,1.9,3.45,1.45,R3,R3,10.6,16,30.4,23.2
SKU-2188-RH,Важіль curved RH (R3),SKU-2188-LH,RH,curved,False,28.2,13.0,9.4,1.9,3.45,1.45,R3,R3,10.7,17,32.3,24.6
SKU-2189-LH,Важіль curved LH (R3),SKU-2189-RH,LH,curved,False,31.9,16.7,5.6,3.05,2.98,1.25,R3,R3,11.1,17,51.8,21.2
SKU-2189-RH,Важіль curved RH (R3),SKU-2189-LH,RH,curved,False,31.9,16.7,5.6,3.05,2.98,1.25,R3,R3,11.2,17,51.8,21.2
SKU-2190-LH,Важіль a_shaped LH (R3),SKU-2190-RH,LH,a_shaped,False,50.2,35.9,10.4,4.18,18.74,9.74,R3,R3,15.9,24,100.3,233.8
SKU-2190-RH,Важіль a_shaped RH (R3),SKU-2190-LH,RH,a_shaped,False,50.2,35.9,10.4,4.18,18.74,9.74,R3,R3,15.2,23,96.1,224.0
SKU-2191-LH,Важіль trailing LH (R3),SKU-2191-RH,LH,trailing,False,73.1,9.5,8.1,3.03,5.63,2.14,R3,R3,13.6,21,63.6,44.9
SKU-2191-RH,Важіль trailing RH (R3),SKU-2191-LH,RH,trailing,False,73.1,9.5,8.1,3.03,5.63,2.14,R3,R3,13.4,21,63.6,44.9
SKU-2192-LH,Важіль straight_link LH (R3),SKU-2192-RH,LH,straight_link,False,31.7,5.1,5.6,1.07,0.91,0.25,R3,R3,12.7,20,21.4,5.0
SKU-2192-RH,Важіль straight_link RH (R3),SKU-2192-LH,RH,straight_link,False,31.7,5.1,5.6,1.07,0.91,0.25,R3,R3,12.6,19,20.3,4.8
SKU-2193-LH,Важіль straight_link LH (R3),SKU-2193-RH,LH,straight_link,True,32.0,6.6,7.0,1.05,1.48,1.55,R3,R3,14.4,22,23.1,34.1
SKU-2193-RH,Важіль straight_link RH (R3),SKU-2193-LH,RH,straight_link,True,32.0,6.6,7.0,1.05,1.48,1.55,R3,R3,14.7,23,24.2,35.6
SKU-2194-LH,Важіль trailing LH (R3),SKU-2194-RH,LH,trailing,False,57.2,6.4,8.2,3.85,3.0,1.14,R3,R3,9.6,15,57.8,17.1
SKU-2194-RH,Важіль trailing RH (R3),SKU-2194-LH,RH,trailing,False,57.2,6.4,8.2,3.85,3.0,1.14,R3,R3,9.4,15,57.8,17.1
SKU-2195-LH,Важіль a_shaped LH (R3),SKU-2195-RH,LH,a_shaped,False,49.3,32.7,8.6,4.51,13.86,7.21,R3,R3,12.1,19,85.7,137.0
SKU-2195-RH,Важіль a_shaped RH (R3),SKU-2195-LH,RH,a_shaped,False,49.3,32.7,8.6,4.51,13.86,7.21,R3,R3,12.3,19,85.7,137.0
SKU-2196-LH,Важіль curved LH (R3),SKU-2196-RH,LH,curved,False,35.3,19.4,6.2,1.69,4.25,1.78,R3,R3,14.5,22,37.2,39.2
SKU-2196-RH,Важіль curved RH (R3),SKU-2196-LH,RH,curved,False,35.3,19.4,6.2,1.69,4.25,1.78,R3,R3,14.7,23,38.9,40.9
SKU-2197-LH,Важіль a_shaped LH (R3),SKU-2197-RH,LH,a_shaped,False,42.6,40.0,9.4,3.64,16.02,8.33,R3,R3,10.5,16,58.2,133.3
SKU-2197-RH,Важіль a_shaped RH (R3),SKU-2197-LH,RH,a_shaped,False,42.6,40.0,9.4,3.64,16.02,8.33,R3,R3,10.3,16,58.2,133.3
SKU-2198-LH,Важіль heavy_integral LH (R3),SKU-2198-RH,LH,heavy_integral,False,78.1,25.1,12.1,8.19,23.72,16.13,R3,R3,12.8,20,163.8,322.6
SKU-2198-RH,Важіль heavy_integral RH (R3),SKU-2198-LH,RH,heavy_integral,False,78.1,25.1,12.1,8.19,23.72,16.13,R3,R3,12.9,20,163.8,322.6
SKU-2199-LH,Важіль straight_link LH (R3),SKU-2199-RH,LH,straight_link,False,28.2,5.3,4.0,0.41,0.6,0.17,R3,R3,11.7,18,7.4,3.1
SKU-2199-RH,Важіль straight_link RH (R3),SKU-2199-LH,RH,straight_link,False,28.2,5.3,4.0,0.41,0.6,0.17,R3,R3,11.2,17,7.0,2.9
SKU-2200-LH,Важіль a_shaped LH (R3),SKU-2200-RH,LH,a_shaped,False,40.7,35.0,9.4,4.13,13.39,6.96,R3,R3,11.0,17,70.2,118.3
SKU-2200-RH,Важіль a_shaped RH (R3),SKU-2200-LH,RH,a_shaped,False,40.7,35.0,9.4,4.13,13.39,6.96,R3,R3,11.3,17,70.2,118.3
SKU-2201-LH,Важіль straight_link LH (R3),SKU-2201-RH,LH,straight_link,False,25.1,4.6,6.3,1.15,0.73,0.2,R3,R3,8.9,14,16.1,2.8
SKU-2201-RH,Важіль straight_link RH (R3),SKU-2201-LH,RH,straight_link,False,25.1,4.6,6.3,1.15,0.73,0.2,R3,R3,8.6,13,14.9,2.6
SKU-2202-LH,Важіль curved LH (R3),SKU-2202-RH,LH,curved,False,30.2,16.3,8.1,3.26,3.99,1.68,R3,R3,12.5,19,61.9,31.9
SKU-2202-RH,Важіль curved RH (R3),SKU-2202-LH,RH,curved,False,30.2,16.3,8.1,3.26,3.99,1.68,R3,R3,12.3,19,61.9,31.9
SKU-2203-LH,Важіль curved LH (R3),SKU-2203-RH,LH,curved,False,38.4,13.4,10.1,2.38,5.2,2.18,R3,R3,15.0,23,54.7,50.1
SKU-2203-RH,Важіль curved RH (R3),SKU-2203-LH,RH,curved,False,38.4,13.4,10.1,2.38,5.2,2.18,R3,R3,14.3,22,52.4,48.0
SKU-2204-LH,Важіль trailing LH (R3),SKU-2204-RH,LH,trailing,False,59.6,7.5,6.2,3.62,2.77,1.05,R3,R3,9.4,15,54.3,15.8
SKU-2204-RH,Важіль trailing RH (R3),SKU-2204-LH,RH,trailing,False,59.6,7.5,6.2,3.62,2.77,1.05,R3,R3,10.0,15,54.3,15.8
SKU-2205-LH,Важіль trailing LH (R3),SKU-2205-RH,LH,trailing,False,54.7,7.2,6.5,3.1,2.56,0.97,R3,R3,8.7,14,43.4,13.6
SKU-2205-RH,Важіль trailing RH (R3),SKU-2205-LH,RH,trailing,False,54.7,7.2,6.5,3.1,2.56,0.97,R3,R3,8.5,13,40.3,12.6
SKU-2206-LH,Важіль trailing LH (R3),SKU-2206-RH,LH,trailing,False,60.3,8.2,7.5,2.41,3.71,1.41,R3,R3,9.8,15,36.2,21.1
SKU-2206-RH,Важіль trailing RH (R3),SKU-2206-LH,RH,trailing,False,60.3,8.2,7.5,2.41,3.71,1.41,R3,R3,9.3,14,33.7,19.7
SKU-2207-LH,Важіль trailing LH (R3),SKU-2207-RH,LH,trailing,False,74.7,9.3,6.4,3.54,4.45,1.69,R3,R3,8.3,13,46.0,22.0
SKU-2207-RH,Важіль trailing RH (R3),SKU-2207-LH,RH,trailing,False,74.7,9.3,6.4,3.54,4.45,1.69,R3,R3,8.1,13,46.0,22.0
SKU-2208-LH,Важіль straight_link LH (R3),SKU-2208-RH,LH,straight_link,False,31.4,7.2,7.2,0.91,1.63,0.46,R3,R3,10.9,17,15.5,7.8
SKU-2208-RH,Важіль straight_link RH (R3),SKU-2208-LH,RH,straight_link,False,31.4,7.2,7.2,0.91,1.63,0.46,R3,R3,11.0,17,15.5,7.8
SKU-2209-LH,Важіль curved LH (R3),SKU-2209-RH,LH,curved,False,29.3,21.0,9.9,3.36,6.09,2.56,R3,R3,14.8,23,77.3,58.9
SKU-2209-RH,Важіль curved RH (R3),SKU-2209-LH,RH,curved,False,29.3,21.0,9.9,3.36,6.09,2.56,R3,R3,14.6,22,73.9,56.3
SKU-2210-LH,Важіль straight_link LH (R3),SKU-2210-RH,LH,straight_link,False,22.1,6.1,6.8,1.3,0.92,0.26,R3,R3,12.5,19,24.7,4.9
SKU-2210-RH,Важіль straight_link RH (R3),SKU-2210-LH,RH,straight_link,False,22.1,6.1,6.8,1.3,0.92,0.26,R3,R3,12.7,20,26.0,5.2
SKU-2211-LH,Важіль curved LH (R3),SKU-2211-RH,LH,curved,False,31.8,16.0,5.3,2.23,2.7,1.13,R3,R3,9.5,15,33.5,16.9
SKU-2211-RH,Важіль curved RH (R3),SKU-2211-LH,RH,curved,False,31.8,16.0,5.3,2.23,2.7,1.13,R3,R3,9.4,15,33.5,16.9
SKU-2212-LH,Важіль heavy_integral LH (R3),SKU-2212-RH,LH,heavy_integral,False,63.7,25.6,11.7,8.42,19.08,12.97,R3,R3,14.0,21,176.8,272.4
SKU-2212-RH,Важіль heavy_integral RH (R3),SKU-2212-LH,RH,heavy_integral,False,63.7,25.6,11.7,8.42,19.08,12.97,R3,R3,14.4,22,185.2,285.3
SKU-2213-LH,Важіль trailing LH (R3),SKU-2213-RH,LH,trailing,False,64.1,6.4,7.4,2.71,3.04,1.16,R3,R3,9.3,14,37.9,16.2
SKU-2213-RH,Важіль trailing RH (R3),SKU-2213-LH,RH,trailing,False,64.1,6.4,7.4,2.71,3.04,1.16,R3,R3,9.3,14,37.9,16.2
SKU-2214-LH,Важіль a_shaped LH (R3),SKU-2214-RH,LH,a_shaped,True,47.2,36.0,8.5,5.1,14.44,15.16,R3,R3,13.8,21,107.1,318.4
SKU-2214-RH,Важіль a_shaped RH (R3),SKU-2214-LH,RH,a_shaped,True,47.2,36.0,8.5,5.1,14.44,15.16,R3,R3,13.6,21,107.1,318.4
SKU-2215-LH,Важіль a_shaped LH (R3),SKU-2215-RH,LH,a_shaped,False,45.8,41.0,12.4,3.84,23.28,12.11,R3,R3,12.1,19,73.0,230.1
SKU-2215-RH,Важіль a_shaped RH (R3),SKU-2215-LH,RH,a_shaped,False,45.8,41.0,12.4,3.84,23.28,12.11,R3,R3,11.3,17,65.3,205.9
SKU-2216-LH,Важіль a_shaped LH (R3),SKU-2216-RH,LH,a_shaped,False,51.2,27.3,14.5,4.76,20.27,10.54,R3,R3,14.7,23,109.5,242.4
SKU-2216-RH,Важіль a_shaped RH (R3),SKU-2216-LH,RH,a_shaped,False,51.2,27.3,14.5,4.76,20.27,10.54,R3,R3,14.7,23,109.5,242.4
SKU-2217-LH,Важіль straight_link LH (R3),SKU-2217-RH,LH,straight_link,False,28.8,4.1,6.1,0.59,0.72,0.2,R3,R3,10.6,16,9.4,3.2
SKU-2217-RH,Важіль straight_link RH (R3),SKU-2217-LH,RH,straight_link,False,28.8,4.1,6.1,0.59,0.72,0.2,R3,R3,10.7,17,10.0,3.4
SKU-2218-LH,Важіль straight_link LH (R3),SKU-2218-RH,LH,straight_link,False,19.5,4.5,4.1,0.87,0.36,0.1,R3,R3,15.2,23,20.0,2.3
SKU-2218-RH,Важіль straight_link RH (R3),SKU-2218-LH,RH,straight_link,False,19.5,4.5,4.1,0.87,0.36,0.1,R3,R3,16.2,25,21.8,2.5
SKU-2219-LH,Важіль straight_link LH (R3),SKU-2219-RH,LH,straight_link,False,26.9,6.3,6.9,0.51,1.17,0.33,R3,R3,12.2,19,9.7,6.3
SKU-2219-RH,Важіль straight_link RH (R3),SKU-2219-LH,RH,straight_link,False,26.9,6.3,6.9,0.51,1.17,0.33,R3,R3,12.1,19,9.7,6.3
SKU-2220-LH,Важіль curved LH (R3),SKU-2220-RH,LH,curved,False,27.2,18.3,8.2,2.28,4.08,1.71,R3,R3,10.8,17,38.8,29.1
SKU-2220-RH,Важіль curved RH (R3),SKU-2220-LH,RH,curved,False,27.2,18.3,8.2,2.28,4.08,1.71,R3,R3,11.1,17,38.8,29.1
SKU-2221-LH,Важіль a_shaped LH (R3),SKU-2221-RH,LH,a_shaped,False,49.2,32.4,7.8,3.8,12.43,6.46,R3,R3,8.3,13,49.4,84.0
SKU-2221-RH,Важіль a_shaped RH (R3),SKU-2221-LH,RH,a_shaped,False,49.2,32.4,7.8,3.8,12.43,6.46,R3,R3,8.3,13,49.4,84.0
SKU-2222-LH,Важіль curved LH (R3),SKU-2222-RH,LH,curved,False,37.9,10.6,6.3,2.09,2.53,1.06,R3,R3,12.0,18,37.6,19.1
SKU-2222-RH,Важіль curved RH (R3),SKU-2222-LH,RH,curved,False,37.9,10.6,6.3,2.09,2.53,1.06,R3,R3,12.0,18,37.6,19.1
SKU-2223-LH,Важіль straight_link LH (R3),SKU-2223-RH,LH,straight_link,False,29.3,4.6,5.4,0.76,0.73,0.2,R3,R3,14.3,22,16.7,4.4
SKU-2223-RH,Важіль straight_link RH (R3),SKU-2223-LH,RH,straight_link,False,29.3,4.6,5.4,0.76,0.73,0.2,R3,R3,13.9,21,16.0,4.2
SKU-2224-LH,Важіль a_shaped LH (R3),SKU-2224-RH,LH,a_shaped,False,42.4,30.2,10.0,5.19,12.8,6.66,R3,R3,10.5,16,83.0,106.6
SKU-2224-RH,Важіль a_shaped RH (R3),SKU-2224-LH,RH,a_shaped,False,42.4,30.2,10.0,5.19,12.8,6.66,R3,R3,10.7,17,88.2,113.2
SKU-2225-LH,Важіль curved LH (R3),SKU-2225-RH,LH,curved,True,38.4,12.1,5.3,2.78,2.46,2.58,R3,R3,14.5,22,61.2,56.8
SKU-2225-RH,Важіль curved RH (R3),SKU-2225-LH,RH,curved,True,38.4,12.1,5.3,2.78,2.46,2.58,R3,R3,14.2,22,61.2,56.8
SKU-2226-LH,Важіль a_shaped LH (R3),SKU-2226-RH,LH,a_shaped,False,47.8,37.2,9.0,6.49,16.0,8.32,R3,R3,9.2,14,90.9,116.5
SKU-2226-RH,Важіль a_shaped RH (R3),SKU-2226-LH,RH,a_shaped,False,47.8,37.2,9.0,6.49,16.0,8.32,R3,R3,9.1,14,90.9,116.5
SKU-2227-LH,Важіль a_shaped LH (R3),SKU-2227-RH,LH,a_shaped,False,51.0,37.6,8.5,5.01,16.3,8.48,R3,R3,8.5,13,65.1,110.2
SKU-2227-RH,Важіль a_shaped RH (R3),SKU-2227-LH,RH,a_shaped,False,51.0,37.6,8.5,5.01,16.3,8.48,R3,R3,8.7,14,70.1,118.7
SKU-2228-LH,Важіль trailing LH (R3),SKU-2228-RH,LH,trailing,False,60.6,9.0,8.5,2.2,4.64,1.76,R3,R3,10.8,17,37.4,29.9
SKU-2228-RH,Важіль trailing RH (R3),SKU-2228-LH,RH,trailing,False,60.6,9.0,8.5,2.2,4.64,1.76,R3,R3,11.3,17,37.4,29.9
SKU-2229-LH,Важіль heavy_integral LH (R3),SKU-2229-RH,LH,heavy_integral,False,71.3,18.9,11.6,10.23,15.63,10.63,R3,R3,8.1,13,133.0,138.2
SKU-2229-RH,Важіль heavy_integral RH (R3),SKU-2229-LH,RH,heavy_integral,False,71.3,18.9,11.6,10.23,15.63,10.63,R3,R3,7.8,12,122.8,127.6
SKU-2230-LH,Важіль curved LH (R3),SKU-2230-RH,LH,curved,False,34.0,13.9,5.8,2.28,2.74,1.15,R3,R3,13.7,21,47.9,24.1
SKU-2230-RH,Важіль curved RH (R3),SKU-2230-LH,RH,curved,False,34.0,13.9,5.8,2.28,2.74,1.15,R3,R3,13.4,21,47.9,24.1
SKU-2231-LH,Важіль curved LH (R3),SKU-2231-RH,LH,curved,False,29.2,13.4,6.0,2.05,2.35,0.99,R3,R3,9.8,15,30.7,14.8
SKU-2231-RH,Важіль curved RH (R3),SKU-2231-LH,RH,curved,False,29.2,13.4,6.0,2.05,2.35,0.99,R3,R3,9.8,15,30.7,14.8
SKU-2232-LH,Важіль curved LH (R3),SKU-2232-RH,LH,curved,False,29.1,17.7,9.9,2.61,5.1,2.14,R3,R3,9.8,15,39.1,32.1
SKU-2232-RH,Важіль curved RH (R3),SKU-2232-LH,RH,curved,False,29.1,17.7,9.9,2.61,5.1,2.14,R3,R3,9.7,15,39.1,32.1
SKU-2233-LH,Важіль a_shaped LH (R3),SKU-2233-RH,LH,a_shaped,False,47.9,26.8,8.8,5.86,11.3,5.88,R3,R3,14.2,22,128.9,129.4
SKU-2233-RH,Важіль a_shaped RH (R3),SKU-2233-LH,RH,a_shaped,False,47.9,26.8,8.8,5.86,11.3,5.88,R3,R3,14.5,22,128.9,129.4
SKU-2234-LH,Важіль curved LH (R3),SKU-2234-RH,LH,curved,False,28.6,14.8,8.5,3.31,3.6,1.51,R3,R3,8.6,13,43.0,19.6
SKU-2234-RH,Важіль curved RH (R3),SKU-2234-LH,RH,curved,False,28.6,14.8,8.5,3.31,3.6,1.51,R3,R3,8.4,13,43.0,19.6
SKU-2235-LH,Важіль straight_link LH (R3),SKU-2235-RH,LH,straight_link,False,18.3,5.1,6.9,0.95,0.64,0.18,R3,R3,11.4,18,17.1,3.2
SKU-2235-RH,Важіль straight_link RH (R3),SKU-2235-LH,RH,straight_link,False,18.3,5.1,6.9,0.95,0.64,0.18,R3,R3,11.4,18,17.1,3.2
SKU-2236-LH,Важіль straight_link LH (R3),SKU-2236-RH,LH,straight_link,False,29.7,7.4,5.5,0.79,1.21,0.34,R3,R3,14.7,23,18.2,7.8
SKU-2236-RH,Важіль straight_link RH (R3),SKU-2236-LH,RH,straight_link,False,29.7,7.4,5.5,0.79,1.21,0.34,R3,R3,14.8,23,18.2,7.8
SKU-2237-LH,Важіль trailing LH (R3),SKU-2237-RH,LH,trailing,False,71.3,8.7,8.2,3.74,5.09,1.93,R3,R3,9.9,15,56.1,28.9
SKU-2237-RH,Важіль trailing RH (R3),SKU-2237-LH,RH,trailing,False,71.3,8.7,8.2,3.74,5.09,1.93,R3,R3,10.0,15,56.1,28.9
SKU-2238-LH,Важіль trailing LH (R3),SKU-2238-RH,LH,trailing,False,56.5,6.0,6.8,2.84,2.31,0.88,R3,R3,12.1,19,54.0,16.7
SKU-2238-RH,Важіль trailing RH (R3),SKU-2238-LH,RH,trailing,False,56.5,6.0,6.8,2.84,2.31,0.88,R3,R3,12.8,20,56.8,17.6
SKU-2239-LH,Важіль trailing LH (R3),SKU-2239-RH,LH,trailing,False,57.9,8.4,7.0,2.55,3.4,1.29,R3,R3,9.9,15,38.2,19.4
SKU-2239-RH,Важіль trailing RH (R3),SKU-2239-LH,RH,trailing,False,57.9,8.4,7.0,2.55,3.4,1.29,R3,R3,10.4,16,40.8,20.6
SKU-2240-LH,Важіль straight_link LH (R3),SKU-2240-RH,LH,straight_link,False,24.5,6.5,6.6,0.54,1.05,0.29,R3,R3,16.1,25,13.5,7.2
SKU-2240-RH,Важіль straight_link RH (R3),SKU-2240-LH,RH,straight_link,False,24.5,6.5,6.6,0.54,1.05,0.29,R3,R3,15.4,24,13.0,7.0
SKU-2241-LH,Важіль curved LH (R3),SKU-2241-RH,LH,curved,False,28.0,11.7,9.5,2.45,3.11,1.31,R3,R3,14.5,22,53.9,28.8
SKU-2241-RH,Важіль curved RH (R3),SKU-2241-LH,RH,curved,False,28.0,11.7,9.5,2.45,3.11,1.31,R3,R3,14.4,22,53.9,28.8
SKU-2242-LH,Важіль trailing LH (R3),SKU-2242-RH,LH,trailing,False,52.5,7.6,7.6,2.12,3.03,1.15,R3,R3,8.5,13,27.6,14.9
SKU-2242-RH,Важіль trailing RH (R3),SKU-2242-LH,RH,trailing,False,52.5,7.6,7.6,2.12,3.03,1.15,R3,R3,8.4,13,27.6,14.9
SKU-2243-LH,Важіль curved LH (R3),SKU-2243-RH,LH,curved,False,37.0,19.5,6.8,1.66,4.91,2.06,R3,R3,15.3,23,38.2,47.4
SKU-2243-RH,Важіль curved RH (R3),SKU-2243-LH,RH,curved,False,37.0,19.5,6.8,1.66,4.91,2.06,R3,R3,15.0,23,38.2,47.4
SKU-2244-LH,Важіль straight_link LH (R3),SKU-2244-RH,LH,straight_link,False,28.8,4.8,4.9,0.64,0.68,0.19,R3,R3,15.5,24,15.4,4.6
SKU-2244-RH,Важіль straight_link RH (R3),SKU-2244-LH,RH,straight_link,False,28.8,4.8,4.9,0.64,0.68,0.19,R3,R3,16.0,24,15.4,4.6
SKU-2245-LH,Важіль a_shaped LH (R3),SKU-2245-RH,LH,a_shaped,False,38.4,41.5,14.6,6.43,23.27,12.1,R3,R3,9.8,15,96.4,181.5
SKU-2245-RH,Важіль a_shaped RH (R3),SKU-2245-LH,RH,a_shaped,False,38.4,41.5,14.6,6.43,23.27,12.1,R3,R3,9.9,15,96.4,181.5
SKU-2246-LH,Важіль straight_link LH (R3),SKU-2246-RH,LH,straight_link,False,20.5,6.7,5.2,0.58,0.71,0.2,R3,R3,11.6,18,10.4,3.6
SKU-2246-RH,Важіль straight_link RH (R3),SKU-2246-LH,RH,straight_link,False,20.5,6.7,5.2,0.58,0.71,0.2,R3,R3,11.3,17,9.9,3.4
SKU-2247-LH,Важіль a_shaped LH (R3),SKU-2247-RH,LH,a_shaped,False,51.9,32.4,11.9,4.77,20.01,10.41,R3,R3,11.3,17,81.1,177.0
SKU-2247-RH,Важіль a_shaped RH (R3),SKU-2247-LH,RH,a_shaped,False,51.9,32.4,11.9,4.77,20.01,10.41,R3,R3,11.5,18,85.9,187.4
SKU-2248-LH,Важіль a_shaped LH (R3),SKU-2248-RH,LH,a_shaped,False,48.3,27.4,8.7,5.21,11.51,5.99,R3,R3,8.0,12,62.5,71.9
SKU-2248-RH,Важіль a_shaped RH (R3),SKU-2248-LH,RH,a_shaped,False,48.3,27.4,8.7,5.21,11.51,5.99,R3,R3,8.2,13,67.7,77.9
SKU-2249-LH,Важіль curved LH (R3),SKU-2249-RH,LH,curved,True,30.2,16.2,8.4,3.27,4.11,4.32,R3,R3,13.1,20,65.4,86.4
SKU-2249-RH,Важіль curved RH (R3),SKU-2249-LH,RH,curved,True,30.2,16.2,8.4,3.27,4.11,4.32,R3,R3,13.6,21,68.7,90.7
SKU-2250-LH,Важіль curved LH (R3),SKU-2250-RH,LH,curved,False,29.2,11.6,9.1,2.61,3.08,1.29,R3,R3,14.6,22,57.4,28.4
SKU-2250-RH,Важіль curved RH (R3),SKU-2250-LH,RH,curved,False,29.2,11.6,9.1,2.61,3.08,1.29,R3,R3,14.5,22,57.4,28.4
SKU-2251-LH,Важіль curved LH (R3),SKU-2251-RH,LH,curved,False,34.5,11.4,10.0,2.05,3.93,1.65,R3,R3,14.7,23,47.1,37.9
SKU-2251-RH,Важіль curved RH (R3),SKU-2251-LH,RH,curved,False,34.5,11.4,10.0,2.05,3.93,1.65,R3,R3,14.4,22,45.1,36.3
SKU-2252-LH,Важіль curved LH (R3),SKU-2252-RH,LH,curved,False,33.4,14.4,7.1,2.75,3.41,1.43,R3,R3,14.2,22,60.5,31.5
SKU-2252-RH,Важіль curved RH (R3),SKU-2252-LH,RH,curved,False,33.4,14.4,7.1,2.75,3.41,1.43,R3,R3,13.7,21,57.8,30.0
SKU-2253-LH,Важіль a_shaped LH (R3),SKU-2253-RH,LH,a_shaped,False,48.7,33.6,11.3,6.07,18.49,9.61,R3,R3,13.2,20,121.4,192.2
SKU-2253-RH,Важіль a_shaped RH (R3),SKU-2253-LH,RH,a_shaped,False,48.7,33.6,11.3,6.07,18.49,9.61,R3,R3,13.7,21,127.5,201.8
SKU-2254-LH,Важіль a_shaped LH (R3),SKU-2254-RH,LH,a_shaped,False,51.9,27.9,7.1,6.45,10.28,5.35,R3,R3,10.1,16,103.2,85.6
SKU-2254-RH,Важіль a_shaped RH (R3),SKU-2254-LH,RH,a_shaped,False,51.9,27.9,7.1,6.45,10.28,5.35,R3,R3,10.2,16,103.2,85.6
SKU-2255-LH,Важіль trailing LH (R3),SKU-2255-RH,LH,trailing,False,77.8,7.5,7.8,2.34,4.55,1.73,R3,R3,11.6,18,42.1,31.1
SKU-2255-RH,Важіль trailing RH (R3),SKU-2255-LH,RH,trailing,False,77.8,7.5,7.8,2.34,4.55,1.73,R3,R3,11.1,17,39.8,29.4
SKU-2256-LH,Важіль a_shaped LH (R3),SKU-2256-RH,LH,a_shaped,False,44.1,36.3,14.8,3.78,23.69,12.32,R3,R3,13.0,20,75.6,246.4
SKU-2256-RH,Важіль a_shaped RH (R3),SKU-2256-LH,RH,a_shaped,False,44.1,36.3,14.8,3.78,23.69,12.32,R3,R3,12.6,19,71.8,234.1
SKU-2257-LH,Важіль curved LH (R3),SKU-2257-RH,LH,curved,True,35.0,14.0,5.9,3.13,2.89,3.03,R3,R3,12.6,19,59.5,57.6
SKU-2257-RH,Важіль curved RH (R3),SKU-2257-LH,RH,curved,True,35.0,14.0,5.9,3.13,2.89,3.03,R3,R3,12.5,19,59.5,57.6
SKU-2258-LH,Важіль trailing LH (R3),SKU-2258-RH,LH,trailing,False,52.1,8.1,5.8,4.01,2.45,0.93,R3,R3,9.2,14,56.1,13.0
SKU-2258-RH,Важіль trailing RH (R3),SKU-2258-LH,RH,trailing,False,52.1,8.1,5.8,4.01,2.45,0.93,R3,R3,9.4,15,60.1,14.0
SKU-2259-LH,Важіль curved LH (R3),SKU-2259-RH,LH,curved,False,29.4,17.2,5.5,1.7,2.78,1.17,R3,R3,11.2,17,28.9,19.9
SKU-2259-RH,Важіль curved RH (R3),SKU-2259-LH,RH,curved,False,29.4,17.2,5.5,1.7,2.78,1.17,R3,R3,11.0,17,28.9,19.9
SKU-2260-LH,Важіль straight_link LH (R3),SKU-2260-RH,LH,straight_link,False,25.9,5.3,7.3,0.45,1.0,0.28,R3,R3,13.8,21,9.5,5.9
SKU-2260-RH,Важіль straight_link RH (R3),SKU-2260-LH,RH,straight_link,False,25.9,5.3,7.3,0.45,1.0,0.28,R3,R3,13.7,21,9.5,5.9
SKU-2261-LH,Важіль straight_link LH (R3),SKU-2261-RH,LH,straight_link,False,22.1,6.5,4.3,1.21,0.62,0.17,R3,R3,14.0,21,25.4,3.6
SKU-2261-RH,Важіль straight_link RH (R3),SKU-2261-LH,RH,straight_link,False,22.1,6.5,4.3,1.21,0.62,0.17,R3,R3,13.3,20,24.2,3.4
SKU-2262-LH,Важіль straight_link LH (R3),SKU-2262-RH,LH,straight_link,False,27.5,6.9,4.1,0.42,0.78,0.22,R3,R3,10.7,17,7.1,3.7
SKU-2262-RH,Важіль straight_link RH (R3),SKU-2262-LH,RH,straight_link,False,27.5,6.9,4.1,0.42,0.78,0.22,R3,R3,11.0,17,7.1,3.7
SKU-2263-LH,Важіль a_shaped LH (R3),SKU-2263-RH,LH,a_shaped,False,42.3,39.5,7.0,4.14,11.7,6.08,R3,R3,8.1,13,53.8,79.0
SKU-2263-RH,Важіль a_shaped RH (R3),SKU-2263-LH,RH,a_shaped,False,42.3,39.5,7.0,4.14,11.7,6.08,R3,R3,8.5,13,53.8,79.0
SKU-2264-LH,Важіль trailing LH (R3),SKU-2264-RH,LH,trailing,False,67.8,8.3,8.8,2.36,4.95,1.88,R3,R3,9.3,14,33.0,26.3
SKU-2264-RH,Важіль trailing RH (R3),SKU-2264-LH,RH,trailing,False,67.8,8.3,8.8,2.36,4.95,1.88,R3,R3,9.6,15,35.4,28.2
SKU-2265-LH,Важіль a_shaped LH (R3),SKU-2265-RH,LH,a_shaped,False,49.9,35.7,11.9,5.3,21.2,11.02,R3,R3,8.7,14,74.2,154.3
SKU-2265-RH,Важіль a_shaped RH (R3),SKU-2265-LH,RH,a_shaped,False,49.9,35.7,11.9,5.3,21.2,11.02,R3,R3,9.1,14,74.2,154.3
SKU-2266-LH,Важіль curved LH (R3),SKU-2266-RH,LH,curved,False,40.3,19.9,5.6,2.01,4.49,1.89,R3,R3,7.9,12,24.1,22.7
SKU-2266-RH,Важіль curved RH (R3),SKU-2266-LH,RH,curved,False,40.3,19.9,5.6,2.01,4.49,1.89,R3,R3,7.8,12,24.1,22.7
SKU-2267-LH,Важіль straight_link LH (R3),SKU-2267-RH,LH,straight_link,False,27.5,7.1,6.6,1.34,1.29,0.36,R3,R3,8.1,13,17.4,4.7
SKU-2267-RH,Важіль straight_link RH (R3),SKU-2267-LH,RH,straight_link,False,27.5,7.1,6.6,1.34,1.29,0.36,R3,R3,8.5,13,17.4,4.7
SKU-2268-LH,Важіль straight_link LH (R3),SKU-2268-RH,LH,straight_link,False,21.5,5.2,4.9,0.91,0.55,0.15,R3,R3,11.5,18,16.4,2.7
SKU-2268-RH,Важіль straight_link RH (R3),SKU-2268-LH,RH,straight_link,False,21.5,5.2,4.9,0.91,0.55,0.15,R3,R3,11.7,18,16.4,2.7
SKU-2269-LH,Важіль trailing LH (R3),SKU-2269-RH,LH,trailing,False,58.5,6.8,6.4,3.66,2.55,0.97,R3,R3,14.2,22,80.5,21.3
SKU-2269-RH,Важіль trailing RH (R3),SKU-2269-LH,RH,trailing,False,58.5,6.8,6.4,3.66,2.55,0.97,R3,R3,13.8,21,76.9,20.4
SKU-2270-LH,Важіль trailing LH (R3),SKU-2270-RH,LH,trailing,False,66.8,8.4,7.2,3.13,4.04,1.54,R3,R3,12.7,20,62.6,30.8
SKU-2270-RH,Важіль trailing RH (R3),SKU-2270-LH,RH,trailing,False,66.8,8.4,7.2,3.13,4.04,1.54,R3,R3,12.1,19,59.5,29.3
SKU-2271-LH,Важіль curved LH (R3),SKU-2271-RH,LH,curved,False,28.2,10.8,10.9,3.32,3.32,1.39,R3,R3,8.4,13,43.2,18.1
SKU-2271-RH,Важіль curved RH (R3),SKU-2271-LH,RH,curved,False,28.2,10.8,10.9,3.32,3.32,1.39,R3,R3,8.3,13,43.2,18.1
SKU-2272-LH,Важіль straight_link LH (R3),SKU-2272-RH,LH,straight_link,False,29.6,7.3,6.2,0.75,1.34,0.38,R3,R3,12.6,19,14.2,7.2
SKU-2272-RH,Важіль straight_link RH (R3),SKU-2272-LH,RH,straight_link,False,29.6,7.3,6.2,0.75,1.34,0.38,R3,R3,13.2,20,15.0,7.6
SKU-2273-LH,Важіль trailing LH (R3),SKU-2273-RH,LH,trailing,False,66.5,7.6,6.2,2.17,3.13,1.19,R3,R3,14.5,22,47.7,26.2
SKU-2273-RH,Важіль trailing RH (R3),SKU-2273-LH,RH,trailing,False,66.5,7.6,6.2,2.17,3.13,1.19,R3,R3,14.3,22,47.7,26.2
SKU-2274-LH,Важіль trailing LH (R3),SKU-2274-RH,LH,trailing,False,73.3,6.6,8.4,3.98,4.06,1.54,R3,R3,15.4,24,95.5,37.0
SKU-2274-RH,Важіль trailing RH (R3),SKU-2274-LH,RH,trailing,False,73.3,6.6,8.4,3.98,4.06,1.54,R3,R3,15.2,23,91.5,35.4
SKU-2275-LH,Важіль trailing LH (R3),SKU-2275-RH,LH,trailing,False,60.7,6.9,7.4,3.1,3.1,1.18,R3,R3,14.4,22,68.2,26.0
SKU-2275-RH,Важіль trailing RH (R3),SKU-2275-LH,RH,trailing,False,60.7,6.9,7.4,3.1,3.1,1.18,R3,R3,15.1,23,71.3,27.1
SKU-2276-LH,Важіль trailing LH (R3),SKU-2276-RH,LH,trailing,False,71.7,10.4,7.9,4.05,5.89,2.24,R3,R3,10.7,17,68.8,38.1
SKU-2276-RH,Важіль trailing RH (R3),SKU-2276-LH,RH,trailing,False,71.7,10.4,7.9,4.05,5.89,2.24,R3,R3,10.2,16,64.8,35.8
SKU-2277-LH,Важіль curved LH (R3),SKU-2277-RH,LH,curved,True,29.8,11.2,6.6,1.92,2.2,2.31,R3,R3,8.5,13,25.0,30.0
SKU-2277-RH,Важіль curved RH (R3),SKU-2277-LH,RH,curved,True,29.8,11.2,6.6,1.92,2.2,2.31,R3,R3,7.9,12,23.0,27.7
SKU-2278-LH,Важіль a_shaped LH (R3),SKU-2278-RH,LH,a_shaped,False,38.4,40.6,14.1,5.69,21.98,11.43,R3,R3,12.8,20,113.8,228.6
SKU-2278-RH,Важіль a_shaped RH (R3),SKU-2278-LH,RH,a_shaped,False,38.4,40.6,14.1,5.69,21.98,11.43,R3,R3,13.9,21,119.5,240.0
SKU-2279-LH,Важіль curved LH (R3),SKU-2279-RH,LH,curved,False,40.3,17.9,7.1,3.21,5.12,2.15,R3,R3,10.4,16,51.4,34.4
SKU-2279-RH,Важіль curved RH (R3),SKU-2279-LH,RH,curved,False,40.3,17.9,7.1,3.21,5.12,2.15,R3,R3,10.0,15,48.1,32.2
SKU-2280-LH,Важіль straight_link LH (R3),SKU-2280-RH,LH,straight_link,False,20.0,4.8,6.0,1.16,0.58,0.16,R3,R3,12.7,20,23.2,3.2
SKU-2280-RH,Важіль straight_link RH (R3),SKU-2280-LH,RH,straight_link,False,20.0,4.8,6.0,1.16,0.58,0.16,R3,R3,12.4,19,22.0,3.0
SKU-2281-LH,Важіль straight_link LH (R3),SKU-2281-RH,LH,straight_link,False,31.8,6.8,5.6,1.3,1.21,0.34,R3,R3,11.3,17,22.1,5.8
SKU-2281-RH,Важіль straight_link RH (R3),SKU-2281-LH,RH,straight_link,False,31.8,6.8,5.6,1.3,1.21,0.34,R3,R3,11.3,17,22.1,5.8
SKU-2282-LH,Важіль curved LH (R3),SKU-2282-RH,LH,curved,False,38.4,16.3,6.9,2.06,4.32,1.81,R3,R3,8.4,13,26.8,23.5
SKU-2282-RH,Важіль curved RH (R3),SKU-2282-LH,RH,curved,False,38.4,16.3,6.9,2.06,4.32,1.81,R3,R3,8.1,13,26.8,23.5
SKU-2283-LH,Важіль trailing LH (R3),SKU-2283-RH,LH,trailing,False,69.0,9.4,8.0,3.16,5.19,1.97,R3,R3,15.7,24,75.8,47.3
SKU-2283-RH,Важіль trailing RH (R3),SKU-2283-LH,RH,trailing,False,69.0,9.4,8.0,3.16,5.19,1.97,R3,R3,15.5,24,75.8,47.3
SKU-2284-LH,Важіль a_shaped LH (R3),SKU-2284-RH,LH,a_shaped,False,40.9,41.7,9.2,4.25,15.69,8.16,R3,R3,11.1,17,72.2,138.7
SKU-2284-RH,Важіль a_shaped RH (R3),SKU-2284-LH,RH,a_shaped,False,40.9,41.7,9.2,4.25,15.69,8.16,R3,R3,12.0,18,76.5,146.9
SKU-2285-LH,Важіль curved LH (R3),SKU-2285-RH,LH,curved,False,34.9,17.9,8.0,1.66,5.0,2.1,R3,R3,13.1,20,33.2,42.0
SKU-2285-RH,Важіль curved RH (R3),SKU-2285-LH,RH,curved,False,34.9,17.9,8.0,1.66,5.0,2.1,R3,R3,12.8,20,33.2,42.0
SKU-2286-LH,Важіль heavy_integral LH (R3),SKU-2286-RH,LH,heavy_integral,False,57.3,18.2,11.3,7.8,11.78,8.01,R3,R3,15.2,23,179.4,184.2
SKU-2286-RH,Важіль heavy_integral RH (R3),SKU-2286-LH,RH,heavy_integral,False,57.3,18.2,11.3,7.8,11.78,8.01,R3,R3,14.6,22,171.6,176.2
SKU-2287-LH,Важіль a_shaped LH (R3),SKU-2287-RH,LH,a_shaped,False,47.5,29.9,8.3,6.71,11.79,6.13,R3,R3,13.4,21,140.9,128.7
SKU-2287-RH,Важіль a_shaped RH (R3),SKU-2287-LH,RH,a_shaped,False,47.5,29.9,8.3,6.71,11.79,6.13,R3,R3,12.8,20,134.2,122.6
SKU-2288-LH,Важіль trailing LH (R3),SKU-2288-RH,LH,trailing,False,57.8,7.3,7.0,2.77,2.95,1.12,R3,R3,9.2,14,38.8,15.7
SKU-2288-RH,Важіль trailing RH (R3),SKU-2288-LH,RH,trailing,False,57.8,7.3,7.0,2.77,2.95,1.12,R3,R3,9.0,14,38.8,15.7
SKU-2289-LH,Важіль curved LH (R3),SKU-2289-RH,LH,curved,False,33.9,11.1,6.0,1.78,2.26,0.95,R3,R3,12.5,19,33.8,18.1
SKU-2289-RH,Важіль curved RH (R3),SKU-2289-LH,RH,curved,False,33.9,11.1,6.0,1.78,2.26,0.95,R3,R3,13.2,20,35.6,19.0
SKU-2290-LH,Важіль straight_link LH (R3),SKU-2290-RH,LH,straight_link,True,21.5,7.1,6.5,0.47,0.99,1.04,R3,R3,14.6,22,10.3,22.9
SKU-2290-RH,Важіль straight_link RH (R3),SKU-2290-LH,RH,straight_link,True,21.5,7.1,6.5,0.47,0.99,1.04,R3,R3,15.0,23,10.8,23.9
SKU-2291-LH,Важіль trailing LH (R3),SKU-2291-RH,LH,trailing,False,69.7,11.0,5.9,3.41,4.52,1.72,R3,R3,11.3,17,58.0,29.2
SKU-2291-RH,Важіль trailing RH (R3),SKU-2291-LH,RH,trailing,False,69.7,11.0,5.9,3.41,4.52,1.72,R3,R3,11.2,17,58.0,29.2
SKU-2292-LH,Важіль heavy_integral LH (R3),SKU-2292-RH,LH,heavy_integral,False,70.8,21.7,14.4,6.34,22.12,15.04,R3,R3,12.2,19,120.5,285.8
SKU-2292-RH,Важіль heavy_integral RH (R3),SKU-2292-LH,RH,heavy_integral,False,70.8,21.7,14.4,6.34,22.12,15.04,R3,R3,11.7,18,114.1,270.7
SKU-2293-LH,Важіль curved LH (R3),SKU-2293-RH,LH,curved,False,38.5,19.4,8.1,3.14,6.05,2.54,R3,R3,11.5,18,56.5,45.7
SKU-2293-RH,Важіль curved RH (R3),SKU-2293-LH,RH,curved,False,38.5,19.4,8.1,3.14,6.05,2.54,R3,R3,10.9,17,53.4,43.2
SKU-2294-LH,Важіль trailing LH (R3),SKU-2294-RH,LH,trailing,False,53.4,10.0,6.7,2.58,3.58,1.36,R3,R3,10.2,16,41.3,21.8
SKU-2294-RH,Важіль trailing RH (R3),SKU-2294-LH,RH,trailing,False,53.4,10.0,6.7,2.58,3.58,1.36,R3,R3,10.1,16,41.3,21.8
SKU-2295-LH,Важіль curved LH (R3),SKU-2295-RH,LH,curved,False,35.9,15.7,7.3,3.25,4.11,1.73,R3,R3,8.9,14,45.5,24.2
SKU-2295-RH,Важіль curved RH (R3),SKU-2295-LH,RH,curved,False,35.9,15.7,7.3,3.25,4.11,1.73,R3,R3,8.9,14,45.5,24.2
SKU-2296-LH,Важіль heavy_integral LH (R3),SKU-2296-RH,LH,heavy_integral,False,64.6,21.2,11.1,8.41,15.2,10.34,R3,R3,9.7,15,126.2,155.1
SKU-2296-RH,Важіль heavy_integral RH (R3),SKU-2296-LH,RH,heavy_integral,False,64.6,21.2,11.1,8.41,15.2,10.34,R3,R3,9.6,15,126.2,155.1
SKU-2297-LH,Важіль trailing LH (R3),SKU-2297-RH,LH,trailing,False,63.1,9.1,7.9,3.53,4.54,1.73,R3,R3,11.7,18,63.5,31.1
SKU-2297-RH,Важіль trailing RH (R3),SKU-2297-LH,RH,trailing,False,63.1,9.1,7.9,3.53,4.54,1.73,R3,R3,11.6,18,63.5,31.1
SKU-2298-LH,Важіль trailing LH (R3),SKU-2298-RH,LH,trailing,False,64.9,10.2,8.5,2.46,5.63,2.14,R3,R3,9.2,14,34.4,30.0
SKU-2298-RH,Важіль trailing RH (R3),SKU-2298-LH,RH,trailing,False,64.9,10.2,8.5,2.46,5.63,2.14,R3,R3,8.9,14,34.4,30.0
SKU-2299-LH,Важіль a_shaped LH (R3),SKU-2299-RH,LH,a_shaped,True,50.2,29.6,14.4,5.9,21.4,22.47,R3,R3,13.8,21,123.9,471.9
SKU-2299-RH,Важіль a_shaped RH (R3),SKU-2299-LH,RH,a_shaped,True,50.2,29.6,14.4,5.9,21.4,22.47,R3,R3,13.8,21,123.9,471.9
SKU-2300-LH,Важіль a_shaped LH (R3),SKU-2300-RH,LH,a_shaped,False,38.8,30.9,9.6,4.11,11.51,5.99,R3,R3,9.9,15,61.7,89.9
SKU-2300-RH,Важіль a_shaped RH (R3),SKU-2300-LH,RH,a_shaped,False,38.8,30.9,9.6,4.11,11.51,5.99,R3,R3,9.4,15,61.7,89.9
SKU-2301-LH,Важіль curved LH (R3),SKU-2301-RH,LH,curved,True,36.1,21.7,7.0,1.81,5.48,5.75,R3,R3,13.0,20,36.2,115.0
SKU-2301-RH,Важіль curved RH (R3),SKU-2301-LH,RH,curved,True,36.1,21.7,7.0,1.81,5.48,5.75,R3,R3,12.8,20,36.2,115.0
SKU-2302-LH,Важіль a_shaped LH (R3),SKU-2302-RH,LH,a_shaped,False,41.0,34.7,7.7,5.77,10.95,5.69,R3,R3,14.3,22,126.9,125.2
SKU-2302-RH,Важіль a_shaped RH (R3),SKU-2302-LH,RH,a_shaped,False,41.0,34.7,7.7,5.77,10.95,5.69,R3,R3,13.5,21,121.2,119.5
SKU-2303-LH,Важіль a_shaped LH (R3),SKU-2303-RH,LH,a_shaped,True,44.7,37.3,13.3,4.22,22.18,23.29,R3,R3,10.1,16,67.5,372.6
SKU-2303-RH,Важіль a_shaped RH (R3),SKU-2303-LH,RH,a_shaped,True,44.7,37.3,13.3,4.22,22.18,23.29,R3,R3,10.0,15,63.3,349.3
SKU-2304-LH,Важіль curved LH (R3),SKU-2304-RH,LH,curved,False,33.6,19.6,8.5,2.99,5.6,2.35,R3,R3,10.9,17,50.8,40.0
SKU-2304-RH,Важіль curved RH (R3),SKU-2304-LH,RH,curved,False,33.6,19.6,8.5,2.99,5.6,2.35,R3,R3,10.5,16,47.8,37.6
SKU-2305-LH,Важіль curved LH (R3),SKU-2305-RH,LH,curved,False,29.4,15.7,6.9,2.08,3.18,1.34,R3,R3,15.3,23,47.8,30.8
SKU-2305-RH,Важіль curved RH (R3),SKU-2305-LH,RH,curved,False,29.4,15.7,6.9,2.08,3.18,1.34,R3,R3,16.1,25,52.0,33.5
SKU-2306-LH,Важіль curved LH (R3),SKU-2306-RH,LH,curved,False,26.3,18.4,6.5,1.67,3.15,1.32,R3,R3,11.6,18,30.1,23.8
SKU-2306-RH,Важіль curved RH (R3),SKU-2306-LH,RH,curved,False,26.3,18.4,6.5,1.67,3.15,1.32,R3,R3,10.8,17,28.4,22.4
SKU-2307-LH,Важіль trailing LH (R3),SKU-2307-RH,LH,trailing,False,65.0,10.4,5.3,3.53,3.58,1.36,R3,R3,13.6,21,74.1,28.6
SKU-2307-RH,Важіль trailing RH (R3),SKU-2307-LH,RH,trailing,False,65.0,10.4,5.3,3.53,3.58,1.36,R3,R3,13.9,21,74.1,28.6
SKU-2308-LH,Важіль trailing LH (R3),SKU-2308-RH,LH,trailing,False,53.1,8.4,6.6,2.75,2.94,1.12,R3,R3,11.5,18,49.5,20.2
SKU-2308-RH,Важіль trailing RH (R3),SKU-2308-LH,RH,trailing,False,53.1,8.4,6.6,2.75,2.94,1.12,R3,R3,11.5,18,49.5,20.2
SKU-2309-LH,Важіль trailing LH (R3),SKU-2309-RH,LH,trailing,False,54.3,10.6,6.9,3.41,3.97,1.51,R3,R3,14.5,22,75.0,33.2
SKU-2309-RH,Важіль trailing RH (R3),SKU-2309-LH,RH,trailing,False,54.3,10.6,6.9,3.41,3.97,1.51,R3,R3,14.6,22,75.0,33.2
SKU-2310-LH,Важіль straight_link LH (R3),SKU-2310-RH,LH,straight_link,False,23.2,7.2,6.9,0.51,1.15,0.32,R3,R3,8.8,14,7.1,4.5
SKU-2310-RH,Важіль straight_link RH (R3),SKU-2310-LH,RH,straight_link,False,23.2,7.2,6.9,0.51,1.15,0.32,R3,R3,8.6,13,6.6,4.2
SKU-2311-LH,Важіль straight_link LH (R3),SKU-2311-RH,LH,straight_link,False,20.0,5.8,4.0,0.72,0.46,0.13,R3,R3,13.4,21,15.1,2.7
SKU-2311-RH,Важіль straight_link RH (R3),SKU-2311-LH,RH,straight_link,False,20.0,5.8,4.0,0.72,0.46,0.13,R3,R3,13.9,21,15.1,2.7
SKU-2312-LH,Важіль heavy_integral LH (R3),SKU-2312-RH,LH,heavy_integral,False,61.5,16.5,16.8,10.12,17.05,11.59,R3,R3,14.1,22,222.6,255.0
SKU-2312-RH,Важіль heavy_integral RH (R3),SKU-2312-LH,RH,heavy_integral,False,61.5,16.5,16.8,10.12,17.05,11.59,R3,R3,15.1,23,232.8,266.6
SKU-2313-LH,Важіль curved LH (R3),SKU-2313-RH,LH,curved,False,37.6,20.9,6.4,3.23,5.03,2.11,R3,R3,10.9,17,54.9,35.9
SKU-2313-RH,Важіль curved RH (R3),SKU-2313-LH,RH,curved,False,37.6,20.9,6.4,3.23,5.03,2.11,R3,R3,10.3,16,51.7,33.8
SKU-2314-LH,Важіль straight_link LH (R3),SKU-2314-RH,LH,straight_link,False,18.7,6.5,5.9,0.88,0.72,0.2,R3,R3,9.9,15,13.2,3.0
SKU-2314-RH,Важіль straight_link RH (R3),SKU-2314-LH,RH,straight_link,False,18.7,6.5,5.9,0.88,0.72,0.2,R3,R3,9.5,15,13.2,3.0
SKU-2315-LH,Важіль straight_link LH (R3),SKU-2315-RH,LH,straight_link,False,21.5,7.3,4.1,0.6,0.64,0.18,R3,R3,9.9,15,9.0,2.7
SKU-2315-RH,Важіль straight_link RH (R3),SKU-2315-LH,RH,straight_link,False,21.5,7.3,4.1,0.6,0.64,0.18,R3,R3,9.7,15,9.0,2.7
SKU-2316-LH,Важіль straight_link LH (R3),SKU-2316-RH,LH,straight_link,False,30.2,6.5,6.0,0.49,1.18,0.33,R3,R3,13.2,20,9.8,6.6
SKU-2316-RH,Важіль straight_link RH (R3),SKU-2316-LH,RH,straight_link,False,30.2,6.5,6.0,0.49,1.18,0.33,R3,R3,13.9,21,10.3,6.9
SKU-2317-LH,Важіль a_shaped LH (R3),SKU-2317-RH,LH,a_shaped,False,42.7,31.6,13.9,4.0,18.76,9.76,R3,R3,12.2,19,76.0,185.4
SKU-2317-RH,Важіль a_shaped RH (R3),SKU-2317-LH,RH,a_shaped,False,42.7,31.6,13.9,4.0,18.76,9.76,R3,R3,12.7,20,80.0,195.2
SKU-2318-LH,Важіль straight_link LH (R3),SKU-2318-RH,LH,straight_link,False,24.1,5.7,7.2,0.92,0.99,0.28,R3,R3,12.0,18,16.6,5.0
SKU-2318-RH,Важіль straight_link RH (R3),SKU-2318-LH,RH,straight_link,False,24.1,5.7,7.2,0.92,0.99,0.28,R3,R3,12.1,19,17.5,5.3
SKU-2319-LH,Важіль a_shaped LH (R3),SKU-2319-RH,LH,a_shaped,False,49.1,33.0,7.6,6.12,12.31,6.4,R3,R3,10.7,17,104.0,108.8
SKU-2319-RH,Важіль a_shaped RH (R3),SKU-2319-LH,RH,a_shaped,False,49.1,33.0,7.6,6.12,12.31,6.4,R3,R3,11.1,17,104.0,108.8
SKU-2320-LH,Важіль a_shaped LH (R3),SKU-2320-RH,LH,a_shaped,False,50.2,41.3,13.9,3.61,28.82,14.99,R3,R3,11.3,17,61.4,254.8
SKU-2320-RH,Важіль a_shaped RH (R3),SKU-2320-LH,RH,a_shaped,False,50.2,41.3,13.9,3.61,28.82,14.99,R3,R3,10.9,17,61.4,254.8
SKU-2321-LH,Важіль a_shaped LH (R3),SKU-2321-RH,LH,a_shaped,False,45.7,31.8,14.2,5.21,20.64,10.73,R3,R3,12.2,19,99.0,203.9
SKU-2321-RH,Важіль a_shaped RH (R3),SKU-2321-LH,RH,a_shaped,False,45.7,31.8,14.2,5.21,20.64,10.73,R3,R3,11.7,18,93.8,193.1
SKU-2322-LH,Важіль straight_link LH (R3),SKU-2322-RH,LH,straight_link,False,25.2,6.8,6.7,1.19,1.15,0.32,R3,R3,13.4,21,25.0,6.7
SKU-2322-RH,Важіль straight_link RH (R3),SKU-2322-LH,RH,straight_link,False,25.2,6.8,6.7,1.19,1.15,0.32,R3,R3,14.1,22,26.2,7.0
SKU-2323-LH,Важіль trailing LH (R3),SKU-2323-RH,LH,trailing,False,57.0,6.7,8.9,3.92,3.4,1.29,R3,R3,15.6,24,94.1,31.0
SKU-2323-RH,Важіль trailing RH (R3),SKU-2323-LH,RH,trailing,False,57.0,6.7,8.9,3.92,3.4,1.29,R3,R3,15.2,23,90.2,29.7
SKU-2324-LH,Важіль a_shaped LH (R3),SKU-2324-RH,LH,a_shaped,False,44.7,26.8,13.0,5.22,15.57,8.1,R3,R3,13.2,20,104.4,162.0
SKU-2324-RH,Важіль a_shaped RH (R3),SKU-2324-LH,RH,a_shaped,False,44.7,26.8,13.0,5.22,15.57,8.1,R3,R3,13.2,20,104.4,162.0
SKU-2325-LH,Важіль straight_link LH (R3),SKU-2325-RH,LH,straight_link,False,21.9,4.6,4.7,1.37,0.47,0.13,R3,R3,9.1,14,19.2,1.8
SKU-2325-RH,Важіль straight_link RH (R3),SKU-2325-LH,RH,straight_link,False,21.9,4.6,4.7,1.37,0.47,0.13,R3,R3,9.3,14,19.2,1.8
SKU-2326-LH,Важіль trailing LH (R3),SKU-2326-RH,LH,trailing,False,56.0,10.0,8.1,2.6,4.54,1.73,R3,R3,10.7,17,44.2,29.4
SKU-2326-RH,Важіль trailing RH (R3),SKU-2326-LH,RH,trailing,False,56.0,10.0,8.1,2.6,4.54,1.73,R3,R3,10.6,16,41.6,27.7
SKU-2327-LH,Важіль straight_link LH (R3),SKU-2327-RH,LH,straight_link,False,19.2,5.5,6.0,0.59,0.63,0.18,R3,R3,11.7,18,10.6,3.2
SKU-2327-RH,Важіль straight_link RH (R3),SKU-2327-LH,RH,straight_link,False,19.2,5.5,6.0,0.59,0.63,0.18,R3,R3,11.4,18,10.6,3.2
SKU-2328-LH,Важіль a_shaped LH (R3),SKU-2328-RH,LH,a_shaped,False,49.4,31.2,13.7,3.93,21.12,10.98,R3,R3,14.3,22,86.5,241.6
SKU-2328-RH,Важіль a_shaped RH (R3),SKU-2328-LH,RH,a_shaped,False,49.4,31.2,13.7,3.93,21.12,10.98,R3,R3,14.2,22,86.5,241.6
SKU-2329-LH,Важіль a_shaped LH (R3),SKU-2329-RH,LH,a_shaped,False,43.6,40.5,9.9,4.52,17.48,9.09,R3,R3,12.0,18,81.4,163.6
SKU-2329-RH,Важіль a_shaped RH (R3),SKU-2329-LH,RH,a_shaped,False,43.6,40.5,9.9,4.52,17.48,9.09,R3,R3,11.9,18,81.4,163.6
SKU-2330-LH,Важіль a_shaped LH (R3),SKU-2330-RH,LH,a_shaped,False,48.2,39.6,14.8,4.45,28.25,14.69,R3,R3,13.6,21,93.5,308.5
SKU-2330-RH,Важіль a_shaped RH (R3),SKU-2330-LH,RH,a_shaped,False,48.2,39.6,14.8,4.45,28.25,14.69,R3,R3,13.9,21,93.5,308.5
SKU-2331-LH,Важіль straight_link LH (R3),SKU-2331-RH,LH,straight_link,False,31.9,6.6,7.3,1.23,1.54,0.43,R3,R3,15.6,24,29.5,10.3
SKU-2331-RH,Важіль straight_link RH (R3),SKU-2331-LH,RH,straight_link,False,31.9,6.6,7.3,1.23,1.54,0.43,R3,R3,15.2,23,28.3,9.9
SKU-2332-LH,Важіль trailing LH (R3),SKU-2332-RH,LH,trailing,False,61.6,6.1,7.1,3.16,2.67,1.01,R3,R3,12.7,20,63.2,20.2
SKU-2332-RH,Важіль trailing RH (R3),SKU-2332-LH,RH,trailing,False,61.6,6.1,7.1,3.16,2.67,1.01,R3,R3,12.6,19,60.0,19.2
SKU-2333-LH,Важіль trailing LH (R3),SKU-2333-RH,LH,trailing,False,61.6,8.1,6.4,3.78,3.19,1.21,R3,R3,12.3,19,71.8,23.0
SKU-2333-RH,Важіль trailing RH (R3),SKU-2333-LH,RH,trailing,False,61.6,8.1,6.4,3.78,3.19,1.21,R3,R3,12.5,19,71.8,23.0
SKU-2334-LH,Важіль curved LH (R3),SKU-2334-RH,LH,curved,False,28.1,18.6,7.6,2.13,3.97,1.67,R3,R3,8.4,13,27.7,21.7
SKU-2334-RH,Важіль curved RH (R3),SKU-2334-LH,RH,curved,False,28.1,18.6,7.6,2.13,3.97,1.67,R3,R3,8.3,13,27.7,21.7
SKU-2335-LH,Важіль straight_link LH (R3),SKU-2335-RH,LH,straight_link,False,27.7,6.7,4.9,0.45,0.91,0.25,R3,R3,14.2,22,9.9,5.5
SKU-2335-RH,Важіль straight_link RH (R3),SKU-2335-LH,RH,straight_link,False,27.7,6.7,4.9,0.45,0.91,0.25,R3,R3,15.3,23,10.3,5.8
SKU-2336-LH,Важіль trailing LH (R3),SKU-2336-RH,LH,trailing,False,60.4,7.2,5.0,2.59,2.17,0.82,R3,R3,9.2,14,36.3,11.5
SKU-2336-RH,Важіль trailing RH (R3),SKU-2336-LH,RH,trailing,False,60.4,7.2,5.0,2.59,2.17,0.82,R3,R3,8.9,14,36.3,11.5
SKU-2337-LH,Важіль trailing LH (R3),SKU-2337-RH,LH,trailing,False,67.3,7.5,5.1,2.18,2.57,0.98,R3,R3,8.4,13,28.3,12.7
SKU-2337-RH,Важіль trailing RH (R3),SKU-2337-LH,RH,trailing,False,67.3,7.5,5.1,2.18,2.57,0.98,R3,R3,8.1,13,28.3,12.7
SKU-2338-LH,Важіль a_shaped LH (R3),SKU-2338-RH,LH,a_shaped,False,42.9,33.2,11.1,5.88,15.81,8.22,R3,R3,9.9,15,88.2,123.3
SKU-2338-RH,Важіль a_shaped RH (R3),SKU-2338-LH,RH,a_shaped,False,42.9,33.2,11.1,5.88,15.81,8.22,R3,R3,10.2,16,94.1,131.5
SKU-2339-LH,Важіль trailing LH (R3),SKU-2339-RH,LH,trailing,False,63.5,9.2,7.0,3.4,4.09,1.55,R3,R3,12.6,19,64.6,29.4
SKU-2339-RH,Важіль trailing RH (R3),SKU-2339-LH,RH,trailing,False,63.5,9.2,7.0,3.4,4.09,1.55,R3,R3,12.6,19,64.6,29.4
SKU-2340-LH,Важіль curved LH (R3),SKU-2340-RH,LH,curved,False,36.9,20.5,7.6,2.34,5.75,2.42,R3,R3,14.2,22,51.5,53.2
SKU-2340-RH,Важіль curved RH (R3),SKU-2340-LH,RH,curved,False,36.9,20.5,7.6,2.34,5.75,2.42,R3,R3,13.6,21,49.1,50.8
SKU-2341-LH,Важіль trailing LH (R3),SKU-2341-RH,LH,trailing,False,52.8,9.7,8.0,4.1,4.1,1.56,R3,R3,8.5,13,53.3,20.3
SKU-2341-RH,Важіль trailing RH (R3),SKU-2341-LH,RH,trailing,False,52.8,9.7,8.0,4.1,4.1,1.56,R3,R3,8.4,13,53.3,20.3
SKU-2342-LH,Важіль a_shaped LH (R3),SKU-2342-RH,LH,a_shaped,False,37.4,35.0,10.8,3.93,14.14,7.35,R3,R3,13.1,20,78.6,147.0
SKU-2342-RH,Важіль a_shaped RH (R3),SKU-2342-LH,RH,a_shaped,False,37.4,35.0,10.8,3.93,14.14,7.35,R3,R3,13.2,20,78.6,147.0
SKU-2343-LH,Важіль curved LH (R3),SKU-2343-RH,LH,curved,False,32.6,21.4,10.2,2.13,7.12,2.99,R3,R3,9.2,14,29.8,41.9
SKU-2343-RH,Важіль curved RH (R3),SKU-2343-LH,RH,curved,False,32.6,21.4,10.2,2.13,7.12,2.99,R3,R3,9.2,14,29.8,41.9
SKU-2344-LH,Важіль a_shaped LH (R3),SKU-2344-RH,LH,a_shaped,False,45.3,38.0,11.1,3.94,19.11,9.94,R3,R3,14.6,22,86.7,218.7
SKU-2344-RH,Важіль a_shaped RH (R3),SKU-2344-LH,RH,a_shaped,False,45.3,38.0,11.1,3.94,19.11,9.94,R3,R3,15.4,24,94.6,238.6
SKU-2345-LH,Важіль trailing LH (R3),SKU-2345-RH,LH,trailing,False,76.9,6.5,5.9,2.2,2.95,1.12,R3,R3,14.0,21,46.2,23.5
SKU-2345-RH,Важіль trailing RH (R3),SKU-2345-LH,RH,trailing,False,76.9,6.5,5.9,2.2,2.95,1.12,R3,R3,13.6,21,46.2,23.5
SKU-2346-LH,Важіль heavy_integral LH (R3),SKU-2346-RH,LH,heavy_integral,False,68.9,22.3,16.8,7.48,25.81,17.55,R3,R3,11.2,17,127.2,298.4
SKU-2346-RH,Важіль heavy_integral RH (R3),SKU-2346-LH,RH,heavy_integral,False,68.9,22.3,16.8,7.48,25.81,17.55,R3,R3,11.2,17,127.2,298.4
SKU-2347-LH,Важіль heavy_integral LH (R3),SKU-2347-RH,LH,heavy_integral,False,78.9,17.3,16.6,7.96,22.66,15.41,R3,R3,15.9,24,191.0,369.8
SKU-2347-RH,Важіль heavy_integral RH (R3),SKU-2347-LH,RH,heavy_integral,False,78.9,17.3,16.6,7.96,22.66,15.41,R3,R3,16.0,24,191.0,369.8
SKU-2348-LH,Важіль curved LH (R3),SKU-2348-RH,LH,curved,False,31.1,10.9,10.4,3.04,3.53,1.48,R3,R3,9.3,14,42.6,20.7
SKU-2348-RH,Важіль curved RH (R3),SKU-2348-LH,RH,curved,False,31.1,10.9,10.4,3.04,3.53,1.48,R3,R3,9.2,14,42.6,20.7
SKU-2349-LH,Важіль trailing LH (R3),SKU-2349-RH,LH,trailing,False,58.6,10.3,7.8,3.25,4.71,1.79,R3,R3,12.5,19,61.8,34.0
SKU-2349-RH,Важіль trailing RH (R3),SKU-2349-LH,RH,trailing,False,58.6,10.3,7.8,3.25,4.71,1.79,R3,R3,12.8,20,65.0,35.8
SKU-2350-LH,Важіль trailing LH (R3),SKU-2350-RH,LH,trailing,False,57.4,9.3,8.6,2.95,4.59,1.74,R3,R3,9.8,15,44.2,26.1
SKU-2350-RH,Важіль trailing RH (R3),SKU-2350-LH,RH,trailing,False,57.4,9.3,8.6,2.95,4.59,1.74,R3,R3,9.9,15,44.2,26.1
SKU-2351-LH,Важіль curved LH (R3),SKU-2351-RH,LH,curved,False,39.9,16.4,9.5,1.85,6.22,2.61,R3,R3,10.7,17,31.5,44.4
SKU-2351-RH,Важіль curved RH (R3),SKU-2351-LH,RH,curved,False,39.9,16.4,9.5,1.85,6.22,2.61,R3,R3,10.8,17,31.5,44.4
SKU-2352-LH,Важіль heavy_integral LH (R3),SKU-2352-RH,LH,heavy_integral,False,78.0,17.3,11.4,7.74,15.38,10.46,R3,R3,10.4,16,123.8,167.4
SKU-2352-RH,Важіль heavy_integral RH (R3),SKU-2352-LH,RH,heavy_integral,False,78.0,17.3,11.4,7.74,15.38,10.46,R3,R3,10.7,17,131.6,177.8
SKU-2353-LH,Важіль a_shaped LH (R3),SKU-2353-RH,LH,a_shaped,False,46.5,39.4,11.2,4.27,20.52,10.67,R3,R3,12.3,19,81.1,202.7
SKU-2353-RH,Важіль a_shaped RH (R3),SKU-2353-LH,RH,a_shaped,False,46.5,39.4,11.2,4.27,20.52,10.67,R3,R3,12.4,19,81.1,202.7
SKU-2354-LH,Важіль a_shaped LH (R3),SKU-2354-RH,LH,a_shaped,False,41.9,31.8,14.7,5.02,19.59,10.19,R3,R3,14.3,22,110.4,224.2
SKU-2354-RH,Важіль a_shaped RH (R3),SKU-2354-LH,RH,a_shaped,False,41.9,31.8,14.7,5.02,19.59,10.19,R3,R3,13.8,21,105.4,214.0
SKU-2355-LH,Важіль straight_link LH (R3),SKU-2355-RH,LH,straight_link,False,30.5,5.7,7.3,0.61,1.27,0.36,R3,R3,8.9,14,8.5,5.0
SKU-2355-RH,Важіль straight_link RH (R3),SKU-2355-LH,RH,straight_link,False,30.5,5.7,7.3,0.61,1.27,0.36,R3,R3,8.8,14,8.5,5.0
SKU-2356-LH,Важіль trailing LH (R3),SKU-2356-RH,LH,trailing,False,69.7,10.7,8.3,3.87,6.19,2.35,R3,R3,12.4,19,73.5,44.6
SKU-2356-RH,Важіль trailing RH (R3),SKU-2356-LH,RH,trailing,False,69.7,10.7,8.3,3.87,6.19,2.35,R3,R3,13.0,20,77.4,47.0
SKU-2357-LH,Важіль curved LH (R3),SKU-2357-RH,LH,curved,False,34.6,15.4,8.4,2.45,4.48,1.88,R3,R3,8.6,13,31.9,24.4
SKU-2357-RH,Важіль curved RH (R3),SKU-2357-LH,RH,curved,False,34.6,15.4,8.4,2.45,4.48,1.88,R3,R3,8.3,13,31.9,24.4
SKU-2358-LH,Важіль a_shaped LH (R3),SKU-2358-RH,LH,a_shaped,False,38.2,26.1,9.0,5.85,8.97,4.66,R3,R3,9.1,14,81.9,65.2
SKU-2358-RH,Важіль a_shaped RH (R3),SKU-2358-LH,RH,a_shaped,False,38.2,26.1,9.0,5.85,8.97,4.66,R3,R3,8.6,13,76.0,60.6
SKU-2359-LH,Важіль curved LH (R3),SKU-2359-RH,LH,curved,False,28.9,10.2,9.6,3.18,2.83,1.19,R3,R3,12.6,19,60.4,22.6
SKU-2359-RH,Важіль curved RH (R3),SKU-2359-LH,RH,curved,False,28.9,10.2,9.6,3.18,2.83,1.19,R3,R3,12.7,20,63.6,23.8
SKU-2360-LH,Важіль straight_link LH (R3),SKU-2360-RH,LH,straight_link,False,31.4,4.9,6.6,0.84,1.02,0.29,R3,R3,10.3,16,13.4,4.6
SKU-2360-RH,Важіль straight_link RH (R3),SKU-2360-LH,RH,straight_link,False,31.4,4.9,6.6,0.84,1.02,0.29,R3,R3,10.0,15,12.6,4.3
SKU-2361-LH,Важіль a_shaped LH (R3),SKU-2361-RH,LH,a_shaped,False,39.9,37.6,7.5,6.66,11.25,5.85,R3,R3,9.8,15,99.9,87.8
SKU-2361-RH,Важіль a_shaped RH (R3),SKU-2361-LH,RH,a_shaped,False,39.9,37.6,7.5,6.66,11.25,5.85,R3,R3,9.8,15,99.9,87.8
SKU-2362-LH,Важіль a_shaped LH (R3),SKU-2362-RH,LH,a_shaped,False,43.6,37.6,10.0,4.19,16.39,8.52,R3,R3,11.2,17,71.2,144.8
SKU-2362-RH,Важіль a_shaped RH (R3),SKU-2362-LH,RH,a_shaped,False,43.6,37.6,10.0,4.19,16.39,8.52,R3,R3,12.0,18,75.4,153.4
SKU-2363-LH,Важіль trailing LH (R3),SKU-2363-RH,LH,trailing,False,67.3,9.1,7.2,3.49,4.41,1.68,R3,R3,9.0,14,48.9,23.5
SKU-2363-RH,Важіль trailing RH (R3),SKU-2363-LH,RH,trailing,False,67.3,9.1,7.2,3.49,4.41,1.68,R3,R3,8.8,14,48.9,23.5
SKU-2364-LH,Важіль a_shaped LH (R3),SKU-2364-RH,LH,a_shaped,False,48.2,41.6,7.3,4.51,14.64,7.61,R3,R3,9.2,14,63.1,106.5
SKU-2364-RH,Важіль a_shaped RH (R3),SKU-2364-LH,RH,a_shaped,False,48.2,41.6,7.3,4.51,14.64,7.61,R3,R3,9.4,15,67.6,114.2
SKU-2365-LH,Важіль trailing LH (R3),SKU-2365-RH,LH,trailing,False,58.0,8.5,8.6,3.56,4.24,1.61,R3,R3,11.0,17,60.5,27.4
SKU-2365-RH,Важіль trailing RH (R3),SKU-2365-LH,RH,trailing,False,58.0,8.5,8.6,3.56,4.24,1.61,R3,R3,11.1,17,60.5,27.4
SKU-2366-LH,Важіль heavy_integral LH (R3),SKU-2366-RH,LH,heavy_integral,False,70.3,19.6,16.8,9.45,23.15,15.74,R3,R3,12.7,20,189.0,314.8
SKU-2366-RH,Важіль heavy_integral RH (R3),SKU-2366-LH,RH,heavy_integral,False,70.3,19.6,16.8,9.45,23.15,15.74,R3,R3,12.6,19,179.5,299.1
SKU-2367-LH,Важіль straight_link LH (R3),SKU-2367-RH,LH,straight_link,False,24.8,4.8,4.7,0.57,0.56,0.16,R3,R3,13.9,21,12.0,3.4
SKU-2367-RH,Важіль straight_link RH (R3),SKU-2367-LH,RH,straight_link,False,24.8,4.8,4.7,0.57,0.56,0.16,R3,R3,14.2,22,12.5,3.5
SKU-2368-LH,Важіль trailing LH (R3),SKU-2368-RH,LH,trailing,False,67.1,10.4,8.5,3.05,5.93,2.25,R3,R3,8.1,13,39.6,29.2
SKU-2368-RH,Важіль trailing RH (R3),SKU-2368-LH,RH,trailing,False,67.1,10.4,8.5,3.05,5.93,2.25,R3,R3,8.2,13,39.6,29.2
SKU-2369-LH,Важіль heavy_integral LH (R3),SKU-2369-RH,LH,heavy_integral,False,70.8,17.5,15.2,6.99,18.83,12.8,R3,R3,13.8,21,146.8,268.8
SKU-2369-RH,Важіль heavy_integral RH (R3),SKU-2369-LH,RH,heavy_integral,False,70.8,17.5,15.2,6.99,18.83,12.8,R3,R3,14.2,22,153.8,281.6
SKU-2370-LH,Важіль straight_link LH (R3),SKU-2370-RH,LH,straight_link,True,23.7,6.5,4.8,1.2,0.74,0.78,R3,R3,13.1,20,24.0,15.6
SKU-2370-RH,Важіль straight_link RH (R3),SKU-2370-LH,RH,straight_link,True,23.7,6.5,4.8,1.2,0.74,0.78,R3,R3,12.9,20,24.0,15.6
SKU-2371-LH,Важіль curved LH (R3),SKU-2371-RH,LH,curved,False,35.6,15.7,9.2,2.38,5.14,2.16,R3,R3,9.4,15,35.7,32.4
SKU-2371-RH,Важіль curved RH (R3),SKU-2371-LH,RH,curved,False,35.6,15.7,9.2,2.38,5.14,2.16,R3,R3,9.2,14,33.3,30.2
SKU-2372-LH,Важіль trailing LH (R3),SKU-2372-RH,LH,trailing,False,71.5,10.0,5.8,4.11,4.15,1.58,R3,R3,12.4,19,78.1,30.0
SKU-2372-RH,Важіль trailing RH (R3),SKU-2372-LH,RH,trailing,False,71.5,10.0,5.8,4.11,4.15,1.58,R3,R3,12.2,19,78.1,30.0
SKU-2373-LH,Важіль straight_link LH (R3),SKU-2373-RH,LH,straight_link,False,19.2,4.8,4.0,1.12,0.37,0.1,R3,R3,11.0,17,19.0,1.7
SKU-2373-RH,Важіль straight_link RH (R3),SKU-2373-LH,RH,straight_link,False,19.2,4.8,4.0,1.12,0.37,0.1,R3,R3,10.6,16,17.9,1.6
SKU-2374-LH,Важіль straight_link LH (R3),SKU-2374-RH,LH,straight_link,False,19.8,4.6,5.2,0.81,0.47,0.13,R3,R3,11.0,17,13.8,2.2
SKU-2374-RH,Важіль straight_link RH (R3),SKU-2374-LH,RH,straight_link,False,19.8,4.6,5.2,0.81,0.47,0.13,R3,R3,10.4,16,13.0,2.1
SKU-2375-LH,Важіль curved LH (R3),SKU-2375-RH,LH,curved,False,39.4,10.8,10.7,3.38,4.55,1.91,R3,R3,8.6,13,43.9,24.8
SKU-2375-RH,Важіль curved RH (R3),SKU-2375-LH,RH,curved,False,39.4,10.8,10.7,3.38,4.55,1.91,R3,R3,8.6,13,43.9,24.8
SKU-2376-LH,Важіль straight_link LH (R3),SKU-2376-RH,LH,straight_link,False,26.3,6.3,6.7,0.52,1.11,0.31,R3,R3,14.9,23,12.0,7.1
SKU-2376-RH,Важіль straight_link RH (R3),SKU-2376-LH,RH,straight_link,False,26.3,6.3,6.7,0.52,1.11,0.31,R3,R3,14.8,23,12.0,7.1
SKU-2377-LH,Важіль heavy_integral LH (R3),SKU-2377-RH,LH,heavy_integral,False,72.4,18.0,13.4,8.32,17.46,11.87,R3,R3,8.7,14,116.5,166.2
SKU-2377-RH,Важіль heavy_integral RH (R3),SKU-2377-LH,RH,heavy_integral,False,72.4,18.0,13.4,8.32,17.46,11.87,R3,R3,8.2,13,108.2,154.3
SKU-2378-LH,Важіль trailing LH (R3),SKU-2378-RH,LH,trailing,False,65.2,6.1,8.7,3.89,3.46,1.31,R3,R3,11.9,18,70.0,23.6
SKU-2378-RH,Важіль trailing RH (R3),SKU-2378-LH,RH,trailing,False,65.2,6.1,8.7,3.89,3.46,1.31,R3,R3,11.8,18,70.0,23.6
SKU-2379-LH,Важіль straight_link LH (R3),SKU-2379-RH,LH,straight_link,False,21.6,5.8,7.4,0.97,0.93,0.26,R3,R3,15.3,23,22.3,6.0
SKU-2379-RH,Важіль straight_link RH (R3),SKU-2379-LH,RH,straight_link,False,21.6,5.8,7.4,0.97,0.93,0.26,R3,R3,15.1,23,22.3,6.0
SKU-2380-LH,Важіль heavy_integral LH (R3),SKU-2380-RH,LH,heavy_integral,False,65.1,24.7,12.3,6.75,19.78,13.45,R3,R3,14.9,23,155.2,309.3
SKU-2380-RH,Важіль heavy_integral RH (R3),SKU-2380-LH,RH,heavy_integral,False,65.1,24.7,12.3,6.75,19.78,13.45,R3,R3,15.3,23,155.2,309.3
SKU-2381-LH,Важіль a_shaped LH (R3),SKU-2381-RH,LH,a_shaped,False,36.9,34.0,10.0,5.6,12.55,6.53,R3,R3,14.1,22,123.2,143.7
SKU-2381-RH,Важіль a_shaped RH (R3),SKU-2381-LH,RH,a_shaped,False,36.9,34.0,10.0,5.6,12.55,6.53,R3,R3,14.4,22,123.2,143.7
SKU-2382-LH,Важіль curved LH (R3),SKU-2382-RH,LH,curved,False,28.2,19.8,8.6,3.31,4.8,2.02,R3,R3,10.4,16,53.0,32.3
SKU-2382-RH,Важіль curved RH (R3),SKU-2382-LH,RH,curved,False,28.2,19.8,8.6,3.31,4.8,2.02,R3,R3,10.7,17,56.3,34.3
SKU-2383-LH,Важіль a_shaped LH (R3),SKU-2383-RH,LH,a_shaped,False,51.5,26.6,13.0,5.28,17.81,9.26,R3,R3,10.6,16,84.5,148.2
SKU-2383-RH,Важіль a_shaped RH (R3),SKU-2383-LH,RH,a_shaped,False,51.5,26.6,13.0,5.28,17.81,9.26,R3,R3,11.1,17,89.8,157.4
SKU-2384-LH,Важіль straight_link LH (R3),SKU-2384-RH,LH,straight_link,False,21.9,7.2,5.1,0.85,0.8,0.22,R3,R3,12.0,18,15.3,4.0
SKU-2384-RH,Важіль straight_link RH (R3),SKU-2384-LH,RH,straight_link,False,21.9,7.2,5.1,0.85,0.8,0.22,R3,R3,12.8,20,17.0,4.4
SKU-2385-LH,Важіль trailing LH (R3),SKU-2385-RH,LH,trailing,False,54.1,7.9,7.4,3.18,3.16,1.2,R3,R3,13.1,20,63.6,24.0
SKU-2385-RH,Важіль trailing RH (R3),SKU-2385-LH,RH,trailing,False,54.1,7.9,7.4,3.18,3.16,1.2,R3,R3,13.3,20,63.6,24.0
SKU-2386-LH,Важіль a_shaped LH (R3),SKU-2386-RH,LH,a_shaped,False,37.3,39.7,7.7,6.27,11.4,5.93,R3,R3,11.0,17,106.6,100.8
SKU-2386-RH,Важіль a_shaped RH (R3),SKU-2386-LH,RH,a_shaped,False,37.3,39.7,7.7,6.27,11.4,5.93,R3,R3,10.6,16,100.3,94.9
SKU-2387-LH,Важіль curved LH (R3),SKU-2387-RH,LH,curved,True,29.5,11.5,6.9,2.53,2.34,2.46,R3,R3,13.0,20,50.6,49.2
SKU-2387-RH,Важіль curved RH (R3),SKU-2387-LH,RH,curved,True,29.5,11.5,6.9,2.53,2.34,2.46,R3,R3,12.9,20,50.6,49.2
SKU-2388-LH,Важіль straight_link LH (R3),SKU-2388-RH,LH,straight_link,False,23.8,5.7,5.5,1.24,0.75,0.21,R3,R3,9.5,15,18.6,3.1
SKU-2388-RH,Важіль straight_link RH (R3),SKU-2388-LH,RH,straight_link,False,23.8,5.7,5.5,1.24,0.75,0.21,R3,R3,10.0,15,18.6,3.1
SKU-2389-LH,Важіль a_shaped LH (R3),SKU-2389-RH,LH,a_shaped,False,50.2,39.7,7.6,3.94,15.15,7.88,R3,R3,12.1,19,74.9,149.7
SKU-2389-RH,Важіль a_shaped RH (R3),SKU-2389-LH,RH,a_shaped,False,50.2,39.7,7.6,3.94,15.15,7.88,R3,R3,11.7,18,70.9,141.8
SKU-2390-LH,Важіль trailing LH (R3),SKU-2390-RH,LH,trailing,False,67.5,7.6,5.1,3.68,2.62,1.0,R3,R3,10.0,15,55.2,15.0
SKU-2390-RH,Важіль trailing RH (R3),SKU-2390-LH,RH,trailing,False,67.5,7.6,5.1,3.68,2.62,1.0,R3,R3,9.7,15,55.2,15.0
SKU-2391-LH,Важіль straight_link LH (R3),SKU-2391-RH,LH,straight_link,False,30.2,7.0,5.3,0.61,1.12,0.31,R3,R3,14.1,22,13.4,6.8
SKU-2391-RH,Важіль straight_link RH (R3),SKU-2391-LH,RH,straight_link,False,30.2,7.0,5.3,0.61,1.12,0.31,R3,R3,13.9,21,12.8,6.5
SKU-2392-LH,Важіль straight_link LH (R3),SKU-2392-RH,LH,straight_link,False,20.8,4.1,4.1,1.02,0.35,0.1,R3,R3,13.1,20,20.4,2.0
SKU-2392-RH,Важіль straight_link RH (R3),SKU-2392-LH,RH,straight_link,False,20.8,4.1,4.1,1.02,0.35,0.1,R3,R3,13.1,20,20.4,2.0
SKU-2393-LH,Важіль trailing LH (R3),SKU-2393-RH,LH,trailing,False,69.7,6.3,8.7,2.57,3.82,1.45,R3,R3,15.6,24,61.7,34.8
SKU-2393-RH,Важіль trailing RH (R3),SKU-2393-LH,RH,trailing,False,69.7,6.3,8.7,2.57,3.82,1.45,R3,R3,16.3,25,64.2,36.2
SKU-2394-LH,Важіль a_shaped LH (R3),SKU-2394-RH,LH,a_shaped,False,37.3,40.0,13.9,4.89,20.74,10.78,R3,R3,13.7,21,102.7,226.4
SKU-2394-RH,Важіль a_shaped RH (R3),SKU-2394-LH,RH,a_shaped,False,37.3,40.0,13.9,4.89,20.74,10.78,R3,R3,14.0,21,102.7,226.4
SKU-2395-LH,Важіль curved LH (R3),SKU-2395-RH,LH,curved,False,34.4,15.8,7.1,3.2,3.86,1.62,R3,R3,9.1,14,44.8,22.7
SKU-2395-RH,Важіль curved RH (R3),SKU-2395-LH,RH,curved,False,34.4,15.8,7.1,3.2,3.86,1.62,R3,R3,9.4,15,48.0,24.3
SKU-2396-LH,Важіль a_shaped LH (R3),SKU-2396-RH,LH,a_shaped,False,39.1,32.3,14.6,4.39,18.44,9.59,R3,R3,13.6,21,92.2,201.4
SKU-2396-RH,Важіль a_shaped RH (R3),SKU-2396-LH,RH,a_shaped,False,39.1,32.3,14.6,4.39,18.44,9.59,R3,R3,13.3,20,87.8,191.8
SKU-2397-LH,Важіль curved LH (R3),SKU-2397-RH,LH,curved,False,37.8,15.5,8.4,2.85,4.92,2.07,R3,R3,13.1,20,57.0,41.4
SKU-2397-RH,Важіль curved RH (R3),SKU-2397-LH,RH,curved,False,37.8,15.5,8.4,2.85,4.92,2.07,R3,R3,12.6,19,54.1,39.3
SKU-2398-LH,Важіль straight_link LH (R3),SKU-2398-RH,LH,straight_link,False,21.0,4.1,4.2,1.27,0.36,0.1,R3,R3,13.6,21,26.7,2.1
SKU-2398-RH,Важіль straight_link RH (R3),SKU-2398-LH,RH,straight_link,False,21.0,4.1,4.2,1.27,0.36,0.1,R3,R3,13.6,21,26.7,2.1
SKU-2399-LH,Важіль trailing LH (R3),SKU-2399-RH,LH,trailing,False,64.5,10.4,6.4,4.05,4.29,1.63,R3,R3,13.3,20,81.0,32.6
SKU-2399-RH,Важіль trailing RH (R3),SKU-2399-LH,RH,trailing,False,64.5,10.4,6.4,4.05,4.29,1.63,R3,R3,13.7,21,85.0,34.2
SKU-2400-LH,Важіль trailing LH (R3),SKU-2400-RH,LH,trailing,False,55.6,9.0,6.3,2.21,3.15,1.2,R3,R3,15.8,24,53.0,28.8
SKU-2400-RH,Важіль trailing RH (R3),SKU-2400-LH,RH,trailing,False,55.6,9.0,6.3,2.21,3.15,1.2,R3,R3,16.1,25,55.2,30.0
SKU-2401-LH,Важіль straight_link LH (R3),SKU-2401-RH,LH,straight_link,False,23.0,5.8,6.4,1.36,0.85,0.24,R3,R3,10.3,16,21.8,3.8
SKU-2401-RH,Важіль straight_link RH (R3),SKU-2401-LH,RH,straight_link,False,23.0,5.8,6.4,1.36,0.85,0.24,R3,R3,10.4,16,21.8,3.8
SKU-2402-LH,Важіль trailing LH (R3),SKU-2402-RH,LH,trailing,False,76.2,8.0,8.8,3.58,5.36,2.04,R3,R3,8.6,13,46.5,26.5
SKU-2402-RH,Важіль trailing RH (R3),SKU-2402-LH,RH,trailing,False,76.2,8.0,8.8,3.58,5.36,2.04,R3,R3,8.3,13,46.5,26.5
SKU-2403-LH,Важіль a_shaped LH (R3),SKU-2403-RH,LH,a_shaped,False,45.1,28.4,10.8,6.26,13.83,7.19,R3,R3,8.0,12,75.1,86.3
SKU-2403-RH,Важіль a_shaped RH (R3),SKU-2403-LH,RH,a_shaped,False,45.1,28.4,10.8,6.26,13.83,7.19,R3,R3,7.8,12,75.1,86.3
SKU-2404-LH,Важіль curved LH (R3),SKU-2404-RH,LH,curved,False,37.7,19.6,10.7,2.7,7.91,3.32,R3,R3,10.4,16,43.2,53.1
SKU-2404-RH,Важіль curved RH (R3),SKU-2404-LH,RH,curved,False,37.7,19.6,10.7,2.7,7.91,3.32,R3,R3,10.3,16,43.2,53.1
SKU-2405-LH,Важіль straight_link LH (R3),SKU-2405-RH,LH,straight_link,False,27.7,7.2,6.5,0.77,1.3,0.36,R3,R3,13.2,20,15.4,7.2
SKU-2405-RH,Важіль straight_link RH (R3),SKU-2405-LH,RH,straight_link,False,27.7,7.2,6.5,0.77,1.3,0.36,R3,R3,13.6,21,16.2,7.6
SKU-2406-LH,Важіль heavy_integral LH (R3),SKU-2406-RH,LH,heavy_integral,False,55.3,16.2,11.1,9.01,9.94,6.76,R3,R3,15.0,23,207.2,155.5
SKU-2406-RH,Важіль heavy_integral RH (R3),SKU-2406-LH,RH,heavy_integral,False,55.3,16.2,11.1,9.01,9.94,6.76,R3,R3,14.2,22,198.2,148.7
SKU-2407-LH,Важіль curved LH (R3),SKU-2407-RH,LH,curved,False,41.0,12.0,9.3,2.96,4.58,1.92,R3,R3,9.0,14,41.4,26.9
SKU-2407-RH,Важіль curved RH (R3),SKU-2407-LH,RH,curved,False,41.0,12.0,9.3,2.96,4.58,1.92,R3,R3,8.9,14,41.4,26.9
SKU-2408-LH,Важіль straight_link LH (R3),SKU-2408-RH,LH,straight_link,True,19.3,4.2,5.2,0.91,0.42,0.44,R3,R3,12.0,18,16.4,7.9
SKU-2408-RH,Важіль straight_link RH (R3),SKU-2408-LH,RH,straight_link,True,19.3,4.2,5.2,0.91,0.42,0.44,R3,R3,12.7,20,18.2,8.8
SKU-2409-LH,Важіль curved LH (R3),SKU-2409-RH,LH,curved,False,26.7,13.6,8.2,2.33,2.98,1.25,R3,R3,9.9,15,35.0,18.8
SKU-2409-RH,Важіль curved RH (R3),SKU-2409-LH,RH,curved,False,26.7,13.6,8.2,2.33,2.98,1.25,R3,R3,10.5,16,37.3,20.0
SKU-2410-LH,Важіль straight_link LH (R3),SKU-2410-RH,LH,straight_link,False,22.6,5.3,6.2,1.12,0.74,0.21,R3,R3,11.5,18,20.2,3.8
SKU-2410-RH,Важіль straight_link RH (R3),SKU-2410-LH,RH,straight_link,False,22.6,5.3,6.2,1.12,0.74,0.21,R3,R3,11.2,17,19.0,3.6
SKU-2411-LH,Важіль straight_link LH (R3),SKU-2411-RH,LH,straight_link,False,27.1,7.3,6.8,0.44,1.35,0.38,R3,R3,10.6,16,7.0,6.1
SKU-2411-RH,Важіль straight_link RH (R3),SKU-2411-LH,RH,straight_link,False,27.1,7.3,6.8,0.44,1.35,0.38,R3,R3,10.5,16,7.0,6.1
SKU-2412-LH,Важіль trailing LH (R3),SKU-2412-RH,LH,trailing,False,73.5,9.7,9.0,2.67,6.42,2.44,R3,R3,15.3,23,61.4,56.1
SKU-2412-RH,Важіль trailing RH (R3),SKU-2412-LH,RH,trailing,False,73.5,9.7,9.0,2.67,6.42,2.44,R3,R3,14.8,23,61.4,56.1
SKU-2413-LH,Важіль curved LH (R3),SKU-2413-RH,LH,curved,False,27.7,19.5,8.2,2.13,4.43,1.86,R3,R3,13.4,21,44.7,39.1
SKU-2413-RH,Важіль curved RH (R3),SKU-2413-LH,RH,curved,False,27.7,19.5,8.2,2.13,4.43,1.86,R3,R3,12.9,20,42.6,37.2
SKU-2414-LH,Важіль straight_link LH (R3),SKU-2414-RH,LH,straight_link,True,24.1,6.0,7.1,1.33,1.03,1.08,R3,R3,12.5,19,25.3,20.5
SKU-2414-RH,Важіль straight_link RH (R3),SKU-2414-LH,RH,straight_link,True,24.1,6.0,7.1,1.33,1.03,1.08,R3,R3,12.2,19,25.3,20.5
SKU-2415-LH,Важіль trailing LH (R3),SKU-2415-RH,LH,trailing,False,57.3,7.9,7.5,2.14,3.4,1.29,R3,R3,14.1,22,47.1,28.4
SKU-2415-RH,Важіль trailing RH (R3),SKU-2415-LH,RH,trailing,False,57.3,7.9,7.5,2.14,3.4,1.29,R3,R3,13.7,21,44.9,27.1
SKU-2416-LH,Важіль curved LH (R3),SKU-2416-RH,LH,curved,False,39.6,19.3,6.7,2.18,5.12,2.15,R3,R3,13.5,21,45.8,45.1
SKU-2416-RH,Важіль curved RH (R3),SKU-2416-LH,RH,curved,False,39.6,19.3,6.7,2.18,5.12,2.15,R3,R3,13.1,20,43.6,43.0
SKU-2417-LH,Важіль straight_link LH (R3),SKU-2417-RH,LH,straight_link,False,30.6,6.4,7.5,1.17,1.47,0.41,R3,R3,15.2,23,26.9,9.4
SKU-2417-RH,Важіль straight_link RH (R3),SKU-2417-LH,RH,straight_link,False,30.6,6.4,7.5,1.17,1.47,0.41,R3,R3,15.9,24,28.1,9.8
SKU-2418-LH,Важіль heavy_integral LH (R3),SKU-2418-RH,LH,heavy_integral,True,71.5,20.7,12.8,9.91,18.94,19.89,R3,R3,14.3,22,218.0,437.6
SKU-2418-RH,Важіль heavy_integral RH (R3),SKU-2418-LH,RH,heavy_integral,True,71.5,20.7,12.8,9.91,18.94,19.89,R3,R3,15.0,23,227.9,457.5
SKU-2419-LH,Важіль straight_link LH (R3),SKU-2419-RH,LH,straight_link,False,23.8,6.9,5.1,1.34,0.84,0.24,R3,R3,9.6,15,20.1,3.6
SKU-2419-RH,Важіль straight_link RH (R3),SKU-2419-LH,RH,straight_link,False,23.8,6.9,5.1,1.34,0.84,0.24,R3,R3,9.6,15,20.1,3.6
SKU-2420-LH,Важіль curved LH (R3),SKU-2420-RH,LH,curved,False,31.2,20.0,9.6,2.19,5.99,2.52,R3,R3,11.8,18,39.4,45.4
SKU-2420-RH,Важіль curved RH (R3),SKU-2420-LH,RH,curved,False,31.2,20.0,9.6,2.19,5.99,2.52,R3,R3,12.0,18,39.4,45.4
SKU-2421-LH,Важіль curved LH (R3),SKU-2421-RH,LH,curved,False,27.4,20.1,9.3,3.3,5.12,2.15,R3,R3,14.0,21,69.3,45.1
SKU-2421-RH,Важіль curved RH (R3),SKU-2421-LH,RH,curved,False,27.4,20.1,9.3,3.3,5.12,2.15,R3,R3,13.6,21,69.3,45.1
SKU-2422-LH,Важіль heavy_integral LH (R3),SKU-2422-RH,LH,heavy_integral,False,81.3,22.4,10.2,9.31,18.58,12.63,R3,R3,15.6,24,223.4,303.1
SKU-2422-RH,Важіль heavy_integral RH (R3),SKU-2422-LH,RH,heavy_integral,False,81.3,22.4,10.2,9.31,18.58,12.63,R3,R3,15.3,23,214.1,290.5
SKU-2423-LH,Важіль curved LH (R3),SKU-2423-RH,LH,curved,False,41.8,11.1,9.0,2.11,4.18,1.76,R3,R3,13.2,20,42.2,35.2
SKU-2423-RH,Важіль curved RH (R3),SKU-2423-LH,RH,curved,False,41.8,11.1,9.0,2.11,4.18,1.76,R3,R3,12.8,20,42.2,35.2
SKU-2424-LH,Важіль trailing LH (R3),SKU-2424-RH,LH,trailing,False,68.2,6.6,6.1,3.85,2.75,1.04,R3,R3,10.6,16,61.6,16.6
SKU-2424-RH,Важіль trailing RH (R3),SKU-2424-LH,RH,trailing,False,68.2,6.6,6.1,3.85,2.75,1.04,R3,R3,11.0,17,65.5,17.7
SKU-2425-LH,Важіль curved LH (R3),SKU-2425-RH,LH,curved,False,32.2,17.3,9.5,3.22,5.29,2.22,R3,R3,15.7,24,77.3,53.3
SKU-2425-RH,Важіль curved RH (R3),SKU-2425-LH,RH,curved,False,32.2,17.3,9.5,3.22,5.29,2.22,R3,R3,15.0,23,74.1,51.1
SKU-2426-LH,Важіль curved LH (R3),SKU-2426-RH,LH,curved,True,32.1,11.7,9.3,2.79,3.49,3.66,R3,R3,8.6,13,36.3,47.6
SKU-2426-RH,Важіль curved RH (R3),SKU-2426-LH,RH,curved,True,32.1,11.7,9.3,2.79,3.49,3.66,R3,R3,8.2,13,36.3,47.6
SKU-2427-LH,Важіль heavy_integral LH (R3),SKU-2427-RH,LH,heavy_integral,False,71.4,20.3,13.5,6.48,19.57,13.31,R3,R3,11.4,18,116.6,239.6
SKU-2427-RH,Важіль heavy_integral RH (R3),SKU-2427-LH,RH,heavy_integral,False,71.4,20.3,13.5,6.48,19.57,13.31,R3,R3,11.6,18,116.6,239.6
SKU-2428-LH,Важіль trailing LH (R3),SKU-2428-RH,LH,trailing,False,63.0,9.5,8.8,2.66,5.27,2.0,R3,R3,11.8,18,47.9,36.0
SKU-2428-RH,Важіль trailing RH (R3),SKU-2428-LH,RH,trailing,False,63.0,9.5,8.8,2.66,5.27,2.0,R3,R3,11.6,18,47.9,36.0
SKU-2429-LH,Важіль straight_link LH (R3),SKU-2429-RH,LH,straight_link,False,26.8,4.7,5.8,0.93,0.73,0.2,R3,R3,15.0,23,21.4,4.6
SKU-2429-RH,Важіль straight_link RH (R3),SKU-2429-LH,RH,straight_link,False,26.8,4.7,5.8,0.93,0.73,0.2,R3,R3,14.7,23,21.4,4.6
SKU-2430-UNI,Тяга/стійка straight_link UNI (R3),,UNI,straight_link,False,30.2,4.6,5.5,0.59,0.76,0.21,R3,R3,14.2,22,13.0,4.6
SKU-2431-UNI,Тяга/стійка straight_link UNI (R3),,UNI,straight_link,False,22.9,5.3,7.0,0.95,0.85,0.24,R3,R3,13.7,21,19.9,5.0
SKU-2432-UNI,Тяга/стійка straight_link UNI (R3),,UNI,straight_link,False,30.6,5.1,7.3,0.42,1.14,0.32,R3,R3,11.0,17,7.1,5.4
SKU-2433-UNI,Тяга/стійка straight_link UNI (R3),,UNI,straight_link,False,21.8,5.0,5.1,1.01,0.56,0.16,R3,R3,11.5,18,18.2,2.9
SKU-2434-UNI,Тяга/стійка straight_link UNI (R3),,UNI,straight_link,False,30.5,6.4,4.7,1.33,0.92,0.26,R3,R3,10.1,16,21.3,4.2
SKU-2435-UNI,Тяга/стійка straight_link UNI (R3),,UNI,straight_link,False,19.3,6.0,4.4,0.54,0.51,0.14,R3,R3,10.4,16,8.6,2.2
SKU-2436-UNI,Тяга/стійка straight_link UNI (R3),,UNI,straight_link,False,26.5,6.9,6.7,0.66,1.23,0.34,R3,R3,10.0,15,9.9,5.1
SKU-2437-UNI,Тяга/стійка straight_link UNI (R3),,UNI,straight_link,False,18.1,7.1,4.7,1.35,0.6,0.17,R3,R3,10.7,17,23.0,2.9
SKU-2438-UNI,Тяга/стійка straight_link UNI (R3),,UNI,straight_link,False,27.9,6.1,5.1,0.95,0.87,0.24,R3,R3,13.8,21,19.9,5.0
SKU-2439-UNI,Тяга/стійка trailing UNI (R3),,UNI,trailing,True,52.3,8.3,5.5,3.5,2.39,2.51,R3,R3,9.7,15,52.5,37.6
SKU-2440-UNI,Тяга/стійка straight_link UNI (R3),,UNI,straight_link,False,20.8,5.9,4.4,0.42,0.54,0.15,R3,R3,8.4,13,5.5,1.9
SKU-2441-UNI,Тяга/стійка straight_link UNI (R3),,UNI,straight_link,False,20.0,6.5,4.2,0.51,0.55,0.15,R3,R3,12.1,19,9.7,2.9
SKU-2442-UNI,Тяга/стійка straight_link UNI (R3),,UNI,straight_link,False,31.3,7.3,6.7,1.0,1.53,0.43,R3,R3,11.6,18,18.0,7.7
SKU-2443-UNI,Тяга/стійка straight_link UNI (R3),,UNI,straight_link,False,31.3,6.1,6.0,0.63,1.15,0.32,R3,R3,8.4,13,8.2,4.2
SKU-2444-UNI,Тяга/стійка straight_link UNI (R3),,UNI,straight_link,False,22.4,5.5,4.4,1.24,0.54,0.15,R3,R3,8.2,13,16.1,1.9
SKU-2445-UNI,Тяга/стійка trailing UNI (R3),,UNI,trailing,False,55.6,10.4,7.9,2.45,4.57,1.74,R3,R3,12.5,19,46.6,33.1
SKU-2446-UNI,Тяга/стійка straight_link UNI (R3),,UNI,straight_link,False,20.5,7.0,5.4,0.8,0.77,0.22,R3,R3,9.4,15,12.0,3.3
SKU-2447-UNI,Тяга/стійка straight_link UNI (R3),,UNI,straight_link,False,30.2,5.3,7.3,1.35,1.17,0.33,R3,R3,9.2,14,18.9,4.6
SKU-2448-UNI,Тяга/стійка straight_link UNI (R3),,UNI,straight_link,False,30.1,5.4,4.0,0.67,0.65,0.18,R3,R3,12.8,20,13.4,3.6
SKU-2449-UNI,Тяга/стійка straight_link UNI (R3),,UNI,straight_link,False,19.9,4.4,7.2,1.15,0.63,0.18,R3,R3,12.7,20,23.0,3.6
SKU-2450-UNI,Тяга/стійка straight_link UNI (R3),,UNI,straight_link,False,24.0,6.7,5.3,0.64,0.85,0.24,R3,R3,13.8,21,13.4,5.0
SKU-2451-UNI,Тяга/стійка straight_link UNI (R3),,UNI,straight_link,False,31.7,5.2,7.2,1.33,1.19,0.33,R3,R3,9.9,15,20.0,5.0
SKU-2452-UNI,Тяга/стійка straight_link UNI (R3),,UNI,straight_link,False,24.1,7.2,5.6,1.14,0.97,0.27,R3,R3,11.7,18,20.5,4.9
SKU-2453-UNI,Тяга/стійка trailing UNI (R3),,UNI,trailing,False,57.2,8.1,8.0,3.37,3.71,1.41,R3,R3,13.5,21,70.8,29.6
SKU-2454-UNI,Тяга/стійка straight_link UNI (R3),,UNI,straight_link,False,24.7,4.2,6.9,1.39,0.72,0.2,R3,R3,11.3,17,23.6,3.4
SKU-2455-UNI,Тяга/стійка trailing UNI (R3),,UNI,trailing,True,56.4,9.3,7.4,3.75,3.88,4.07,R3,R3,10.0,15,56.2,61.1
SKU-2456-UNI,Тяга/стійка straight_link UNI (R3),,UNI,straight_link,False,27.6,5.1,5.9,0.55,0.83,0.23,R3,R3,11.6,18,9.9,4.1
SKU-2457-UNI,Тяга/стійка straight_link UNI (R3),,UNI,straight_link,False,23.9,6.9,6.1,0.59,1.01,0.28,R3,R3,12.6,19,11.2,5.3
SKU-2458-UNI,Тяга/стійка straight_link UNI (R3),,UNI,straight_link,False,23.6,4.4,5.5,0.47,0.57,0.16,R3,R3,8.8,14,6.6,2.2
SKU-2459-UNI,Тяга/стійка straight_link UNI (R3),,UNI,straight_link,False,22.3,7.2,5.3,1.16,0.85,0.24,R3,R3,12.2,19,22.0,4.6
SKU-2460-UNI,Тяга/стійка straight_link UNI (R3),,UNI,straight_link,False,21.6,7.3,5.9,1.23,0.93,0.26,R3,R3,10.9,17,20.9,4.4
SKU-2461-UNI,Тяга/стійка straight_link UNI (R3),,UNI,straight_link,False,27.4,4.0,5.7,0.59,0.62,0.17,R3,R3,13.0,20,11.8,3.4
SKU-2462-UNI,Тяга/стійка trailing UNI (R3),,UNI,trailing,False,64.1,10.1,7.0,3.14,4.53,1.72,R3,R3,15.4,24,75.4,41.3
SKU-2463-UNI,Тяга/стійка straight_link UNI (R3),,UNI,straight_link,False,29.0,5.0,5.9,0.62,0.86,0.24,R3,R3,11.6,18,11.2,4.3
SKU-2464-UNI,Тяга/стійка straight_link UNI (R3),,UNI,straight_link,False,29.6,7.1,5.5,0.42,1.16,0.32,R3,R3,14.9,23,9.7,7.4
SKU-2465-UNI,Тяга/стійка straight_link UNI (R3),,UNI,straight_link,False,26.7,4.1,5.4,1.39,0.59,0.17,R3,R3,8.8,14,19.5,2.4
SKU-2466-UNI,Тяга/стійка trailing UNI (R3),,UNI,trailing,False,60.0,10.5,8.5,2.6,5.36,2.04,R3,R3,8.6,13,33.8,26.5
SKU-2467-UNI,Тяга/стійка straight_link UNI (R3),,UNI,straight_link,False,22.7,6.4,4.1,0.53,0.6,0.17,R3,R3,13.5,21,11.1,3.6
SKU-2468-UNI,Тяга/стійка trailing UNI (R3),,UNI,trailing,False,74.3,6.3,5.9,4.2,2.76,1.05,R3,R3,11.5,18,75.6,18.9
SKU-2469-UNI,Тяга/стійка straight_link UNI (R3),,UNI,straight_link,False,20.6,6.1,6.5,0.71,0.82,0.23,R3,R3,14.6,22,15.6,5.1
SKU-2470-UNI,Тяга/стійка trailing UNI (R3),,UNI,trailing,False,62.1,8.8,7.3,2.45,3.99,1.52,R3,R3,11.2,17,41.7,25.8
SKU-2471-UNI,Тяга/стійка straight_link UNI (R3),,UNI,straight_link,False,23.6,6.7,5.7,1.34,0.9,0.25,R3,R3,10.3,16,21.4,4.0
SKU-2472-UNI,Тяга/стійка straight_link UNI (R3),,UNI,straight_link,False,29.0,5.9,5.9,0.45,1.01,0.28,R3,R3,11.2,17,7.7,4.8
SKU-2473-UNI,Тяга/стійка trailing UNI (R3),,UNI,trailing,False,78.0,7.5,8.5,3.52,4.97,1.89,R3,R3,10.7,17,59.8,32.1
SKU-2474-UNI,Тяга/стійка straight_link UNI (R3),,UNI,straight_link,False,29.8,7.1,4.6,0.74,0.97,0.27,R3,R3,10.7,17,12.6,4.6
SKU-2475-UNI,Тяга/стійка trailing UNI (R3),,UNI,trailing,True,67.6,10.3,6.5,3.65,4.53,4.76,R3,R3,13.0,20,73.0,95.2
SKU-2476-UNI,Тяга/стійка straight_link UNI (R3),,UNI,straight_link,False,20.0,6.5,7.0,1.09,0.91,0.25,R3,R3,8.1,13,14.2,3.2
SKU-2477-UNI,Тяга/стійка straight_link UNI (R3),,UNI,straight_link,False,19.0,6.0,6.6,0.51,0.75,0.21,R3,R3,14.7,23,11.7,4.8
SKU-2478-UNI,Тяга/стійка straight_link UNI (R3),,UNI,straight_link,False,27.7,7.4,4.3,1.3,0.88,0.25,R3,R3,9.0,14,18.2,3.5
SKU-2479-UNI,Тяга/стійка trailing UNI (R3),,UNI,trailing,False,74.1,10.5,7.0,3.35,5.45,2.07,R3,R3,13.7,21,70.4,43.5
SKU-2480-UNI,Тяга/стійка straight_link UNI (R3),,UNI,straight_link,False,19.7,6.8,5.7,0.85,0.76,0.21,R3,R3,11.4,18,15.3,3.8
SKU-2481-UNI,Тяга/стійка straight_link UNI (R3),,UNI,straight_link,False,31.2,5.9,7.3,0.58,1.34,0.38,R3,R3,13.8,21,12.2,8.0
SKU-2482-UNI,Тяга/стійка straight_link UNI (R3),,UNI,straight_link,False,27.5,6.1,6.0,1.26,1.01,0.28,R3,R3,14.6,22,27.7,6.2
SKU-2483-UNI,Тяга/стійка straight_link UNI (R3),,UNI,straight_link,False,29.9,5.4,4.9,1.27,0.79,0.22,R3,R3,11.5,18,22.9,4.0
SKU-2484-UNI,Тяга/стійка straight_link UNI (R3),,UNI,straight_link,False,21.7,4.0,5.7,0.5,0.49,0.14,R3,R3,14.0,21,10.5,2.9
SKU-2485-UNI,Тяга/стійка straight_link UNI (R3),,UNI,straight_link,False,24.2,4.3,5.0,1.18,0.52,0.15,R3,R3,9.2,14,16.5,2.1
SKU-2486-UNI,Тяга/стійка straight_link UNI (R3),,UNI,straight_link,False,30.8,6.4,6.8,0.51,1.34,0.38,R3,R3,10.0,15,7.7,5.7
SKU-2487-UNI,Тяга/стійка straight_link UNI (R3),,UNI,straight_link,False,28.0,6.2,6.3,0.81,1.09,0.31,R3,R3,8.4,13,10.5,4.0
SKU-2488-UNI,Тяга/стійка straight_link UNI (R3),,UNI,straight_link,False,27.5,5.7,7.1,0.74,1.11,0.31,R3,R3,10.4,16,11.8,5.0
SKU-2489-UNI,Тяга/стійка straight_link UNI (R3),,UNI,straight_link,False,29.2,5.8,4.5,0.62,0.76,0.21,R3,R3,13.2,20,12.4,4.2
SKU-2490-UNI,Тяга/стійка trailing UNI (R3),,UNI,trailing,False,73.7,10.7,8.2,2.89,6.47,2.46,R3,R3,14.3,22,63.6,54.1
SKU-2491-UNI,Тяга/стійка straight_link UNI (R3),,UNI,straight_link,False,20.3,4.1,5.4,1.3,0.45,0.13,R3,R3,9.9,15,19.5,2.0
SKU-2492-UNI,Тяга/стійка trailing UNI (R3),,UNI,trailing,False,77.2,6.1,8.1,2.77,3.81,1.45,R3,R3,8.3,13,36.0,18.8
SKU-2493-UNI,Тяга/стійка straight_link UNI (R3),,UNI,straight_link,False,20.0,5.9,5.0,0.47,0.59,0.17,R3,R3,8.4,13,6.1,2.2
SKU-2494-UNI,Тяга/стійка trailing UNI (R3),,UNI,trailing,False,53.9,9.8,6.9,2.82,3.64,1.38,R3,R3,11.3,17,47.9,23.5
SKU-2495-UNI,Тяга/стійка trailing UNI (R3),,UNI,trailing,False,75.7,9.6,8.5,2.77,6.18,2.35,R3,R3,11.0,17,47.1,40.0
SKU-2496-UNI,Тяга/стійка straight_link UNI (R3),,UNI,straight_link,False,26.7,5.7,5.4,1.39,0.82,0.23,R3,R3,14.6,22,30.6,5.1
SKU-2497-UNI,Тяга/стійка straight_link UNI (R3),,UNI,straight_link,False,28.2,4.9,4.4,0.75,0.61,0.17,R3,R3,11.2,17,12.8,2.9
SKU-2498-UNI,Тяга/стійка straight_link UNI (R3),,UNI,straight_link,True,29.4,5.3,6.0,0.47,0.93,0.98,R3,R3,9.4,15,7.0,14.7
SKU-2499-UNI,Тяга/стійка trailing UNI (R3),,UNI,trailing,False,67.8,10.8,9.0,2.88,6.59,2.5,R3,R3,10.4,16,46.1,40.0
SKU-2500-UNI,Тяга/стійка straight_link UNI (R3),,UNI,straight_link,False,32.0,6.2,6.8,1.18,1.35,0.38,R3,R3,10.8,17,20.1,6.5
SKU-2501-UNI,Тяга/стійка trailing UNI (R3),,UNI,trailing,False,73.7,9.4,5.1,2.81,3.53,1.34,R3,R3,9.2,14,39.3,18.8
SKU-2502-UNI,Тяга/стійка straight_link UNI (R3),,UNI,straight_link,False,30.7,4.1,4.8,0.71,0.6,0.17,R3,R3,12.9,20,14.2,3.4
SKU-2503-UNI,Тяга/стійка straight_link UNI (R3),,UNI,straight_link,False,21.1,4.6,4.8,0.9,0.47,0.13,R3,R3,10.2,16,14.4,2.1
SKU-2504-UNI,Тяга/стійка straight_link UNI (R3),,UNI,straight_link,False,24.5,4.2,6.6,0.73,0.68,0.19,R3,R3,13.2,20,14.6,3.8
SKU-2505-UNI,Тяга/стійка straight_link UNI (R3),,UNI,straight_link,False,26.0,6.7,7.2,0.66,1.25,0.35,R3,R3,10.7,17,11.2,5.9
SKU-2506-UNI,Тяга/стійка straight_link UNI (R3),,UNI,straight_link,False,31.0,7.2,4.3,0.53,0.96,0.27,R3,R3,12.0,18,9.5,4.9
SKU-2507-UNI,Тяга/стійка straight_link UNI (R3),,UNI,straight_link,False,22.8,4.5,6.2,1.35,0.64,0.18,R3,R3,16.0,24,32.4,4.3
SKU-2508-UNI,Тяга/стійка straight_link UNI (R3),,UNI,straight_link,False,26.4,7.0,4.4,1.09,0.81,0.23,R3,R3,11.3,17,18.5,3.9
SKU-2509-UNI,Тяга/стійка straight_link UNI (R3),,UNI,straight_link,False,23.6,4.3,6.4,0.65,0.65,0.18,R3,R3,10.5,16,10.4,2.9
SKU-2510-UNI,Тяга/стійка straight_link UNI (R3),,UNI,straight_link,False,30.1,5.7,6.0,0.97,1.03,0.29,R3,R3,11.3,17,16.5,4.9
SKU-2511-UNI,Тяга/стійка straight_link UNI (R3),,UNI,straight_link,False,28.4,4.4,4.4,1.11,0.55,0.15,R3,R3,9.7,15,16.7,2.2
SKU-2512-UNI,Тяга/стійка straight_link UNI (R3),,UNI,straight_link,False,24.7,5.6,6.5,1.02,0.9,0.25,R3,R3,13.2,20,20.4,5.0
SKU-2513-UNI,Тяга/стійка trailing UNI (R3),,UNI,trailing,False,59.6,7.6,6.8,2.75,3.08,1.17,R3,R3,15.9,24,66.0,28.1
SKU-2514-UNI,Тяга/стійка straight_link UNI (R3),,UNI,straight_link,False,20.3,4.0,4.1,0.64,0.33,0.1,R3,R3,8.9,14,9.0,1.4
SKU-2515-UNI,Тяга/стійка straight_link UNI (R3),,UNI,straight_link,False,30.0,6.6,4.8,0.8,0.95,0.27,R3,R3,12.1,19,15.2,5.1
SKU-2516-UNI,Тяга/стійка straight_link UNI (R3),,UNI,straight_link,False,29.7,7.2,5.8,1.09,1.24,0.35,R3,R3,8.9,14,15.3,4.9
SKU-2517-UNI,Тяга/стійка straight_link UNI (R3),,UNI,straight_link,False,21.5,5.5,6.2,0.66,0.73,0.2,R3,R3,8.4,13,8.6,2.6
SKU-2518-UNI,Тяга/стійка straight_link UNI (R3),,UNI,straight_link,True,18.3,4.0,4.4,0.64,0.32,0.34,R3,R3,9.8,15,9.6,5.1
SKU-2519-UNI,Тяга/стійка straight_link UNI (R3),,UNI,straight_link,False,22.3,4.4,5.9,1.26,0.58,0.16,R3,R3,13.4,21,26.5,3.4
SKU-2520-LH,Важіль straight_link LH (R4),SKU-2520-RH,LH,straight_link,False,25.9,6.5,6.5,1.07,1.09,0.31,R4,R4,6.7,11,11.8,3.4
SKU-2520-RH,Важіль straight_link RH (R4),SKU-2520-LH,RH,straight_link,False,25.9,6.5,6.5,1.07,1.09,0.31,R4,R4,6.5,10,10.7,3.1
SKU-2521-LH,Важіль straight_link LH (R4),SKU-2521-RH,LH,straight_link,False,27.0,6.9,4.0,1.39,0.75,0.21,R4,R4,3.7,6,8.3,1.3
SKU-2521-RH,Важіль straight_link RH (R4),SKU-2521-LH,RH,straight_link,False,27.0,6.9,4.0,1.39,0.75,0.21,R4,R4,3.8,6,8.3,1.3
SKU-2522-LH,Важіль a_shaped LH (R4),SKU-2522-RH,LH,a_shaped,False,43.6,28.1,10.2,4.17,12.5,6.5,R4,R4,4.4,7,29.2,45.5
SKU-2522-RH,Важіль a_shaped RH (R4),SKU-2522-LH,RH,a_shaped,False,43.6,28.1,10.2,4.17,12.5,6.5,R4,R4,4.6,7,29.2,45.5
SKU-2523-LH,Важіль curved LH (R4),SKU-2523-RH,LH,curved,False,27.8,18.7,5.3,1.65,2.76,1.16,R4,R4,3.5,6,9.9,7.0
SKU-2523-RH,Важіль curved RH (R4),SKU-2523-LH,RH,curved,False,27.8,18.7,5.3,1.65,2.76,1.16,R4,R4,3.5,6,9.9,7.0
SKU-2524-LH,Важіль trailing LH (R4),SKU-2524-RH,LH,trailing,False,56.2,7.2,7.1,3.3,2.87,1.09,R4,R4,4.0,6,19.8,6.5
SKU-2524-RH,Важіль trailing RH (R4),SKU-2524-LH,RH,trailing,False,56.2,7.2,7.1,3.3,2.87,1.09,R4,R4,3.8,6,19.8,6.5
SKU-2525-LH,Важіль curved LH (R4),SKU-2525-RH,LH,curved,False,36.5,15.2,9.7,3.07,5.38,2.26,R4,R4,4.1,7,21.5,15.8
SKU-2525-RH,Важіль curved RH (R4),SKU-2525-LH,RH,curved,False,36.5,15.2,9.7,3.07,5.38,2.26,R4,R4,4.3,7,21.5,15.8
SKU-2526-LH,Важіль trailing LH (R4),SKU-2526-RH,LH,trailing,False,53.1,8.3,8.2,3.72,3.61,1.37,R4,R4,6.7,11,40.9,15.1
SKU-2526-RH,Важіль trailing RH (R4),SKU-2526-LH,RH,trailing,False,53.1,8.3,8.2,3.72,3.61,1.37,R4,R4,6.5,10,37.2,13.7
SKU-2527-LH,Важіль trailing LH (R4),SKU-2527-RH,LH,trailing,False,72.2,6.5,5.7,2.13,2.68,1.02,R4,R4,5.5,9,19.2,9.2
SKU-2527-RH,Важіль trailing RH (R4),SKU-2527-LH,RH,trailing,False,72.2,6.5,5.7,2.13,2.68,1.02,R4,R4,5.4,9,19.2,9.2
SKU-2528-LH,Важіль trailing LH (R4),SKU-2528-RH,LH,trailing,False,53.6,10.5,8.3,2.76,4.67,1.77,R4,R4,6.8,11,30.4,19.5
SKU-2528-RH,Важіль trailing RH (R4),SKU-2528-LH,RH,trailing,False,53.6,10.5,8.3,2.76,4.67,1.77,R4,R4,7.1,11,30.4,19.5
SKU-2529-LH,Важіль heavy_integral LH (R4),SKU-2529-RH,LH,heavy_integral,False,74.2,21.6,11.0,8.49,17.63,11.99,R4,R4,4.5,7,59.4,83.9
SKU-2529-RH,Важіль heavy_integral RH (R4),SKU-2529-LH,RH,heavy_integral,False,74.2,21.6,11.0,8.49,17.63,11.99,R4,R4,4.5,7,59.4,83.9
SKU-2530-LH,Важіль trailing LH (R4),SKU-2530-RH,LH,trailing,False,52.4,10.0,8.8,3.76,4.61,1.75,R4,R4,3.4,6,22.6,10.5
SKU-2530-RH,Важіль trailing RH (R4),SKU-2530-LH,RH,trailing,False,52.4,10.0,8.8,3.76,4.61,1.75,R4,R4,3.4,6,22.6,10.5
SKU-2531-LH,Важіль heavy_integral LH (R4),SKU-2531-RH,LH,heavy_integral,False,70.1,25.9,13.2,7.63,23.97,16.3,R4,R4,5.6,9,68.7,146.7
SKU-2531-RH,Важіль heavy_integral RH (R4),SKU-2531-LH,RH,heavy_integral,False,70.1,25.9,13.2,7.63,23.97,16.3,R4,R4,5.7,9,68.7,146.7
SKU-2532-LH,Важіль curved LH (R4),SKU-2532-RH,LH,curved,False,32.8,17.6,10.1,2.48,5.83,2.45,R4,R4,3.8,6,14.9,14.7
SKU-2532-RH,Важіль curved RH (R4),SKU-2532-LH,RH,curved,False,32.8,17.6,10.1,2.48,5.83,2.45,R4,R4,3.7,6,14.9,14.7
SKU-2533-LH,Важіль straight_link LH (R4),SKU-2533-RH,LH,straight_link,False,19.6,4.9,5.0,0.96,0.48,0.13,R4,R4,4.7,8,7.7,1.0
SKU-2533-RH,Важіль straight_link RH (R4),SKU-2533-LH,RH,straight_link,False,19.6,4.9,5.0,0.96,0.48,0.13,R4,R4,4.4,7,6.7,0.9
SKU-2534-LH,Важіль a_shaped LH (R4),SKU-2534-RH,LH,a_shaped,False,44.0,31.4,9.4,3.81,12.99,6.75,R4,R4,6.7,11,41.9,74.2
SKU-2534-RH,Важіль a_shaped RH (R4),SKU-2534-LH,RH,a_shaped,False,44.0,31.4,9.4,3.81,12.99,6.75,R4,R4,6.4,10,38.1,67.5
SKU-2535-LH,Важіль curved LH (R4),SKU-2535-RH,LH,curved,True,41.6,18.2,7.5,2.86,5.68,5.96,R4,R4,6.2,10,28.6,59.6
SKU-2535-RH,Важіль curved RH (R4),SKU-2535-LH,RH,curved,True,41.6,18.2,7.5,2.86,5.68,5.96,R4,R4,6.0,9,25.7,53.6
SKU-2536-LH,Важіль a_shaped LH (R4),SKU-2536-RH,LH,a_shaped,False,36.2,40.8,11.8,4.25,17.43,9.06,R4,R4,6.9,11,46.8,99.7
SKU-2536-RH,Важіль a_shaped RH (R4),SKU-2536-LH,RH,a_shaped,False,36.2,40.8,11.8,4.25,17.43,9.06,R4,R4,6.9,11,46.8,99.7
SKU-2537-LH,Важіль trailing LH (R4),SKU-2537-RH,LH,trailing,False,77.9,7.2,8.4,3.83,4.71,1.79,R4,R4,3.8,6,23.0,10.7
SKU-2537-RH,Важіль trailing RH (R4),SKU-2537-LH,RH,trailing,False,77.9,7.2,8.4,3.83,4.71,1.79,R4,R4,4.1,7,26.8,12.5
SKU-2538-LH,Важіль straight_link LH (R4),SKU-2538-RH,LH,straight_link,False,30.2,4.0,4.1,0.87,0.5,0.14,R4,R4,4.0,6,5.2,0.8
SKU-2538-RH,Важіль straight_link RH (R4),SKU-2538-LH,RH,straight_link,False,30.2,4.0,4.1,0.87,0.5,0.14,R4,R4,4.0,6,5.2,0.8
SKU-2539-LH,Важіль curved LH (R4),SKU-2539-RH,LH,curved,True,28.6,14.7,6.1,3.03,2.56,2.69,R4,R4,4.5,7,21.2,18.8
SKU-2539-RH,Важіль curved RH (R4),SKU-2539-LH,RH,curved,True,28.6,14.7,6.1,3.03,2.56,2.69,R4,R4,4.7,8,24.2,21.5
SKU-2540-LH,Важіль a_shaped LH (R4),SKU-2540-RH,LH,a_shaped,False,38.1,29.8,13.9,6.56,15.78,8.21,R4,R4,6.2,10,65.6,82.1
SKU-2540-RH,Важіль a_shaped RH (R4),SKU-2540-LH,RH,a_shaped,False,38.1,29.8,13.9,6.56,15.78,8.21,R4,R4,6.2,10,65.6,82.1
SKU-2541-LH,Важіль trailing LH (R4),SKU-2541-RH,LH,trailing,False,70.8,11.0,5.5,2.2,4.28,1.63,R4,R4,5.9,9,19.8,14.7
SKU-2541-RH,Важіль trailing RH (R4),SKU-2541-LH,RH,trailing,False,70.8,11.0,5.5,2.2,4.28,1.63,R4,R4,5.9,9,19.8,14.7
SKU-2542-LH,Важіль trailing LH (R4),SKU-2542-RH,LH,trailing,False,76.8,8.6,8.7,4.13,5.75,2.19,R4,R4,6.3,10,41.3,21.9
SKU-2542-RH,Важіль trailing RH (R4),SKU-2542-LH,RH,trailing,False,76.8,8.6,8.7,4.13,5.75,2.19,R4,R4,6.2,10,41.3,21.9
SKU-2543-LH,Важіль straight_link LH (R4),SKU-2543-RH,LH,straight_link,False,24.3,7.1,4.4,0.66,0.76,0.21,R4,R4,5.8,9,5.9,1.9
SKU-2543-RH,Важіль straight_link RH (R4),SKU-2543-LH,RH,straight_link,False,24.3,7.1,4.4,0.66,0.76,0.21,R4,R4,5.9,9,5.9,1.9
SKU-2544-LH,Важіль curved LH (R4),SKU-2544-RH,LH,curved,False,36.0,11.9,10.2,2.41,4.37,1.84,R4,R4,6.7,11,26.5,20.2
SKU-2544-RH,Важіль curved RH (R4),SKU-2544-LH,RH,curved,False,36.0,11.9,10.2,2.41,4.37,1.84,R4,R4,6.5,10,24.1,18.4
SKU-2545-LH,Важіль a_shaped LH (R4),SKU-2545-RH,LH,a_shaped,False,36.1,34.5,7.9,4.85,9.84,5.12,R4,R4,5.3,8,38.8,41.0
SKU-2545-RH,Важіль a_shaped RH (R4),SKU-2545-LH,RH,a_shaped,False,36.1,34.5,7.9,4.85,9.84,5.12,R4,R4,5.2,8,38.8,41.0
SKU-2546-LH,Важіль a_shaped LH (R4),SKU-2546-RH,LH,a_shaped,False,51.1,27.6,8.2,6.67,11.56,6.01,R4,R4,3.3,5,33.4,30.0
SKU-2546-RH,Важіль a_shaped RH (R4),SKU-2546-LH,RH,a_shaped,False,51.1,27.6,8.2,6.67,11.56,6.01,R4,R4,3.0,5,33.4,30.0
SKU-2547-LH,Важіль a_shaped LH (R4),SKU-2547-RH,LH,a_shaped,False,40.9,41.0,9.5,5.69,15.93,8.28,R4,R4,3.3,5,28.5,41.4
SKU-2547-RH,Важіль a_shaped RH (R4),SKU-2547-LH,RH,a_shaped,False,40.9,41.0,9.5,5.69,15.93,8.28,R4,R4,3.4,6,34.1,49.7
SKU-2548-LH,Важіль heavy_integral LH (R4),SKU-2548-RH,LH,heavy_integral,False,79.7,20.3,17.0,8.13,27.5,18.7,R4,R4,7.2,11,89.4,205.7
SKU-2548-RH,Важіль heavy_integral RH (R4),SKU-2548-LH,RH,heavy_integral,False,79.7,20.3,17.0,8.13,27.5,18.7,R4,R4,6.8,11,89.4,205.7
SKU-2549-LH,Важіль curved LH (R4),SKU-2549-RH,LH,curved,False,39.6,12.5,8.7,1.73,4.31,1.81,R4,R4,6.2,10,17.3,18.1
SKU-2549-RH,Важіль curved RH (R4),SKU-2549-LH,RH,curved,False,39.6,12.5,8.7,1.73,4.31,1.81,R4,R4,6.1,10,17.3,18.1
SKU-2550-LH,Важіль a_shaped LH (R4),SKU-2550-RH,LH,a_shaped,False,45.2,39.7,14.8,5.01,26.56,13.81,R4,R4,3.3,5,25.0,69.0
SKU-2550-RH,Важіль a_shaped RH (R4),SKU-2550-LH,RH,a_shaped,False,45.2,39.7,14.8,5.01,26.56,13.81,R4,R4,3.3,5,25.0,69.0
SKU-2551-LH,Важіль curved LH (R4),SKU-2551-RH,LH,curved,False,30.9,16.0,7.0,2.96,3.46,1.45,R4,R4,5.3,8,23.7,11.6
SKU-2551-RH,Важіль curved RH (R4),SKU-2551-LH,RH,curved,False,30.9,16.0,7.0,2.96,3.46,1.45,R4,R4,5.2,8,23.7,11.6
SKU-2552-LH,Важіль straight_link LH (R4),SKU-2552-RH,LH,straight_link,False,29.9,6.0,4.7,1.02,0.84,0.24,R4,R4,4.6,7,7.1,1.7
SKU-2552-RH,Важіль straight_link RH (R4),SKU-2552-LH,RH,straight_link,False,29.9,6.0,4.7,1.02,0.84,0.24,R4,R4,4.4,7,7.1,1.7
SKU-2553-LH,Важіль straight_link LH (R4),SKU-2553-RH,LH,straight_link,False,19.3,5.4,7.4,1.21,0.77,0.22,R4,R4,3.6,6,7.3,1.3
SKU-2553-RH,Важіль straight_link RH (R4),SKU-2553-LH,RH,straight_link,False,19.3,5.4,7.4,1.21,0.77,0.22,R4,R4,3.6,6,7.3,1.3
SKU-2554-LH,Важіль straight_link LH (R4),SKU-2554-RH,LH,straight_link,False,28.6,6.6,5.8,1.21,1.09,0.31,R4,R4,4.6,7,8.5,2.2
SKU-2554-RH,Важіль straight_link RH (R4),SKU-2554-LH,RH,straight_link,False,28.6,6.6,5.8,1.21,1.09,0.31,R4,R4,4.8,8,9.7,2.5
SKU-2555-LH,Важіль a_shaped LH (R4),SKU-2555-RH,LH,a_shaped,False,48.7,35.3,12.2,6.58,20.97,10.9,R4,R4,4.6,7,46.1,76.3
SKU-2555-RH,Важіль a_shaped RH (R4),SKU-2555-LH,RH,a_shaped,False,48.7,35.3,12.2,6.58,20.97,10.9,R4,R4,4.9,8,52.6,87.2
SKU-2556-LH,Важіль straight_link LH (R4),SKU-2556-RH,LH,straight_link,False,22.5,5.6,5.5,0.55,0.69,0.19,R4,R4,6.8,11,6.1,2.1
SKU-2556-RH,Важіль straight_link RH (R4),SKU-2556-LH,RH,straight_link,False,22.5,5.6,5.5,0.55,0.69,0.19,R4,R4,7.0,11,6.1,2.1
SKU-2557-LH,Важіль curved LH (R4),SKU-2557-RH,LH,curved,False,34.8,10.3,9.6,2.65,3.44,1.44,R4,R4,5.3,8,21.2,11.5
SKU-2557-RH,Важіль curved RH (R4),SKU-2557-LH,RH,curved,False,34.8,10.3,9.6,2.65,3.44,1.44,R4,R4,5.4,9,23.8,13.0
SKU-2558-LH,Важіль trailing LH (R4),SKU-2558-RH,LH,trailing,True,59.5,9.1,7.3,3.39,3.95,4.15,R4,R4,5.1,8,27.1,33.2
SKU-2558-RH,Важіль trailing RH (R4),SKU-2558-LH,RH,trailing,True,59.5,9.1,7.3,3.39,3.95,4.15,R4,R4,5.1,8,27.1,33.2
SKU-2559-LH,Важіль a_shaped LH (R4),SKU-2559-RH,LH,a_shaped,False,49.6,35.9,8.5,4.17,15.14,7.87,R4,R4,6.6,10,41.7,78.7
SKU-2559-RH,Важіль a_shaped RH (R4),SKU-2559-LH,RH,a_shaped,False,49.6,35.9,8.5,4.17,15.14,7.87,R4,R4,6.6,10,41.7,78.7
SKU-2560-LH,Важіль curved LH (R4),SKU-2560-RH,LH,curved,False,30.2,21.8,9.8,2.14,6.45,2.71,R4,R4,6.5,10,21.4,27.1
SKU-2560-RH,Важіль curved RH (R4),SKU-2560-LH,RH,curved,False,30.2,21.8,9.8,2.14,6.45,2.71,R4,R4,6.3,10,21.4,27.1
SKU-2561-LH,Важіль curved LH (R4),SKU-2561-RH,LH,curved,False,29.0,11.3,9.3,2.08,3.05,1.28,R4,R4,6.5,10,20.8,12.8
SKU-2561-RH,Важіль curved RH (R4),SKU-2561-LH,RH,curved,False,29.0,11.3,9.3,2.08,3.05,1.28,R4,R4,6.1,10,20.8,12.8
SKU-2562-LH,Важіль straight_link LH (R4),SKU-2562-RH,LH,straight_link,False,29.2,6.8,6.7,0.75,1.33,0.37,R4,R4,4.9,8,6.0,3.0
SKU-2562-RH,Важіль straight_link RH (R4),SKU-2562-LH,RH,straight_link,False,29.2,6.8,6.7,0.75,1.33,0.37,R4,R4,5.0,8,6.0,3.0
SKU-2563-LH,Важіль trailing LH (R4),SKU-2563-RH,LH,trailing,False,76.0,7.3,9.0,3.51,4.99,1.9,R4,R4,4.9,8,28.1,15.2
SKU-2563-RH,Важіль trailing RH (R4),SKU-2563-LH,RH,trailing,False,76.0,7.3,9.0,3.51,4.99,1.9,R4,R4,4.8,8,28.1,15.2
SKU-2564-LH,Важіль heavy_integral LH (R4),SKU-2564-RH,LH,heavy_integral,False,53.6,17.1,12.8,9.48,11.73,7.98,R4,R4,5.3,8,75.8,63.8
SKU-2564-RH,Важіль heavy_integral RH (R4),SKU-2564-LH,RH,heavy_integral,False,53.6,17.1,12.8,9.48,11.73,7.98,R4,R4,5.6,9,85.3,71.8
SKU-2565-LH,Важіль a_shaped LH (R4),SKU-2565-RH,LH,a_shaped,False,51.4,36.7,8.4,5.12,15.85,8.24,R4,R4,5.4,9,46.1,74.2
SKU-2565-RH,Важіль a_shaped RH (R4),SKU-2565-LH,RH,a_shaped,False,51.4,36.7,8.4,5.12,15.85,8.24,R4,R4,5.4,9,46.1,74.2
SKU-2566-LH,Важіль curved LH (R4),SKU-2566-RH,LH,curved,False,30.0,15.2,7.9,1.85,3.6,1.51,R4,R4,5.7,9,16.7,13.6
SKU-2566-RH,Важіль curved RH (R4),SKU-2566-LH,RH,curved,False,30.0,15.2,7.9,1.85,3.6,1.51,R4,R4,5.6,9,16.7,13.6
SKU-2567-LH,Важіль a_shaped LH (R4),SKU-2567-RH,LH,a_shaped,True,37.2,32.3,8.2,4.81,9.85,10.34,R4,R4,5.5,9,43.3,93.1
SKU-2567-RH,Важіль a_shaped RH (R4),SKU-2567-LH,RH,a_shaped,True,37.2,32.3,8.2,4.81,9.85,10.34,R4,R4,5.4,9,43.3,93.1
SKU-2568-LH,Важіль a_shaped LH (R4),SKU-2568-RH,LH,a_shaped,False,45.8,39.8,13.0,5.37,23.7,12.32,R4,R4,4.4,7,37.6,86.2
SKU-2568-RH,Важіль a_shaped RH (R4),SKU-2568-LH,RH,a_shaped,False,45.8,39.8,13.0,5.37,23.7,12.32,R4,R4,4.6,7,37.6,86.2
SKU-2569-LH,Важіль straight_link LH (R4),SKU-2569-RH,LH,straight_link,True,31.8,6.3,6.4,0.44,1.28,1.34,R4,R4,5.4,9,4.0,12.1
SKU-2569-RH,Важіль straight_link RH (R4),SKU-2569-LH,RH,straight_link,True,31.8,6.3,6.4,0.44,1.28,1.34,R4,R4,5.3,8,3.5,10.7
SKU-2570-LH,Важіль heavy_integral LH (R4),SKU-2570-RH,LH,heavy_integral,False,78.5,21.5,13.3,6.51,22.45,15.27,R4,R4,6.0,9,58.6,137.4
SKU-2570-RH,Важіль heavy_integral RH (R4),SKU-2570-LH,RH,heavy_integral,False,78.5,21.5,13.3,6.51,22.45,15.27,R4,R4,5.9,9,58.6,137.4
SKU-2571-LH,Важіль curved LH (R4),SKU-2571-RH,LH,curved,False,32.9,17.1,6.4,3.29,3.6,1.51,R4,R4,5.3,8,26.3,12.1
SKU-2571-RH,Важіль curved RH (R4),SKU-2571-LH,RH,curved,False,32.9,17.1,6.4,3.29,3.6,1.51,R4,R4,5.3,8,26.3,12.1
SKU-2572-LH,Важіль trailing LH (R4),SKU-2572-RH,LH,trailing,False,56.2,7.5,7.7,2.76,3.25,1.24,R4,R4,6.0,9,24.8,11.2
SKU-2572-RH,Важіль trailing RH (R4),SKU-2572-LH,RH,trailing,False,56.2,7.5,7.7,2.76,3.25,1.24,R4,R4,6.3,10,27.6,12.4
SKU-2573-LH,Важіль curved LH (R4),SKU-2573-RH,LH,curved,True,26.2,20.8,8.5,2.23,4.63,4.86,R4,R4,4.0,6,13.4,29.2
SKU-2573-RH,Важіль curved RH (R4),SKU-2573-LH,RH,curved,True,26.2,20.8,8.5,2.23,4.63,4.86,R4,R4,3.9,6,13.4,29.2
SKU-2574-LH,Важіль trailing LH (R4),SKU-2574-RH,LH,trailing,False,77.6,9.2,6.8,3.13,4.85,1.84,R4,R4,5.5,9,28.2,16.6
SKU-2574-RH,Важіль trailing RH (R4),SKU-2574-LH,RH,trailing,False,77.6,9.2,6.8,3.13,4.85,1.84,R4,R4,5.7,9,28.2,16.6
SKU-2575-LH,Важіль a_shaped LH (R4),SKU-2575-RH,LH,a_shaped,True,37.2,29.1,10.9,6.11,11.8,12.39,R4,R4,4.9,8,48.9,99.1
SKU-2575-RH,Важіль a_shaped RH (R4),SKU-2575-LH,RH,a_shaped,True,37.2,29.1,10.9,6.11,11.8,12.39,R4,R4,4.8,8,48.9,99.1
SKU-2576-LH,Важіль a_shaped LH (R4),SKU-2576-RH,LH,a_shaped,False,40.3,35.8,14.8,3.96,21.35,11.1,R4,R4,3.8,6,23.8,66.6
SKU-2576-RH,Важіль a_shaped RH (R4),SKU-2576-LH,RH,a_shaped,False,40.3,35.8,14.8,3.96,21.35,11.1,R4,R4,4.0,6,23.8,66.6
SKU-2577-LH,Важіль curved LH (R4),SKU-2577-RH,LH,curved,False,40.4,14.0,11.0,1.79,6.22,2.61,R4,R4,3.3,5,8.9,13.0
SKU-2577-RH,Важіль curved RH (R4),SKU-2577-LH,RH,curved,False,40.4,14.0,11.0,1.79,6.22,2.61,R4,R4,3.3,5,8.9,13.0
SKU-2578-LH,Важіль straight_link LH (R4),SKU-2578-RH,LH,straight_link,False,19.6,4.1,4.4,0.61,0.35,0.1,R4,R4,7.0,11,6.7,1.1
SKU-2578-RH,Важіль straight_link RH (R4),SKU-2578-LH,RH,straight_link,False,19.6,4.1,4.4,0.61,0.35,0.1,R4,R4,7.0,11,6.7,1.1
SKU-2579-LH,Важіль heavy_integral LH (R4),SKU-2579-RH,LH,heavy_integral,False,67.1,24.0,14.8,7.55,23.83,16.2,R4,R4,5.3,8,60.4,129.6
SKU-2579-RH,Важіль heavy_integral RH (R4),SKU-2579-LH,RH,heavy_integral,False,67.1,24.0,14.8,7.55,23.83,16.2,R4,R4,5.4,9,68.0,145.8
SKU-2580-LH,Важіль trailing LH (R4),SKU-2580-RH,LH,trailing,False,62.7,9.8,5.4,3.73,3.32,1.26,R4,R4,4.3,7,26.1,8.8
SKU-2580-RH,Важіль trailing RH (R4),SKU-2580-LH,RH,trailing,False,62.7,9.8,5.4,3.73,3.32,1.26,R4,R4,4.4,7,26.1,8.8
SKU-2581-LH,Важіль heavy_integral LH (R4),SKU-2581-RH,LH,heavy_integral,False,53.8,25.2,10.6,10.2,14.37,9.77,R4,R4,5.7,9,91.8,87.9
SKU-2581-RH,Важіль heavy_integral RH (R4),SKU-2581-LH,RH,heavy_integral,False,53.8,25.2,10.6,10.2,14.37,9.77,R4,R4,5.8,9,91.8,87.9
SKU-2582-LH,Важіль straight_link LH (R4),SKU-2582-RH,LH,straight_link,False,26.4,6.4,5.4,0.89,0.91,0.25,R4,R4,6.8,11,9.8,2.8
SKU-2582-RH,Важіль straight_link RH (R4),SKU-2582-LH,RH,straight_link,False,26.4,6.4,5.4,0.89,0.91,0.25,R4,R4,6.9,11,9.8,2.8
SKU-2583-LH,Важіль straight_link LH (R4),SKU-2583-RH,LH,straight_link,False,28.7,6.7,5.0,0.48,0.96,0.27,R4,R4,3.0,5,2.4,1.4
SKU-2583-RH,Важіль straight_link RH (R4),SKU-2583-LH,RH,straight_link,False,28.7,6.7,5.0,0.48,0.96,0.27,R4,R4,3.0,5,2.4,1.4
SKU-2584-LH,Важіль straight_link LH (R4),SKU-2584-RH,LH,straight_link,False,24.6,4.9,7.1,0.89,0.86,0.24,R4,R4,5.2,8,7.1,1.9
SKU-2584-RH,Важіль straight_link RH (R4),SKU-2584-LH,RH,straight_link,False,24.6,4.9,7.1,0.89,0.86,0.24,R4,R4,5.3,8,7.1,1.9
SKU-2585-LH,Важіль straight_link LH (R4),SKU-2585-RH,LH,straight_link,False,26.3,5.2,6.2,1.31,0.85,0.24,R4,R4,4.1,7,9.2,1.7
SKU-2585-RH,Важіль straight_link RH (R4),SKU-2585-LH,RH,straight_link,False,26.3,5.2,6.2,1.31,0.85,0.24,R4,R4,4.2,7,9.2,1.7
SKU-2586-LH,Важіль trailing LH (R4),SKU-2586-RH,LH,trailing,False,70.7,9.1,7.7,2.84,4.95,1.88,R4,R4,4.3,7,19.9,13.2
SKU-2586-RH,Важіль trailing RH (R4),SKU-2586-LH,RH,trailing,False,70.7,9.1,7.7,2.84,4.95,1.88,R4,R4,4.2,7,19.9,13.2
SKU-2587-LH,Важіль a_shaped LH (R4),SKU-2587-RH,LH,a_shaped,False,39.0,26.1,14.8,4.98,15.06,7.83,R4,R4,6.7,11,54.8,86.1
SKU-2587-RH,Важіль a_shaped RH (R4),SKU-2587-LH,RH,a_shaped,False,39.0,26.1,14.8,4.98,15.06,7.83,R4,R4,6.9,11,54.8,86.1
SKU-2588-LH,Важіль trailing LH (R4),SKU-2588-RH,LH,trailing,False,72.5,9.9,5.5,4.02,3.95,1.5,R4,R4,3.8,6,24.1,9.0
SKU-2588-RH,Важіль trailing RH (R4),SKU-2588-LH,RH,trailing,False,72.5,9.9,5.5,4.02,3.95,1.5,R4,R4,3.9,6,24.1,9.0
SKU-2589-LH,Важіль heavy_integral LH (R4),SKU-2589-RH,LH,heavy_integral,False,80.6,19.4,10.8,7.01,16.89,11.49,R4,R4,5.1,8,56.1,91.9
SKU-2589-RH,Важіль heavy_integral RH (R4),SKU-2589-LH,RH,heavy_integral,False,80.6,19.4,10.8,7.01,16.89,11.49,R4,R4,4.9,8,56.1,91.9
SKU-2590-LH,Важіль a_shaped LH (R4),SKU-2590-RH,LH,a_shaped,False,41.2,31.5,12.3,5.09,15.96,8.3,R4,R4,6.1,10,50.9,83.0
SKU-2590-RH,Важіль a_shaped RH (R4),SKU-2590-LH,RH,a_shaped,False,41.2,31.5,12.3,5.09,15.96,8.3,R4,R4,6.4,10,50.9,83.0
SKU-2591-LH,Важіль a_shaped LH (R4),SKU-2591-RH,LH,a_shaped,True,39.1,36.5,13.8,4.41,19.69,20.67,R4,R4,4.3,7,30.9,144.7
SKU-2591-RH,Важіль a_shaped RH (R4),SKU-2591-LH,RH,a_shaped,True,39.1,36.5,13.8,4.41,19.69,20.67,R4,R4,4.2,7,30.9,144.7
SKU-2592-LH,Важіль trailing LH (R4),SKU-2592-RH,LH,trailing,False,72.1,6.7,6.9,3.73,3.33,1.27,R4,R4,4.4,7,26.1,8.9
SKU-2592-RH,Важіль trailing RH (R4),SKU-2592-LH,RH,trailing,False,72.1,6.7,6.9,3.73,3.33,1.27,R4,R4,4.2,7,26.1,8.9
SKU-2593-LH,Важіль curved LH (R4),SKU-2593-RH,LH,curved,False,28.4,20.0,7.1,2.11,4.03,1.69,R4,R4,6.1,10,21.1,16.9
SKU-2593-RH,Важіль curved RH (R4),SKU-2593-LH,RH,curved,False,28.4,20.0,7.1,2.11,4.03,1.69,R4,R4,6.3,10,21.1,16.9
SKU-2594-LH,Важіль curved LH (R4),SKU-2594-RH,LH,curved,False,30.6,20.9,9.5,1.72,6.08,2.55,R4,R4,5.9,9,15.5,22.9
SKU-2594-RH,Важіль curved RH (R4),SKU-2594-LH,RH,curved,False,30.6,20.9,9.5,1.72,6.08,2.55,R4,R4,6.0,9,15.5,22.9
SKU-2595-LH,Важіль straight_link LH (R4),SKU-2595-RH,LH,straight_link,False,26.0,5.8,5.7,0.86,0.86,0.24,R4,R4,3.9,6,5.2,1.4
SKU-2595-RH,Важіль straight_link RH (R4),SKU-2595-LH,RH,straight_link,False,26.0,5.8,5.7,0.86,0.86,0.24,R4,R4,3.8,6,5.2,1.4
SKU-2596-LH,Важіль trailing LH (R4),SKU-2596-RH,LH,trailing,False,58.8,9.4,8.8,3.49,4.86,1.85,R4,R4,6.7,11,38.4,20.4
SKU-2596-RH,Важіль trailing RH (R4),SKU-2596-LH,RH,trailing,False,58.8,9.4,8.8,3.49,4.86,1.85,R4,R4,6.4,10,34.9,18.5
SKU-2597-LH,Важіль curved LH (R4),SKU-2597-RH,LH,curved,False,28.5,16.4,6.4,2.94,2.99,1.26,R4,R4,5.1,8,23.5,10.1
SKU-2597-RH,Важіль curved RH (R4),SKU-2597-LH,RH,curved,False,28.5,16.4,6.4,2.94,2.99,1.26,R4,R4,5.0,8,23.5,10.1
SKU-2598-LH,Важіль curved LH (R4),SKU-2598-RH,LH,curved,False,27.1,10.5,6.3,3.35,1.79,0.75,R4,R4,7.0,11,36.9,8.2
SKU-2598-RH,Важіль curved RH (R4),SKU-2598-LH,RH,curved,False,27.1,10.5,6.3,3.35,1.79,0.75,R4,R4,7.1,11,36.9,8.2
SKU-2599-LH,Важіль straight_link LH (R4),SKU-2599-RH,LH,straight_link,False,31.6,4.5,4.4,0.51,0.63,0.18,R4,R4,5.4,9,4.6,1.6
SKU-2599-RH,Важіль straight_link RH (R4),SKU-2599-LH,RH,straight_link,False,31.6,4.5,4.4,0.51,0.63,0.18,R4,R4,5.2,8,4.1,1.4
SKU-2600-LH,Важіль heavy_integral LH (R4),SKU-2600-RH,LH,heavy_integral,False,63.9,17.5,13.7,9.12,15.32,10.42,R4,R4,6.3,10,91.2,104.2
SKU-2600-RH,Важіль heavy_integral RH (R4),SKU-2600-LH,RH,heavy_integral,False,63.9,17.5,13.7,9.12,15.32,10.42,R4,R4,6.4,10,91.2,104.2
SKU-2601-LH,Важіль straight_link LH (R4),SKU-2601-RH,LH,straight_link,False,27.0,7.5,4.2,1.29,0.85,0.24,R4,R4,5.1,8,10.3,1.9
SKU-2601-RH,Важіль straight_link RH (R4),SKU-2601-LH,RH,straight_link,False,27.0,7.5,4.2,1.29,0.85,0.24,R4,R4,5.4,9,11.6,2.2
SKU-2602-LH,Важіль curved LH (R4),SKU-2602-RH,LH,curved,False,31.3,12.2,6.5,3.1,2.48,1.04,R4,R4,5.6,9,27.9,9.4
SKU-2602-RH,Важіль curved RH (R4),SKU-2602-LH,RH,curved,False,31.3,12.2,6.5,3.1,2.48,1.04,R4,R4,5.3,8,24.8,8.3
SKU-2603-LH,Важіль a_shaped LH (R4),SKU-2603-RH,LH,a_shaped,False,36.1,34.1,15.0,5.82,18.47,9.6,R4,R4,4.4,7,40.7,67.2
SKU-2603-RH,Важіль a_shaped RH (R4),SKU-2603-LH,RH,a_shaped,False,36.1,34.1,15.0,5.82,18.47,9.6,R4,R4,4.3,7,40.7,67.2
SKU-2604-LH,Важіль curved LH (R4),SKU-2604-RH,LH,curved,True,39.1,13.6,5.9,2.01,3.14,3.3,R4,R4,4.8,8,16.1,26.4
SKU-2604-RH,Важіль curved RH (R4),SKU-2604-LH,RH,curved,True,39.1,13.6,5.9,2.01,3.14,3.3,R4,R4,4.8,8,16.1,26.4
SKU-2605-LH,Важіль a_shaped LH (R4),SKU-2605-RH,LH,a_shaped,False,48.2,41.8,13.2,4.55,26.59,13.83,R4,R4,3.9,6,27.3,83.0
SKU-2605-RH,Важіль a_shaped RH (R4),SKU-2605-LH,RH,a_shaped,False,48.2,41.8,13.2,4.55,26.59,13.83,R4,R4,3.9,6,27.3,83.0
SKU-2606-LH,Важіль curved LH (R4),SKU-2606-RH,LH,curved,False,35.7,18.5,9.1,2.13,6.01,2.52,R4,R4,4.4,7,14.9,17.6
SKU-2606-RH,Важіль curved RH (R4),SKU-2606-LH,RH,curved,False,35.7,18.5,9.1,2.13,6.01,2.52,R4,R4,4.3,7,14.9,17.6
SKU-2607-LH,Важіль a_shaped LH (R4),SKU-2607-RH,LH,a_shaped,False,42.0,30.4,7.7,6.26,9.83,5.11,R4,R4,6.3,10,62.6,51.1
SKU-2607-RH,Важіль a_shaped RH (R4),SKU-2607-LH,RH,a_shaped,False,42.0,30.4,7.7,6.26,9.83,5.11,R4,R4,6.2,10,62.6,51.1
SKU-2608-LH,Важіль straight_link LH (R4),SKU-2608-RH,LH,straight_link,False,21.0,5.4,4.2,0.63,0.48,0.13,R4,R4,6.3,10,6.3,1.3
SKU-2608-RH,Важіль straight_link RH (R4),SKU-2608-LH,RH,straight_link,False,21.0,5.4,4.2,0.63,0.48,0.13,R4,R4,6.0,9,5.7,1.2
SKU-2609-LH,Важіль straight_link LH (R4),SKU-2609-RH,LH,straight_link,False,19.9,4.3,7.5,1.06,0.64,0.18,R4,R4,5.3,8,8.5,1.4
SKU-2609-RH,Важіль straight_link RH (R4),SKU-2609-LH,RH,straight_link,False,19.9,4.3,7.5,1.06,0.64,0.18,R4,R4,5.3,8,8.5,1.4
SKU-2610-LH,Важіль curved LH (R4),SKU-2610-RH,LH,curved,False,26.3,12.2,8.9,2.28,2.86,1.2,R4,R4,7.0,11,25.1,13.2
SKU-2610-RH,Важіль curved RH (R4),SKU-2610-LH,RH,curved,False,26.3,12.2,8.9,2.28,2.86,1.2,R4,R4,7.2,11,25.1,13.2
SKU-2611-LH,Важіль curved LH (R4),SKU-2611-RH,LH,curved,False,39.8,13.9,10.9,1.88,6.03,2.53,R4,R4,5.2,8,15.0,20.2
SKU-2611-RH,Важіль curved RH (R4),SKU-2611-LH,RH,curved,False,39.8,13.9,10.9,1.88,6.03,2.53,R4,R4,5.0,8,15.0,20.2
SKU-2612-LH,Важіль curved LH (R4),SKU-2612-RH,LH,curved,False,41.8,15.1,8.6,1.7,5.43,2.28,R4,R4,6.4,10,17.0,22.8
SKU-2612-RH,Важіль curved RH (R4),SKU-2612-LH,RH,curved,False,41.8,15.1,8.6,1.7,5.43,2.28,R4,R4,6.3,10,17.0,22.8
SKU-2613-LH,Важіль a_shaped LH (R4),SKU-2613-RH,LH,a_shaped,True,45.5,26.2,7.0,5.57,8.34,8.76,R4,R4,3.7,6,33.4,52.6
SKU-2613-RH,Важіль a_shaped RH (R4),SKU-2613-LH,RH,a_shaped,True,45.5,26.2,7.0,5.57,8.34,8.76,R4,R4,3.8,6,33.4,52.6
SKU-2614-LH,Важіль trailing LH (R4),SKU-2614-RH,LH,trailing,True,60.1,6.7,7.3,3.49,2.94,3.09,R4,R4,5.8,9,31.4,27.8
SKU-2614-RH,Важіль trailing RH (R4),SKU-2614-LH,RH,trailing,True,60.1,6.7,7.3,3.49,2.94,3.09,R4,R4,5.7,9,31.4,27.8
SKU-2615-LH,Важіль curved LH (R4),SKU-2615-RH,LH,curved,True,32.8,21.4,6.3,2.06,4.42,4.64,R4,R4,3.4,6,12.4,27.8
SKU-2615-RH,Важіль curved RH (R4),SKU-2615-LH,RH,curved,True,32.8,21.4,6.3,2.06,4.42,4.64,R4,R4,3.5,6,12.4,27.8
SKU-2616-LH,Важіль curved LH (R4),SKU-2616-RH,LH,curved,False,39.8,15.8,5.8,2.12,3.65,1.53,R4,R4,5.7,9,19.1,13.8
SKU-2616-RH,Важіль curved RH (R4),SKU-2616-LH,RH,curved,False,39.8,15.8,5.8,2.12,3.65,1.53,R4,R4,5.7,9,19.1,13.8
SKU-2617-LH,Важіль curved LH (R4),SKU-2617-RH,LH,curved,False,36.2,20.6,8.5,3.0,6.34,2.66,R4,R4,4.1,7,21.0,18.6
SKU-2617-RH,Важіль curved RH (R4),SKU-2617-LH,RH,curved,False,36.2,20.6,8.5,3.0,6.34,2.66,R4,R4,4.1,7,21.0,18.6
SKU-2618-LH,Важіль trailing LH (R4),SKU-2618-RH,LH,trailing,False,72.3,9.6,5.2,3.32,3.61,1.37,R4,R4,3.7,6,19.9,8.2
SKU-2618-RH,Важіль trailing RH (R4),SKU-2618-LH,RH,trailing,False,72.3,9.6,5.2,3.32,3.61,1.37,R4,R4,3.6,6,19.9,8.2
SKU-2619-LH,Важіль heavy_integral LH (R4),SKU-2619-RH,LH,heavy_integral,False,53.9,21.9,12.8,6.35,15.11,10.27,R4,R4,5.1,8,50.8,82.2
SKU-2619-RH,Важіль heavy_integral RH (R4),SKU-2619-LH,RH,heavy_integral,False,53.9,21.9,12.8,6.35,15.11,10.27,R4,R4,5.0,8,50.8,82.2
SKU-2620-LH,Важіль curved LH (R4),SKU-2620-RH,LH,curved,False,40.6,19.1,9.9,1.99,7.68,3.23,R4,R4,4.0,6,11.9,19.4
SKU-2620-RH,Важіль curved RH (R4),SKU-2620-LH,RH,curved,False,40.6,19.1,9.9,1.99,7.68,3.23,R4,R4,4.1,7,13.9,22.6
SKU-2621-LH,Важіль a_shaped LH (R4),SKU-2621-RH,LH,a_shaped,False,47.5,40.1,12.1,4.84,23.05,11.99,R4,R4,4.5,7,33.9,83.9
SKU-2621-RH,Важіль a_shaped RH (R4),SKU-2621-LH,RH,a_shaped,False,47.5,40.1,12.1,4.84,23.05,11.99,R4,R4,4.5,7,33.9,83.9
SKU-2622-LH,Важіль curved LH (R4),SKU-2622-RH,LH,curved,False,33.0,16.6,8.3,2.1,4.55,1.91,R4,R4,4.9,8,16.8,15.3
SKU-2622-RH,Важіль curved RH (R4),SKU-2622-LH,RH,curved,False,33.0,16.6,8.3,2.1,4.55,1.91,R4,R4,4.9,8,16.8,15.3
SKU-2623-LH,Важіль trailing LH (R4),SKU-2623-RH,LH,trailing,False,63.7,9.0,8.6,3.92,4.93,1.87,R4,R4,6.4,10,39.2,18.7
SKU-2623-RH,Важіль trailing RH (R4),SKU-2623-LH,RH,trailing,False,63.7,9.0,8.6,3.92,4.93,1.87,R4,R4,6.3,10,39.2,18.7
SKU-2624-LH,Важіль straight_link LH (R4),SKU-2624-RH,LH,straight_link,False,21.9,7.2,6.3,0.48,0.99,0.28,R4,R4,3.4,6,2.9,1.7
SKU-2624-RH,Важіль straight_link RH (R4),SKU-2624-LH,RH,straight_link,False,21.9,7.2,6.3,0.48,0.99,0.28,R4,R4,3.6,6,2.9,1.7
SKU-2625-LH,Важіль straight_link LH (R4),SKU-2625-RH,LH,straight_link,False,30.0,7.3,4.7,0.71,1.03,0.29,R4,R4,3.9,6,4.3,1.7
SKU-2625-RH,Важіль straight_link RH (R4),SKU-2625-LH,RH,straight_link,False,30.0,7.3,4.7,0.71,1.03,0.29,R4,R4,4.1,7,5.0,2.0
SKU-2626-LH,Важіль trailing LH (R4),SKU-2626-RH,LH,trailing,False,71.2,8.5,5.1,2.23,3.09,1.17,R4,R4,5.2,8,17.8,9.4
SKU-2626-RH,Важіль trailing RH (R4),SKU-2626-LH,RH,trailing,False,71.2,8.5,5.1,2.23,3.09,1.17,R4,R4,5.0,8,17.8,9.4
SKU-2627-LH,Важіль curved LH (R4),SKU-2627-RH,LH,curved,False,39.0,14.9,9.5,2.33,5.52,2.32,R4,R4,5.8,9,21.0,20.9
SKU-2627-RH,Важіль curved RH (R4),SKU-2627-LH,RH,curved,False,39.0,14.9,9.5,2.33,5.52,2.32,R4,R4,5.9,9,21.0,20.9
SKU-2628-LH,Важіль straight_link LH (R4),SKU-2628-RH,LH,straight_link,False,23.8,4.6,4.7,1.09,0.51,0.14,R4,R4,6.6,10,10.9,1.4
SKU-2628-RH,Важіль straight_link RH (R4),SKU-2628-LH,RH,straight_link,False,23.8,4.6,4.7,1.09,0.51,0.14,R4,R4,6.5,10,10.9,1.4
SKU-2629-LH,Важіль curved LH (R4),SKU-2629-RH,LH,curved,False,33.3,13.5,6.4,2.92,2.88,1.21,R4,R4,3.0,5,14.6,6.0
SKU-2629-RH,Важіль curved RH (R4),SKU-2629-LH,RH,curved,False,33.3,13.5,6.4,2.92,2.88,1.21,R4,R4,3.1,5,14.6,6.0
SKU-2630-LH,Важіль trailing LH (R4),SKU-2630-RH,LH,trailing,False,67.7,9.3,7.6,3.04,4.79,1.82,R4,R4,4.5,7,21.3,12.7
SKU-2630-RH,Важіль trailing RH (R4),SKU-2630-LH,RH,trailing,False,67.7,9.3,7.6,3.04,4.79,1.82,R4,R4,4.5,7,21.3,12.7
SKU-2631-LH,Важіль a_shaped LH (R4),SKU-2631-RH,LH,a_shaped,False,37.6,27.1,7.8,5.47,7.95,4.13,R4,R4,3.2,5,27.3,20.6
SKU-2631-RH,Важіль a_shaped RH (R4),SKU-2631-LH,RH,a_shaped,False,37.6,27.1,7.8,5.47,7.95,4.13,R4,R4,3.3,5,27.3,20.6
SKU-2632-LH,Важіль a_shaped LH (R4),SKU-2632-RH,LH,a_shaped,False,48.2,37.9,9.0,5.93,16.44,8.55,R4,R4,5.9,9,53.4,77.0
SKU-2632-RH,Важіль a_shaped RH (R4),SKU-2632-LH,RH,a_shaped,False,48.2,37.9,9.0,5.93,16.44,8.55,R4,R4,5.9,9,53.4,77.0
SKU-2633-LH,Важіль a_shaped LH (R4),SKU-2633-RH,LH,a_shaped,False,50.7,36.2,8.4,5.78,15.42,8.02,R4,R4,4.7,8,46.2,64.2
SKU-2633-RH,Важіль a_shaped RH (R4),SKU-2633-LH,RH,a_shaped,False,50.7,36.2,8.4,5.78,15.42,8.02,R4,R4,4.8,8,46.2,64.2
SKU-2634-LH,Важіль heavy_integral LH (R4),SKU-2634-RH,LH,heavy_integral,False,76.0,23.2,14.9,6.85,26.27,17.86,R4,R4,6.6,10,68.5,178.6
SKU-2634-RH,Важіль heavy_integral RH (R4),SKU-2634-LH,RH,heavy_integral,False,76.0,23.2,14.9,6.85,26.27,17.86,R4,R4,6.2,10,68.5,178.6
SKU-2635-LH,Важіль straight_link LH (R4),SKU-2635-RH,LH,straight_link,False,21.6,6.6,6.5,0.54,0.93,0.26,R4,R4,6.3,10,5.4,2.6
SKU-2635-RH,Важіль straight_link RH (R4),SKU-2635-LH,RH,straight_link,False,21.6,6.6,6.5,0.54,0.93,0.26,R4,R4,6.7,11,5.9,2.9
SKU-2636-LH,Важіль trailing LH (R4),SKU-2636-RH,LH,trailing,False,60.5,6.8,5.7,3.49,2.34,0.89,R4,R4,5.0,8,27.9,7.1
SKU-2636-RH,Важіль trailing RH (R4),SKU-2636-LH,RH,trailing,False,60.5,6.8,5.7,3.49,2.34,0.89,R4,R4,5.0,8,27.9,7.1
SKU-2637-LH,Важіль curved LH (R4),SKU-2637-RH,LH,curved,True,37.9,18.5,5.4,2.61,3.79,3.98,R4,R4,3.4,6,15.7,23.9
SKU-2637-RH,Важіль curved RH (R4),SKU-2637-LH,RH,curved,True,37.9,18.5,5.4,2.61,3.79,3.98,R4,R4,3.4,6,15.7,23.9
SKU-2638-LH,Важіль trailing LH (R4),SKU-2638-RH,LH,trailing,False,76.1,10.1,8.3,3.3,6.38,2.42,R4,R4,4.1,7,23.1,16.9
SKU-2638-RH,Важіль trailing RH (R4),SKU-2638-LH,RH,trailing,False,76.1,10.1,8.3,3.3,6.38,2.42,R4,R4,4.2,7,23.1,16.9
SKU-2639-LH,Важіль curved LH (R4),SKU-2639-RH,LH,curved,False,28.8,13.1,7.8,2.02,2.94,1.23,R4,R4,5.5,9,18.2,11.1
SKU-2639-RH,Важіль curved RH (R4),SKU-2639-LH,RH,curved,False,28.8,13.1,7.8,2.02,2.94,1.23,R4,R4,5.5,9,18.2,11.1
SKU-2640-LH,Важіль trailing LH (R4),SKU-2640-RH,LH,trailing,False,67.2,8.4,5.7,3.98,3.22,1.22,R4,R4,3.9,6,23.9,7.3
SKU-2640-RH,Важіль trailing RH (R4),SKU-2640-LH,RH,trailing,False,67.2,8.4,5.7,3.98,3.22,1.22,R4,R4,4.1,7,27.9,8.5
SKU-2641-LH,Важіль straight_link LH (R4),SKU-2641-RH,LH,straight_link,False,23.2,4.1,4.5,0.57,0.43,0.12,R4,R4,3.3,5,2.8,0.6
SKU-2641-RH,Важіль straight_link RH (R4),SKU-2641-LH,RH,straight_link,False,23.2,4.1,4.5,0.57,0.43,0.12,R4,R4,3.3,5,2.8,0.6
SKU-2642-LH,Важіль straight_link LH (R4),SKU-2642-RH,LH,straight_link,False,30.2,4.7,5.1,0.55,0.72,0.2,R4,R4,5.4,9,5.0,1.8
SKU-2642-RH,Важіль straight_link RH (R4),SKU-2642-LH,RH,straight_link,False,30.2,4.7,5.1,0.55,0.72,0.2,R4,R4,5.5,9,5.0,1.8
SKU-2643-LH,Важіль trailing LH (R4),SKU-2643-RH,LH,trailing,False,66.2,9.1,8.7,2.73,5.24,1.99,R4,R4,4.5,7,19.1,13.9
SKU-2643-RH,Важіль trailing RH (R4),SKU-2643-LH,RH,trailing,False,66.2,9.1,8.7,2.73,5.24,1.99,R4,R4,4.5,7,19.1,13.9
SKU-2644-LH,Важіль trailing LH (R4),SKU-2644-RH,LH,trailing,False,61.8,8.3,6.7,2.47,3.44,1.31,R4,R4,6.8,11,27.2,14.4
SKU-2644-RH,Важіль trailing RH (R4),SKU-2644-LH,RH,trailing,False,61.8,8.3,6.7,2.47,3.44,1.31,R4,R4,6.7,11,27.2,14.4
SKU-2645-LH,Важіль curved LH (R4),SKU-2645-RH,LH,curved,False,40.4,11.6,6.5,2.58,3.05,1.28,R4,R4,6.0,9,23.2,11.5
SKU-2645-RH,Важіль curved RH (R4),SKU-2645-LH,RH,curved,False,40.4,11.6,6.5,2.58,3.05,1.28,R4,R4,6.4,10,25.8,12.8
SKU-2646-LH,Важіль straight_link LH (R4),SKU-2646-RH,LH,straight_link,False,23.0,5.0,4.6,1.19,0.53,0.15,R4,R4,6.8,11,13.1,1.6
SKU-2646-RH,Важіль straight_link RH (R4),SKU-2646-LH,RH,straight_link,False,23.0,5.0,4.6,1.19,0.53,0.15,R4,R4,7.1,11,13.1,1.6
SKU-2647-LH,Важіль a_shaped LH (R4),SKU-2647-RH,LH,a_shaped,False,43.7,36.8,10.5,5.39,16.89,8.78,R4,R4,3.3,5,26.9,43.9
SKU-2647-RH,Важіль a_shaped RH (R4),SKU-2647-LH,RH,a_shaped,False,43.7,36.8,10.5,5.39,16.89,8.78,R4,R4,3.1,5,26.9,43.9
SKU-2648-LH,Важіль straight_link LH (R4),SKU-2648-RH,LH,straight_link,False,29.5,4.8,5.1,0.88,0.72,0.2,R4,R4,5.3,8,7.0,1.6
SKU-2648-RH,Важіль straight_link RH (R4),SKU-2648-LH,RH,straight_link,False,29.5,4.8,5.1,0.88,0.72,0.2,R4,R4,5.4,9,7.9,1.8
SKU-2649-LH,Важіль trailing LH (R4),SKU-2649-RH,LH,trailing,False,53.4,6.0,5.4,3.76,1.73,0.66,R4,R4,6.8,11,41.4,7.3
SKU-2649-RH,Важіль trailing RH (R4),SKU-2649-LH,RH,trailing,False,53.4,6.0,5.4,3.76,1.73,0.66,R4,R4,6.9,11,41.4,7.3
SKU-2650-LH,Важіль curved LH (R4),SKU-2650-RH,LH,curved,False,34.8,11.7,8.7,3.28,3.54,1.49,R4,R4,3.9,6,19.7,8.9
SKU-2650-RH,Важіль curved RH (R4),SKU-2650-LH,RH,curved,False,34.8,11.7,8.7,3.28,3.54,1.49,R4,R4,3.6,6,19.7,8.9
SKU-2651-LH,Важіль trailing LH (R4),SKU-2651-RH,LH,trailing,False,54.9,7.8,5.7,2.88,2.44,0.93,R4,R4,4.6,7,20.2,6.5
SKU-2651-RH,Важіль trailing RH (R4),SKU-2651-LH,RH,trailing,False,54.9,7.8,5.7,2.88,2.44,0.93,R4,R4,4.7,8,23.0,7.4
SKU-2652-LH,Важіль a_shaped LH (R4),SKU-2652-RH,LH,a_shaped,False,42.4,29.1,9.2,6.33,11.35,5.9,R4,R4,5.3,8,50.6,47.2
SKU-2652-RH,Важіль a_shaped RH (R4),SKU-2652-LH,RH,a_shaped,False,42.4,29.1,9.2,6.33,11.35,5.9,R4,R4,5.1,8,50.6,47.2
SKU-2653-LH,Важіль curved LH (R4),SKU-2653-RH,LH,curved,False,30.5,21.3,10.3,1.75,6.69,2.81,R4,R4,5.0,8,14.0,22.5
SKU-2653-RH,Важіль curved RH (R4),SKU-2653-LH,RH,curved,False,30.5,21.3,10.3,1.75,6.69,2.81,R4,R4,5.0,8,14.0,22.5
SKU-2654-LH,Важіль curved LH (R4),SKU-2654-RH,LH,curved,False,34.4,14.0,6.2,3.04,2.99,1.26,R4,R4,5.5,9,27.4,11.3
SKU-2654-RH,Важіль curved RH (R4),SKU-2654-LH,RH,curved,False,34.4,14.0,6.2,3.04,2.99,1.26,R4,R4,5.4,9,27.4,11.3
SKU-2655-LH,Важіль curved LH (R4),SKU-2655-RH,LH,curved,False,41.4,16.2,7.4,2.54,4.96,2.08,R4,R4,6.0,9,22.9,18.7
SKU-2655-RH,Важіль curved RH (R4),SKU-2655-LH,RH,curved,False,41.4,16.2,7.4,2.54,4.96,2.08,R4,R4,6.0,9,22.9,18.7
SKU-2656-LH,Важіль trailing LH (R4),SKU-2656-RH,LH,trailing,False,69.3,9.6,8.5,2.88,5.65,2.15,R4,R4,3.4,6,17.3,12.9
SKU-2656-RH,Важіль trailing RH (R4),SKU-2656-LH,RH,trailing,False,69.3,9.6,8.5,2.88,5.65,2.15,R4,R4,3.3,5,14.4,10.8
SKU-2657-LH,Важіль straight_link LH (R4),SKU-2657-RH,LH,straight_link,False,27.3,5.9,4.7,1.16,0.76,0.21,R4,R4,6.2,10,11.6,2.1
SKU-2657-RH,Важіль straight_link RH (R4),SKU-2657-LH,RH,straight_link,False,27.3,5.9,4.7,1.16,0.76,0.21,R4,R4,6.2,10,11.6,2.1
SKU-2658-LH,Важіль heavy_integral LH (R4),SKU-2658-RH,LH,heavy_integral,False,52.7,19.4,12.5,10.3,12.78,8.69,R4,R4,6.2,10,103.0,86.9
SKU-2658-RH,Важіль heavy_integral RH (R4),SKU-2658-LH,RH,heavy_integral,False,52.7,19.4,12.5,10.3,12.78,8.69,R4,R4,6.1,10,103.0,86.9
SKU-2659-LH,Важіль curved LH (R4),SKU-2659-RH,LH,curved,False,41.7,14.5,5.6,2.49,3.39,1.42,R4,R4,6.7,11,27.4,15.6
SKU-2659-RH,Важіль curved RH (R4),SKU-2659-LH,RH,curved,False,41.7,14.5,5.6,2.49,3.39,1.42,R4,R4,6.2,10,24.9,14.2
SKU-2660-LH,Важіль heavy_integral LH (R4),SKU-2660-RH,LH,heavy_integral,False,58.7,16.4,16.8,9.91,16.17,11.0,R4,R4,5.4,9,89.2,99.0
SKU-2660-RH,Важіль heavy_integral RH (R4),SKU-2660-LH,RH,heavy_integral,False,58.7,16.4,16.8,9.91,16.17,11.0,R4,R4,5.5,9,89.2,99.0
SKU-2661-LH,Важіль straight_link LH (R4),SKU-2661-RH,LH,straight_link,False,30.5,5.9,7.4,1.4,1.33,0.37,R4,R4,3.6,6,8.4,2.2
SKU-2661-RH,Важіль straight_link RH (R4),SKU-2661-LH,RH,straight_link,False,30.5,5.9,7.4,1.4,1.33,0.37,R4,R4,3.5,6,8.4,2.2
SKU-2662-LH,Важіль trailing LH (R4),SKU-2662-RH,LH,trailing,False,67.9,6.3,7.0,3.93,2.99,1.14,R4,R4,3.8,6,23.6,6.8
SKU-2662-RH,Важіль trailing RH (R4),SKU-2662-LH,RH,trailing,False,67.9,6.3,7.0,3.93,2.99,1.14,R4,R4,4.0,6,23.6,6.8
SKU-2663-LH,Важіль straight_link LH (R4),SKU-2663-RH,LH,straight_link,False,23.0,5.5,5.8,1.03,0.73,0.2,R4,R4,6.2,10,10.3,2.0
SKU-2663-RH,Важіль straight_link RH (R4),SKU-2663-LH,RH,straight_link,False,23.0,5.5,5.8,1.03,0.73,0.2,R4,R4,6.4,10,10.3,2.0
SKU-2664-LH,Важіль curved LH (R4),SKU-2664-RH,LH,curved,False,31.4,17.9,9.3,2.6,5.23,2.2,R4,R4,3.1,5,13.0,11.0
SKU-2664-RH,Важіль curved RH (R4),SKU-2664-LH,RH,curved,False,31.4,17.9,9.3,2.6,5.23,2.2,R4,R4,3.2,5,13.0,11.0
SKU-2665-LH,Важіль a_shaped LH (R4),SKU-2665-RH,LH,a_shaped,False,46.8,26.3,13.0,4.45,16.0,8.32,R4,R4,4.2,7,31.2,58.2
SKU-2665-RH,Важіль a_shaped RH (R4),SKU-2665-LH,RH,a_shaped,False,46.8,26.3,13.0,4.45,16.0,8.32,R4,R4,4.1,7,31.2,58.2
SKU-2666-LH,Важіль curved LH (R4),SKU-2666-RH,LH,curved,False,27.4,15.3,10.1,2.71,4.23,1.78,R4,R4,4.1,7,19.0,12.5
SKU-2666-RH,Важіль curved RH (R4),SKU-2666-LH,RH,curved,False,27.4,15.3,10.1,2.71,4.23,1.78,R4,R4,4.2,7,19.0,12.5
SKU-2667-LH,Важіль curved LH (R4),SKU-2667-RH,LH,curved,False,40.3,14.1,11.0,1.61,6.25,2.62,R4,R4,3.2,5,8.1,13.1
SKU-2667-RH,Важіль curved RH (R4),SKU-2667-LH,RH,curved,False,40.3,14.1,11.0,1.61,6.25,2.62,R4,R4,3.0,5,8.1,13.1
SKU-2668-LH,Важіль curved LH (R4),SKU-2668-RH,LH,curved,True,29.8,15.1,9.4,2.72,4.23,4.44,R4,R4,4.0,6,16.3,26.6
SKU-2668-RH,Важіль curved RH (R4),SKU-2668-LH,RH,curved,True,29.8,15.1,9.4,2.72,4.23,4.44,R4,R4,4.1,7,19.0,31.1
SKU-2669-LH,Важіль a_shaped LH (R4),SKU-2669-RH,LH,a_shaped,False,41.2,41.7,12.7,3.8,21.82,11.35,R4,R4,3.1,5,19.0,56.8
SKU-2669-RH,Важіль a_shaped RH (R4),SKU-2669-LH,RH,a_shaped,False,41.2,41.7,12.7,3.8,21.82,11.35,R4,R4,3.2,5,19.0,56.8
SKU-2670-LH,Важіль trailing LH (R4),SKU-2670-RH,LH,trailing,False,65.3,6.5,8.7,2.82,3.69,1.4,R4,R4,6.9,11,31.0,15.4
SKU-2670-RH,Важіль trailing RH (R4),SKU-2670-LH,RH,trailing,False,65.3,6.5,8.7,2.82,3.69,1.4,R4,R4,6.4,10,28.2,14.0
SKU-2671-LH,Важіль a_shaped LH (R4),SKU-2671-RH,LH,a_shaped,False,36.4,40.5,11.1,3.84,16.36,8.51,R4,R4,3.4,6,23.0,51.1
SKU-2671-RH,Важіль a_shaped RH (R4),SKU-2671-LH,RH,a_shaped,False,36.4,40.5,11.1,3.84,16.36,8.51,R4,R4,3.6,6,23.0,51.1
SKU-2672-LH,Важіль a_shaped LH (R4),SKU-2672-RH,LH,a_shaped,False,49.9,31.9,7.3,6.72,11.62,6.04,R4,R4,3.2,5,33.6,30.2
SKU-2672-RH,Важіль a_shaped RH (R4),SKU-2672-LH,RH,a_shaped,False,49.9,31.9,7.3,6.72,11.62,6.04,R4,R4,3.0,5,33.6,30.2
SKU-2673-LH,Важіль a_shaped LH (R4),SKU-2673-RH,LH,a_shaped,True,47.0,41.7,14.7,4.11,28.81,30.25,R4,R4,3.7,6,24.7,181.5
SKU-2673-RH,Важіль a_shaped RH (R4),SKU-2673-LH,RH,a_shaped,True,47.0,41.7,14.7,4.11,28.81,30.25,R4,R4,3.8,6,24.7,181.5
SKU-2674-LH,Важіль trailing LH (R4),SKU-2674-RH,LH,trailing,False,56.7,10.8,7.6,3.88,4.65,1.77,R4,R4,5.1,8,31.0,14.2
SKU-2674-RH,Важіль trailing RH (R4),SKU-2674-LH,RH,trailing,False,56.7,10.8,7.6,3.88,4.65,1.77,R4,R4,5.4,9,34.9,15.9
SKU-2675-LH,Важіль trailing LH (R4),SKU-2675-RH,LH,trailing,False,74.5,10.8,7.7,3.25,6.2,2.36,R4,R4,2.9,5,16.2,11.8
SKU-2675-RH,Важіль trailing RH (R4),SKU-2675-LH,RH,trailing,False,74.5,10.8,7.7,3.25,6.2,2.36,R4,R4,2.9,5,16.2,11.8
SKU-2676-LH,Важіль curved LH (R4),SKU-2676-RH,LH,curved,False,30.1,13.7,7.2,2.36,2.97,1.25,R4,R4,3.3,5,11.8,6.2
SKU-2676-RH,Важіль curved RH (R4),SKU-2676-LH,RH,curved,False,30.1,13.7,7.2,2.36,2.97,1.25,R4,R4,3.4,6,14.2,7.5
SKU-2677-LH,Важіль straight_link LH (R4),SKU-2677-RH,LH,straight_link,False,24.2,6.2,6.9,0.83,1.04,0.29,R4,R4,5.8,9,7.5,2.6
SKU-2677-RH,Важіль straight_link RH (R4),SKU-2677-LH,RH,straight_link,False,24.2,6.2,6.9,0.83,1.04,0.29,R4,R4,5.7,9,7.5,2.6
SKU-2678-LH,Важіль curved LH (R4),SKU-2678-RH,LH,curved,False,36.3,12.1,8.4,3.37,3.69,1.55,R4,R4,5.2,8,27.0,12.4
SKU-2678-RH,Важіль curved RH (R4),SKU-2678-LH,RH,curved,False,36.3,12.1,8.4,3.37,3.69,1.55,R4,R4,5.0,8,27.0,12.4
SKU-2679-LH,Важіль straight_link LH (R4),SKU-2679-RH,LH,straight_link,False,26.1,4.1,6.1,0.67,0.65,0.18,R4,R4,3.2,5,3.4,0.9
SKU-2679-RH,Важіль straight_link RH (R4),SKU-2679-LH,RH,straight_link,False,26.1,4.1,6.1,0.67,0.65,0.18,R4,R4,3.1,5,3.4,0.9
SKU-2680-LH,Важіль curved LH (R4),SKU-2680-RH,LH,curved,False,30.6,12.3,10.8,2.25,4.06,1.71,R4,R4,5.5,9,20.2,15.4
SKU-2680-RH,Важіль curved RH (R4),SKU-2680-LH,RH,curved,False,30.6,12.3,10.8,2.25,4.06,1.71,R4,R4,5.4,9,20.2,15.4
SKU-2681-LH,Важіль a_shaped LH (R4),SKU-2681-RH,LH,a_shaped,False,46.8,32.5,13.9,4.18,21.14,10.99,R4,R4,5.4,9,37.6,98.9
SKU-2681-RH,Важіль a_shaped RH (R4),SKU-2681-LH,RH,a_shaped,False,46.8,32.5,13.9,4.18,21.14,10.99,R4,R4,5.2,8,33.4,87.9
SKU-2682-LH,Важіль trailing LH (R4),SKU-2682-RH,LH,trailing,False,69.0,10.2,8.8,2.67,6.19,2.35,R4,R4,3.7,6,16.0,14.1
SKU-2682-RH,Важіль trailing RH (R4),SKU-2682-LH,RH,trailing,False,69.0,10.2,8.8,2.67,6.19,2.35,R4,R4,3.7,6,16.0,14.1
SKU-2683-LH,Важіль heavy_integral LH (R4),SKU-2683-RH,LH,heavy_integral,False,50.1,19.4,17.8,9.19,17.3,11.76,R4,R4,4.5,7,64.3,82.3
SKU-2683-RH,Важіль heavy_integral RH (R4),SKU-2683-LH,RH,heavy_integral,False,50.1,19.4,17.8,9.19,17.3,11.76,R4,R4,4.6,7,64.3,82.3
SKU-2684-LH,Важіль curved LH (R4),SKU-2684-RH,LH,curved,False,27.7,20.9,11.0,1.9,6.37,2.68,R4,R4,3.2,5,9.5,13.4
SKU-2684-RH,Важіль curved RH (R4),SKU-2684-LH,RH,curved,False,27.7,20.9,11.0,1.9,6.37,2.68,R4,R4,3.2,5,9.5,13.4
SKU-2685-LH,Важіль straight_link LH (R4),SKU-2685-RH,LH,straight_link,False,22.2,4.7,6.7,1.11,0.7,0.2,R4,R4,5.5,9,10.0,1.8
SKU-2685-RH,Важіль straight_link RH (R4),SKU-2685-LH,RH,straight_link,False,22.2,4.7,6.7,1.11,0.7,0.2,R4,R4,5.7,9,10.0,1.8
SKU-2686-LH,Важіль heavy_integral LH (R4),SKU-2686-RH,LH,heavy_integral,False,55.6,18.2,14.2,6.59,14.37,9.77,R4,R4,4.8,8,52.7,78.2
SKU-2686-RH,Важіль heavy_integral RH (R4),SKU-2686-LH,RH,heavy_integral,False,55.6,18.2,14.2,6.59,14.37,9.77,R4,R4,4.8,8,52.7,78.2
SKU-2687-LH,Важіль trailing LH (R4),SKU-2687-RH,LH,trailing,False,66.1,10.8,5.8,3.48,4.14,1.57,R4,R4,3.1,5,17.4,7.9
SKU-2687-RH,Важіль trailing RH (R4),SKU-2687-LH,RH,trailing,False,66.1,10.8,5.8,3.48,4.14,1.57,R4,R4,3.2,5,17.4,7.9
SKU-2688-LH,Важіль a_shaped LH (R4),SKU-2688-RH,LH,a_shaped,False,36.4,28.7,11.5,5.85,12.01,6.25,R4,R4,3.9,6,35.1,37.5
SKU-2688-RH,Важіль a_shaped RH (R4),SKU-2688-LH,RH,a_shaped,False,36.4,28.7,11.5,5.85,12.01,6.25,R4,R4,3.7,6,35.1,37.5
SKU-2689-LH,Важіль trailing LH (R4),SKU-2689-RH,LH,trailing,False,62.7,9.3,9.0,4.07,5.25,2.0,R4,R4,3.1,5,20.4,10.0
SKU-2689-RH,Важіль trailing RH (R4),SKU-2689-LH,RH,trailing,False,62.7,9.3,9.0,4.07,5.25,2.0,R4,R4,2.9,5,20.4,10.0
SKU-2690-LH,Важіль heavy_integral LH (R4),SKU-2690-RH,LH,heavy_integral,False,59.0,19.8,10.7,6.68,12.5,8.5,R4,R4,6.1,10,66.8,85.0
SKU-2690-RH,Важіль heavy_integral RH (R4),SKU-2690-LH,RH,heavy_integral,False,59.0,19.8,10.7,6.68,12.5,8.5,R4,R4,6.0,9,60.1,76.5
SKU-2691-LH,Важіль a_shaped LH (R4),SKU-2691-RH,LH,a_shaped,False,48.2,30.2,7.4,3.61,10.77,5.6,R4,R4,4.3,7,25.3,39.2
SKU-2691-RH,Важіль a_shaped RH (R4),SKU-2691-LH,RH,a_shaped,False,48.2,30.2,7.4,3.61,10.77,5.6,R4,R4,4.2,7,25.3,39.2
SKU-2692-LH,Важіль straight_link LH (R4),SKU-2692-RH,LH,straight_link,False,19.7,7.2,4.5,0.94,0.64,0.18,R4,R4,5.4,9,8.5,1.6
SKU-2692-RH,Важіль straight_link RH (R4),SKU-2692-LH,RH,straight_link,False,19.7,7.2,4.5,0.94,0.64,0.18,R4,R4,5.2,8,7.5,1.4
SKU-2693-LH,Важіль curved LH (R4),SKU-2693-RH,LH,curved,False,26.8,14.7,6.1,2.61,2.4,1.01,R4,R4,5.8,9,23.5,9.1
SKU-2693-RH,Важіль curved RH (R4),SKU-2693-LH,RH,curved,False,26.8,14.7,6.1,2.61,2.4,1.01,R4,R4,5.7,9,23.5,9.1
SKU-2694-LH,Важіль curved LH (R4),SKU-2694-RH,LH,curved,False,39.5,12.6,9.4,2.96,4.68,1.97,R4,R4,4.6,7,20.7,13.8
SKU-2694-RH,Важіль curved RH (R4),SKU-2694-LH,RH,curved,False,39.5,12.6,9.4,2.96,4.68,1.97,R4,R4,4.7,8,23.7,15.8
SKU-2695-LH,Важіль straight_link LH (R4),SKU-2695-RH,LH,straight_link,False,18.6,4.4,4.7,0.9,0.38,0.11,R4,R4,6.3,10,9.0,1.1
SKU-2695-RH,Важіль straight_link RH (R4),SKU-2695-LH,RH,straight_link,False,18.6,4.4,4.7,0.9,0.38,0.11,R4,R4,6.6,10,9.0,1.1
SKU-2696-LH,Важіль straight_link LH (R4),SKU-2696-RH,LH,straight_link,False,31.4,6.9,5.3,0.47,1.15,0.32,R4,R4,5.3,8,3.8,2.6
SKU-2696-RH,Важіль straight_link RH (R4),SKU-2696-LH,RH,straight_link,False,31.4,6.9,5.3,0.47,1.15,0.32,R4,R4,5.4,9,4.2,2.9
SKU-2697-LH,Важіль trailing LH (R4),SKU-2697-RH,LH,trailing,False,65.2,7.7,5.7,2.11,2.86,1.09,R4,R4,5.1,8,16.9,8.7
SKU-2697-RH,Важіль trailing RH (R4),SKU-2697-LH,RH,trailing,False,65.2,7.7,5.7,2.11,2.86,1.09,R4,R4,5.2,8,16.9,8.7
SKU-2698-LH,Важіль curved LH (R4),SKU-2698-RH,LH,curved,False,40.7,17.5,10.0,1.87,7.12,2.99,R4,R4,6.5,10,18.7,29.9
SKU-2698-RH,Важіль curved RH (R4),SKU-2698-LH,RH,curved,False,40.7,17.5,10.0,1.87,7.12,2.99,R4,R4,6.3,10,18.7,29.9
SKU-2699-LH,Важіль curved LH (R4),SKU-2699-RH,LH,curved,False,40.8,10.4,7.8,2.16,3.31,1.39,R4,R4,5.8,9,19.4,12.5
SKU-2699-RH,Важіль curved RH (R4),SKU-2699-LH,RH,curved,False,40.8,10.4,7.8,2.16,3.31,1.39,R4,R4,5.6,9,19.4,12.5
SKU-2700-LH,Важіль curved LH (R4),SKU-2700-RH,LH,curved,False,41.7,19.4,10.4,2.39,8.41,3.53,R4,R4,3.9,6,14.3,21.2
SKU-2700-RH,Важіль curved RH (R4),SKU-2700-LH,RH,curved,False,41.7,19.4,10.4,2.39,8.41,3.53,R4,R4,4.0,6,14.3,21.2
SKU-2701-LH,Важіль curved LH (R4),SKU-2701-RH,LH,curved,False,30.3,10.6,7.6,3.09,2.44,1.02,R4,R4,3.1,5,15.4,5.1
SKU-2701-RH,Важіль curved RH (R4),SKU-2701-LH,RH,curved,False,30.3,10.6,7.6,3.09,2.44,1.02,R4,R4,3.2,5,15.4,5.1
SKU-2702-LH,Важіль trailing LH (R4),SKU-2702-RH,LH,trailing,False,70.0,10.9,8.8,2.59,6.71,2.55,R4,R4,3.3,5,12.9,12.8
SKU-2702-RH,Важіль trailing RH (R4),SKU-2702-LH,RH,trailing,False,70.0,10.9,8.8,2.59,6.71,2.55,R4,R4,3.5,6,15.5,15.3
SKU-2703-LH,Важіль curved LH (R4),SKU-2703-RH,LH,curved,False,36.8,14.0,6.0,2.65,3.09,1.3,R4,R4,5.0,8,21.2,10.4
SKU-2703-RH,Важіль curved RH (R4),SKU-2703-LH,RH,curved,False,36.8,14.0,6.0,2.65,3.09,1.3,R4,R4,4.9,8,21.2,10.4
SKU-2704-LH,Важіль straight_link LH (R4),SKU-2704-RH,LH,straight_link,False,22.1,4.7,4.9,0.49,0.51,0.14,R4,R4,4.2,7,3.4,1.0
SKU-2704-RH,Важіль straight_link RH (R4),SKU-2704-LH,RH,straight_link,False,22.1,4.7,4.9,0.49,0.51,0.14,R4,R4,4.3,7,3.4,1.0
SKU-2705-LH,Важіль heavy_integral LH (R4),SKU-2705-RH,LH,heavy_integral,False,60.4,22.7,15.7,8.7,21.53,14.64,R4,R4,6.6,10,87.0,146.4
SKU-2705-RH,Важіль heavy_integral RH (R4),SKU-2705-LH,RH,heavy_integral,False,60.4,22.7,15.7,8.7,21.53,14.64,R4,R4,7.0,11,95.7,161.0
SKU-2706-LH,Важіль a_shaped LH (R4),SKU-2706-RH,LH,a_shaped,False,49.8,28.7,9.6,4.15,13.72,7.13,R4,R4,5.5,9,37.4,64.2
SKU-2706-RH,Важіль a_shaped RH (R4),SKU-2706-LH,RH,a_shaped,False,49.8,28.7,9.6,4.15,13.72,7.13,R4,R4,5.3,8,33.2,57.0
SKU-2707-LH,Важіль trailing LH (R4),SKU-2707-RH,LH,trailing,False,70.0,8.1,8.4,3.72,4.76,1.81,R4,R4,3.3,5,18.6,9.1
SKU-2707-RH,Важіль trailing RH (R4),SKU-2707-LH,RH,trailing,False,70.0,8.1,8.4,3.72,4.76,1.81,R4,R4,3.2,5,18.6,9.1
SKU-2708-LH,Важіль trailing LH (R4),SKU-2708-RH,LH,trailing,False,76.9,10.4,6.6,2.71,5.28,2.01,R4,R4,3.9,6,16.3,12.1
SKU-2708-RH,Важіль trailing RH (R4),SKU-2708-LH,RH,trailing,False,76.9,10.4,6.6,2.71,5.28,2.01,R4,R4,3.8,6,16.3,12.1
SKU-2709-LH,Важіль a_shaped LH (R4),SKU-2709-RH,LH,a_shaped,False,36.0,31.2,8.8,6.71,9.88,5.14,R4,R4,5.8,9,60.4,46.3
SKU-2709-RH,Важіль a_shaped RH (R4),SKU-2709-LH,RH,a_shaped,False,36.0,31.2,8.8,6.71,9.88,5.14,R4,R4,5.7,9,60.4,46.3
SKU-2710-LH,Важіль curved LH (R4),SKU-2710-RH,LH,curved,False,29.4,16.4,10.0,2.71,4.82,2.02,R4,R4,5.6,9,24.4,18.2
SKU-2710-RH,Важіль curved RH (R4),SKU-2710-LH,RH,curved,False,29.4,16.4,10.0,2.71,4.82,2.02,R4,R4,5.7,9,24.4,18.2
SKU-2711-LH,Важіль a_shaped LH (R4),SKU-2711-RH,LH,a_shaped,False,44.2,30.9,10.7,4.2,14.61,7.6,R4,R4,5.5,9,37.8,68.4
SKU-2711-RH,Важіль a_shaped RH (R4),SKU-2711-LH,RH,a_shaped,False,44.2,30.9,10.7,4.2,14.61,7.6,R4,R4,5.4,9,37.8,68.4
SKU-2712-LH,Важіль trailing LH (R4),SKU-2712-RH,LH,trailing,False,64.5,10.4,7.3,3.53,4.9,1.86,R4,R4,4.4,7,24.7,13.0
SKU-2712-RH,Важіль trailing RH (R4),SKU-2712-LH,RH,trailing,False,64.5,10.4,7.3,3.53,4.9,1.86,R4,R4,4.3,7,24.7,13.0
SKU-2713-LH,Важіль a_shaped LH (R4),SKU-2713-RH,LH,a_shaped,False,36.8,33.9,9.4,4.64,11.73,6.1,R4,R4,6.7,11,51.0,67.1
SKU-2713-RH,Важіль a_shaped RH (R4),SKU-2713-LH,RH,a_shaped,False,36.8,33.9,9.4,4.64,11.73,6.1,R4,R4,6.7,11,51.0,67.1
SKU-2714-LH,Важіль trailing LH (R4),SKU-2714-RH,LH,trailing,False,74.4,8.1,8.0,3.9,4.82,1.83,R4,R4,4.2,7,27.3,12.8
SKU-2714-RH,Важіль trailing RH (R4),SKU-2714-LH,RH,trailing,False,74.4,8.1,8.0,3.9,4.82,1.83,R4,R4,4.2,7,27.3,12.8
SKU-2715-LH,Важіль curved LH (R4),SKU-2715-RH,LH,curved,False,26.7,13.7,9.1,2.62,3.33,1.4,R4,R4,4.8,8,21.0,11.2
SKU-2715-RH,Важіль curved RH (R4),SKU-2715-LH,RH,curved,False,26.7,13.7,9.1,2.62,3.33,1.4,R4,R4,4.6,7,18.3,9.8
SKU-2716-LH,Важіль heavy_integral LH (R4),SKU-2716-RH,LH,heavy_integral,False,66.1,25.0,12.1,9.93,20.0,13.6,R4,R4,5.4,9,89.4,122.4
SKU-2716-RH,Важіль heavy_integral RH (R4),SKU-2716-LH,RH,heavy_integral,False,66.1,25.0,12.1,9.93,20.0,13.6,R4,R4,5.7,9,89.4,122.4
SKU-2717-LH,Важіль curved LH (R4),SKU-2717-RH,LH,curved,True,42.0,20.5,6.8,2.06,5.85,6.14,R4,R4,4.5,7,14.4,43.0
SKU-2717-RH,Важіль curved RH (R4),SKU-2717-LH,RH,curved,True,42.0,20.5,6.8,2.06,5.85,6.14,R4,R4,4.5,7,14.4,43.0
SKU-2718-LH,Важіль a_shaped LH (R4),SKU-2718-RH,LH,a_shaped,False,45.9,28.6,13.8,6.2,18.12,9.42,R4,R4,5.0,8,49.6,75.4
SKU-2718-RH,Важіль a_shaped RH (R4),SKU-2718-LH,RH,a_shaped,False,45.9,28.6,13.8,6.2,18.12,9.42,R4,R4,4.8,8,49.6,75.4
SKU-2719-LH,Важіль a_shaped LH (R4),SKU-2719-RH,LH,a_shaped,True,45.9,33.3,11.5,6.48,17.58,18.46,R4,R4,7.0,11,71.3,203.1
SKU-2719-RH,Важіль a_shaped RH (R4),SKU-2719-LH,RH,a_shaped,True,45.9,33.3,11.5,6.48,17.58,18.46,R4,R4,7.0,11,71.3,203.1
SKU-2720-LH,Важіль curved LH (R4),SKU-2720-RH,LH,curved,False,28.6,18.8,7.6,2.4,4.09,1.72,R4,R4,4.3,7,16.8,12.0
SKU-2720-RH,Важіль curved RH (R4),SKU-2720-LH,RH,curved,False,28.6,18.8,7.6,2.4,4.09,1.72,R4,R4,4.1,7,16.8,12.0
SKU-2721-LH,Важіль straight_link LH (R4),SKU-2721-RH,LH,straight_link,False,20.4,4.2,5.2,0.63,0.45,0.13,R4,R4,6.3,10,6.3,1.3
SKU-2721-RH,Важіль straight_link RH (R4),SKU-2721-LH,RH,straight_link,False,20.4,4.2,5.2,0.63,0.45,0.13,R4,R4,6.4,10,6.3,1.3
SKU-2722-LH,Важіль curved LH (R4),SKU-2722-RH,LH,curved,False,33.7,10.6,5.0,3.38,1.79,0.75,R4,R4,5.6,9,30.4,6.8
SKU-2722-RH,Важіль curved RH (R4),SKU-2722-LH,RH,curved,False,33.7,10.6,5.0,3.38,1.79,0.75,R4,R4,5.6,9,30.4,6.8
SKU-2723-LH,Важіль heavy_integral LH (R4),SKU-2723-RH,LH,heavy_integral,False,61.0,22.5,17.1,6.99,23.47,15.96,R4,R4,6.2,10,69.9,159.6
SKU-2723-RH,Важіль heavy_integral RH (R4),SKU-2723-LH,RH,heavy_integral,False,61.0,22.5,17.1,6.99,23.47,15.96,R4,R4,6.2,10,69.9,159.6
SKU-2724-LH,Важіль a_shaped LH (R4),SKU-2724-RH,LH,a_shaped,True,38.3,40.7,10.7,3.85,16.68,17.51,R4,R4,7.0,11,42.4,192.6
SKU-2724-RH,Важіль a_shaped RH (R4),SKU-2724-LH,RH,a_shaped,True,38.3,40.7,10.7,3.85,16.68,17.51,R4,R4,7.0,11,42.4,192.6
SKU-2725-LH,Важіль a_shaped LH (R4),SKU-2725-RH,LH,a_shaped,False,39.5,39.4,12.5,6.38,19.45,10.11,R4,R4,6.1,10,63.8,101.1
SKU-2725-RH,Важіль a_shaped RH (R4),SKU-2725-LH,RH,a_shaped,False,39.5,39.4,12.5,6.38,19.45,10.11,R4,R4,6.3,10,63.8,101.1
SKU-2726-LH,Важіль curved LH (R4),SKU-2726-RH,LH,curved,False,31.3,11.3,10.6,2.12,3.75,1.57,R4,R4,5.0,8,17.0,12.6
SKU-2726-RH,Важіль curved RH (R4),SKU-2726-LH,RH,curved,False,31.3,11.3,10.6,2.12,3.75,1.57,R4,R4,5.3,8,17.0,12.6
SKU-2727-LH,Важіль a_shaped LH (R4),SKU-2727-RH,LH,a_shaped,False,48.5,39.7,10.5,4.81,20.22,10.51,R4,R4,6.2,10,48.1,105.1
SKU-2727-RH,Важіль a_shaped RH (R4),SKU-2727-LH,RH,a_shaped,False,48.5,39.7,10.5,4.81,20.22,10.51,R4,R4,6.1,10,48.1,105.1
SKU-2728-LH,Важіль curved LH (R4),SKU-2728-RH,LH,curved,False,40.2,14.7,8.5,3.1,5.02,2.11,R4,R4,3.8,6,18.6,12.7
SKU-2728-RH,Важіль curved RH (R4),SKU-2728-LH,RH,curved,False,40.2,14.7,8.5,3.1,5.02,2.11,R4,R4,3.8,6,18.6,12.7
SKU-2729-LH,Важіль straight_link LH (R4),SKU-2729-RH,LH,straight_link,False,20.4,5.5,6.9,0.42,0.77,0.22,R4,R4,3.6,6,2.5,1.3
SKU-2729-RH,Важіль straight_link RH (R4),SKU-2729-LH,RH,straight_link,False,20.4,5.5,6.9,0.42,0.77,0.22,R4,R4,3.4,6,2.5,1.3
SKU-2730-LH,Важіль curved LH (R4),SKU-2730-RH,LH,curved,False,28.9,14.3,9.5,2.78,3.93,1.65,R4,R4,5.3,8,22.2,13.2
SKU-2730-RH,Важіль curved RH (R4),SKU-2730-LH,RH,curved,False,28.9,14.3,9.5,2.78,3.93,1.65,R4,R4,5.5,9,25.0,14.8
SKU-2731-LH,Важіль curved LH (R4),SKU-2731-RH,LH,curved,False,33.1,11.9,8.6,2.05,3.39,1.42,R4,R4,4.3,7,14.3,9.9
SKU-2731-RH,Важіль curved RH (R4),SKU-2731-LH,RH,curved,False,33.1,11.9,8.6,2.05,3.39,1.42,R4,R4,4.2,7,14.3,9.9
SKU-2732-LH,Важіль a_shaped LH (R4),SKU-2732-RH,LH,a_shaped,False,47.0,32.9,13.9,5.82,21.49,11.17,R4,R4,3.1,5,29.1,55.9
SKU-2732-RH,Важіль a_shaped RH (R4),SKU-2732-LH,RH,a_shaped,False,47.0,32.9,13.9,5.82,21.49,11.17,R4,R4,2.9,5,29.1,55.9
SKU-2733-LH,Важіль straight_link LH (R4),SKU-2733-RH,LH,straight_link,False,31.9,5.9,6.4,0.64,1.2,0.34,R4,R4,4.9,8,5.1,2.7
SKU-2733-RH,Важіль straight_link RH (R4),SKU-2733-LH,RH,straight_link,False,31.9,5.9,6.4,0.64,1.2,0.34,R4,R4,4.6,7,4.5,2.4
SKU-2734-LH,Важіль curved LH (R4),SKU-2734-RH,LH,curved,False,33.1,18.5,7.3,3.27,4.47,1.88,R4,R4,3.3,5,16.4,9.4
SKU-2734-RH,Важіль curved RH (R4),SKU-2734-LH,RH,curved,False,33.1,18.5,7.3,3.27,4.47,1.88,R4,R4,3.4,6,19.6,11.3
SKU-2735-LH,Важіль straight_link LH (R4),SKU-2735-RH,LH,straight_link,False,27.2,4.6,4.2,0.52,0.53,0.15,R4,R4,6.7,11,5.7,1.6
SKU-2735-RH,Важіль straight_link RH (R4),SKU-2735-LH,RH,straight_link,False,27.2,4.6,4.2,0.52,0.53,0.15,R4,R4,6.9,11,5.7,1.6
SKU-2736-LH,Важіль heavy_integral LH (R4),SKU-2736-RH,LH,heavy_integral,False,69.0,20.9,17.6,9.41,25.38,17.26,R4,R4,5.7,9,84.7,155.3
SKU-2736-RH,Важіль heavy_integral RH (R4),SKU-2736-LH,RH,heavy_integral,False,69.0,20.9,17.6,9.41,25.38,17.26,R4,R4,5.9,9,84.7,155.3
SKU-2737-LH,Важіль straight_link LH (R4),SKU-2737-RH,LH,straight_link,False,31.0,4.9,4.9,0.81,0.74,0.21,R4,R4,3.9,6,4.9,1.3
SKU-2737-RH,Важіль straight_link RH (R4),SKU-2737-LH,RH,straight_link,False,31.0,4.9,4.9,0.81,0.74,0.21,R4,R4,4.1,7,5.7,1.5
SKU-2738-LH,Важіль straight_link LH (R4),SKU-2738-RH,LH,straight_link,False,30.1,6.9,5.0,0.95,1.04,0.29,R4,R4,3.4,6,5.7,1.7
SKU-2738-RH,Важіль straight_link RH (R4),SKU-2738-LH,RH,straight_link,False,30.1,6.9,5.0,0.95,1.04,0.29,R4,R4,3.3,5,4.8,1.4
SKU-2739-LH,Важіль trailing LH (R4),SKU-2739-RH,LH,trailing,False,59.9,8.3,6.0,2.89,2.98,1.13,R4,R4,6.4,10,28.9,11.3
SKU-2739-RH,Важіль trailing RH (R4),SKU-2739-LH,RH,trailing,False,59.9,8.3,6.0,2.89,2.98,1.13,R4,R4,6.1,10,28.9,11.3
SKU-2740-LH,Важіль straight_link LH (R4),SKU-2740-RH,LH,straight_link,False,30.2,4.2,7.1,0.62,0.9,0.25,R4,R4,5.8,9,5.6,2.2
SKU-2740-RH,Важіль straight_link RH (R4),SKU-2740-LH,RH,straight_link,False,30.2,4.2,7.1,0.62,0.9,0.25,R4,R4,5.7,9,5.6,2.2
SKU-2741-LH,Важіль curved LH (R4),SKU-2741-RH,LH,curved,False,27.6,14.2,8.2,3.06,3.21,1.35,R4,R4,4.0,6,18.4,8.1
SKU-2741-RH,Важіль curved RH (R4),SKU-2741-LH,RH,curved,False,27.6,14.2,8.2,3.06,3.21,1.35,R4,R4,3.8,6,18.4,8.1
SKU-2742-LH,Важіль trailing LH (R4),SKU-2742-RH,LH,trailing,False,71.7,6.5,7.1,2.23,3.31,1.26,R4,R4,4.5,7,15.6,8.8
SKU-2742-RH,Важіль trailing RH (R4),SKU-2742-LH,RH,trailing,False,71.7,6.5,7.1,2.23,3.31,1.26,R4,R4,4.4,7,15.6,8.8
SKU-2743-LH,Важіль a_shaped LH (R4),SKU-2743-RH,LH,a_shaped,False,42.9,29.6,10.6,6.65,13.46,7.0,R4,R4,6.2,10,66.5,70.0
SKU-2743-RH,Важіль a_shaped RH (R4),SKU-2743-LH,RH,a_shaped,False,42.9,29.6,10.6,6.65,13.46,7.0,R4,R4,6.2,10,66.5,70.0
SKU-2744-LH,Важіль heavy_integral LH (R4),SKU-2744-RH,LH,heavy_integral,False,66.9,21.4,16.2,7.55,23.19,15.77,R4,R4,5.1,8,60.4,126.2
SKU-2744-RH,Важіль heavy_integral RH (R4),SKU-2744-LH,RH,heavy_integral,False,66.9,21.4,16.2,7.55,23.19,15.77,R4,R4,5.0,8,60.4,126.2
SKU-2745-LH,Важіль a_shaped LH (R4),SKU-2745-RH,LH,a_shaped,False,38.1,29.3,13.1,4.55,14.62,7.6,R4,R4,3.2,5,22.8,38.0
SKU-2745-RH,Важіль a_shaped RH (R4),SKU-2745-LH,RH,a_shaped,False,38.1,29.3,13.1,4.55,14.62,7.6,R4,R4,3.0,5,22.8,38.0
SKU-2746-LH,Важіль a_shaped LH (R4),SKU-2746-RH,LH,a_shaped,True,39.8,29.8,10.4,6.55,12.33,12.95,R4,R4,6.5,10,65.5,129.5
SKU-2746-RH,Важіль a_shaped RH (R4),SKU-2746-LH,RH,a_shaped,True,39.8,29.8,10.4,6.55,12.33,12.95,R4,R4,6.5,10,65.5,129.5
SKU-2747-LH,Важіль straight_link LH (R4),SKU-2747-RH,LH,straight_link,False,21.4,4.2,7.3,0.59,0.66,0.18,R4,R4,3.8,6,3.5,1.1
SKU-2747-RH,Важіль straight_link RH (R4),SKU-2747-LH,RH,straight_link,False,21.4,4.2,7.3,0.59,0.66,0.18,R4,R4,3.8,6,3.5,1.1
SKU-2748-LH,Важіль straight_link LH (R4),SKU-2748-RH,LH,straight_link,True,20.1,5.3,6.4,0.63,0.68,0.71,R4,R4,4.7,8,5.0,5.7
SKU-2748-RH,Важіль straight_link RH (R4),SKU-2748-LH,RH,straight_link,True,20.1,5.3,6.4,0.63,0.68,0.71,R4,R4,4.8,8,5.0,5.7
SKU-2749-LH,Важіль straight_link LH (R4),SKU-2749-RH,LH,straight_link,False,19.9,5.7,6.6,0.51,0.75,0.21,R4,R4,4.5,7,3.6,1.5
SKU-2749-RH,Важіль straight_link RH (R4),SKU-2749-LH,RH,straight_link,False,19.9,5.7,6.6,0.51,0.75,0.21,R4,R4,4.5,7,3.6,1.5
SKU-2750-LH,Важіль trailing LH (R4),SKU-2750-RH,LH,trailing,False,59.8,10.2,7.4,3.05,4.51,1.71,R4,R4,4.6,7,21.3,12.0
SKU-2750-RH,Важіль trailing RH (R4),SKU-2750-LH,RH,trailing,False,59.8,10.2,7.4,3.05,4.51,1.71,R4,R4,4.5,7,21.3,12.0
SKU-2751-LH,Важіль curved LH (R4),SKU-2751-RH,LH,curved,False,42.0,12.2,5.7,1.86,2.92,1.23,R4,R4,5.7,9,16.7,11.1
SKU-2751-RH,Важіль curved RH (R4),SKU-2751-LH,RH,curved,False,42.0,12.2,5.7,1.86,2.92,1.23,R4,R4,5.8,9,16.7,11.1
SKU-2752-LH,Важіль curved LH (R4),SKU-2752-RH,LH,curved,False,33.2,17.4,9.1,2.52,5.26,2.21,R4,R4,5.0,8,20.2,17.7
SKU-2752-RH,Важіль curved RH (R4),SKU-2752-LH,RH,curved,False,33.2,17.4,9.1,2.52,5.26,2.21,R4,R4,4.9,8,20.2,17.7
SKU-2753-LH,Важіль trailing LH (R4),SKU-2753-RH,LH,trailing,False,67.9,9.6,7.6,3.19,4.95,1.88,R4,R4,5.7,9,28.7,16.9
SKU-2753-RH,Важіль trailing RH (R4),SKU-2753-LH,RH,trailing,False,67.9,9.6,7.6,3.19,4.95,1.88,R4,R4,5.6,9,28.7,16.9
SKU-2754-LH,Важіль straight_link LH (R4),SKU-2754-RH,LH,straight_link,True,25.8,6.1,7.4,0.76,1.16,1.22,R4,R4,4.5,7,5.3,8.5
SKU-2754-RH,Важіль straight_link RH (R4),SKU-2754-LH,RH,straight_link,True,25.8,6.1,7.4,0.76,1.16,1.22,R4,R4,4.4,7,5.3,8.5
SKU-2755-LH,Важіль heavy_integral LH (R4),SKU-2755-RH,LH,heavy_integral,False,58.0,22.1,15.5,8.23,19.87,13.51,R4,R4,6.5,10,82.3,135.1
SKU-2755-RH,Важіль heavy_integral RH (R4),SKU-2755-LH,RH,heavy_integral,False,58.0,22.1,15.5,8.23,19.87,13.51,R4,R4,6.4,10,82.3,135.1
SKU-2756-LH,Важіль trailing LH (R4),SKU-2756-RH,LH,trailing,False,74.4,6.8,5.1,2.29,2.58,0.98,R4,R4,4.3,7,16.0,6.9
SKU-2756-RH,Важіль trailing RH (R4),SKU-2756-LH,RH,trailing,False,74.4,6.8,5.1,2.29,2.58,0.98,R4,R4,4.2,7,16.0,6.9
SKU-2757-LH,Важіль trailing LH (R4),SKU-2757-RH,LH,trailing,False,75.1,8.3,6.3,4.08,3.93,1.49,R4,R4,6.6,10,40.8,14.9
SKU-2757-RH,Важіль trailing RH (R4),SKU-2757-LH,RH,trailing,False,75.1,8.3,6.3,4.08,3.93,1.49,R4,R4,6.4,10,40.8,14.9
SKU-2758-LH,Важіль a_shaped LH (R4),SKU-2758-RH,LH,a_shaped,False,38.9,35.2,14.9,4.53,20.4,10.61,R4,R4,6.2,10,45.3,106.1
SKU-2758-RH,Важіль a_shaped RH (R4),SKU-2758-LH,RH,a_shaped,False,38.9,35.2,14.9,4.53,20.4,10.61,R4,R4,5.9,9,40.8,95.5
SKU-2759-LH,Важіль a_shaped LH (R4),SKU-2759-RH,LH,a_shaped,False,38.7,36.1,7.7,6.63,10.76,5.6,R4,R4,4.1,7,46.4,39.2
SKU-2759-RH,Важіль a_shaped RH (R4),SKU-2759-LH,RH,a_shaped,False,38.7,36.1,7.7,6.63,10.76,5.6,R4,R4,4.0,6,39.8,33.6
SKU-2760-LH,Важіль curved LH (R4),SKU-2760-RH,LH,curved,False,37.4,18.9,8.0,2.45,5.65,2.37,R4,R4,3.5,6,14.7,14.2
SKU-2760-RH,Важіль curved RH (R4),SKU-2760-LH,RH,curved,False,37.4,18.9,8.0,2.45,5.65,2.37,R4,R4,3.4,6,14.7,14.2
SKU-2761-LH,Важіль curved LH (R4),SKU-2761-RH,LH,curved,False,38.7,15.0,5.9,3.01,3.42,1.44,R4,R4,3.4,6,18.1,8.6
SKU-2761-RH,Важіль curved RH (R4),SKU-2761-LH,RH,curved,False,38.7,15.0,5.9,3.01,3.42,1.44,R4,R4,3.4,6,18.1,8.6
SKU-2762-LH,Важіль curved LH (R4),SKU-2762-RH,LH,curved,False,38.6,13.8,5.5,2.44,2.93,1.23,R4,R4,5.9,9,22.0,11.1
SKU-2762-RH,Важіль curved RH (R4),SKU-2762-LH,RH,curved,False,38.6,13.8,5.5,2.44,2.93,1.23,R4,R4,5.9,9,22.0,11.1
SKU-2763-LH,Важіль straight_link LH (R4),SKU-2763-RH,LH,straight_link,False,31.4,7.5,6.8,0.59,1.6,0.45,R4,R4,3.8,6,3.5,2.7
SKU-2763-RH,Важіль straight_link RH (R4),SKU-2763-LH,RH,straight_link,False,31.4,7.5,6.8,0.59,1.6,0.45,R4,R4,3.8,6,3.5,2.7
SKU-2764-LH,Важіль straight_link LH (R4),SKU-2764-RH,LH,straight_link,False,29.0,6.5,4.7,1.31,0.89,0.25,R4,R4,6.1,10,13.1,2.5
SKU-2764-RH,Важіль straight_link RH (R4),SKU-2764-LH,RH,straight_link,False,29.0,6.5,4.7,1.31,0.89,0.25,R4,R4,6.5,10,13.1,2.5
SKU-2765-LH,Важіль curved LH (R4),SKU-2765-RH,LH,curved,False,27.3,17.9,8.9,1.77,4.35,1.83,R4,R4,4.4,7,12.4,12.8
SKU-2765-RH,Важіль curved RH (R4),SKU-2765-LH,RH,curved,False,27.3,17.9,8.9,1.77,4.35,1.83,R4,R4,4.3,7,12.4,12.8
SKU-2766-LH,Важіль straight_link LH (R4),SKU-2766-RH,LH,straight_link,False,21.0,4.3,5.0,0.65,0.45,0.13,R4,R4,3.8,6,3.9,0.8
SKU-2766-RH,Важіль straight_link RH (R4),SKU-2766-LH,RH,straight_link,False,21.0,4.3,5.0,0.65,0.45,0.13,R4,R4,4.0,6,3.9,0.8
SKU-2767-LH,Важіль heavy_integral LH (R4),SKU-2767-RH,LH,heavy_integral,False,76.3,17.8,13.7,6.26,18.61,12.65,R4,R4,4.8,8,50.1,101.2
SKU-2767-RH,Важіль heavy_integral RH (R4),SKU-2767-LH,RH,heavy_integral,False,76.3,17.8,13.7,6.26,18.61,12.65,R4,R4,5.1,8,50.1,101.2
SKU-2768-LH,Важіль trailing LH (R4),SKU-2768-RH,LH,trailing,False,64.7,6.4,7.4,3.69,3.06,1.16,R4,R4,3.8,6,22.1,7.0
SKU-2768-RH,Важіль trailing RH (R4),SKU-2768-LH,RH,trailing,False,64.7,6.4,7.4,3.69,3.06,1.16,R4,R4,3.9,6,22.1,7.0
SKU-2769-LH,Важіль trailing LH (R4),SKU-2769-RH,LH,trailing,False,72.9,10.4,8.8,2.95,6.67,2.53,R4,R4,5.4,9,26.6,22.8
SKU-2769-RH,Важіль trailing RH (R4),SKU-2769-LH,RH,trailing,False,72.9,10.4,8.8,2.95,6.67,2.53,R4,R4,5.4,9,26.6,22.8
SKU-2770-LH,Важіль straight_link LH (R4),SKU-2770-RH,LH,straight_link,False,18.2,5.2,5.0,0.66,0.47,0.13,R4,R4,4.0,6,4.0,0.8
SKU-2770-RH,Важіль straight_link RH (R4),SKU-2770-LH,RH,straight_link,False,18.2,5.2,5.0,0.66,0.47,0.13,R4,R4,3.8,6,4.0,0.8
SKU-2771-LH,Важіль a_shaped LH (R4),SKU-2771-RH,LH,a_shaped,False,47.1,30.0,9.0,5.61,12.72,6.61,R4,R4,6.2,10,56.1,66.1
SKU-2771-RH,Важіль a_shaped RH (R4),SKU-2771-LH,RH,a_shaped,False,47.1,30.0,9.0,5.61,12.72,6.61,R4,R4,6.2,10,56.1,66.1
SKU-2772-LH,Важіль trailing LH (R4),SKU-2772-RH,LH,trailing,False,67.1,10.5,8.2,3.98,5.78,2.2,R4,R4,3.2,5,19.9,11.0
SKU-2772-RH,Важіль trailing RH (R4),SKU-2772-LH,RH,trailing,False,67.1,10.5,8.2,3.98,5.78,2.2,R4,R4,3.0,5,19.9,11.0
SKU-2773-LH,Важіль trailing LH (R4),SKU-2773-RH,LH,trailing,False,55.3,8.0,6.1,2.71,2.7,1.03,R4,R4,3.6,6,16.3,6.2
SKU-2773-RH,Важіль trailing RH (R4),SKU-2773-LH,RH,trailing,False,55.3,8.0,6.1,2.71,2.7,1.03,R4,R4,3.4,6,16.3,6.2
SKU-2774-LH,Важіль heavy_integral LH (R4),SKU-2774-RH,LH,heavy_integral,False,55.6,21.9,12.0,7.31,14.61,9.93,R4,R4,5.0,8,58.5,79.4
SKU-2774-RH,Важіль heavy_integral RH (R4),SKU-2774-LH,RH,heavy_integral,False,55.6,21.9,12.0,7.31,14.61,9.93,R4,R4,4.8,8,58.5,79.4
SKU-2775-LH,Важіль a_shaped LH (R4),SKU-2775-RH,LH,a_shaped,False,40.0,41.6,10.2,5.52,16.97,8.82,R4,R4,4.0,6,33.1,52.9
SKU-2775-RH,Важіль a_shaped RH (R4),SKU-2775-LH,RH,a_shaped,False,40.0,41.6,10.2,5.52,16.97,8.82,R4,R4,3.8,6,33.1,52.9
SKU-2776-LH,Важіль trailing LH (R4),SKU-2776-RH,LH,trailing,True,64.2,8.0,5.5,3.54,2.82,2.96,R4,R4,6.9,11,38.9,32.6
SKU-2776-RH,Важіль trailing RH (R4),SKU-2776-LH,RH,trailing,True,64.2,8.0,5.5,3.54,2.82,2.96,R4,R4,7.0,11,38.9,32.6
SKU-2777-LH,Важіль straight_link LH (R4),SKU-2777-RH,LH,straight_link,False,29.6,5.6,6.6,0.53,1.09,0.31,R4,R4,5.0,8,4.2,2.5
SKU-2777-RH,Важіль straight_link RH (R4),SKU-2777-LH,RH,straight_link,False,29.6,5.6,6.6,0.53,1.09,0.31,R4,R4,4.9,8,4.2,2.5
SKU-2778-LH,Важіль curved LH (R4),SKU-2778-RH,LH,curved,False,28.1,18.4,7.7,2.56,3.98,1.67,R4,R4,3.5,6,15.4,10.0
SKU-2778-RH,Важіль curved RH (R4),SKU-2778-LH,RH,curved,False,28.1,18.4,7.7,2.56,3.98,1.67,R4,R4,3.6,6,15.4,10.0
SKU-2779-LH,Важіль trailing LH (R4),SKU-2779-RH,LH,trailing,False,54.5,7.4,8.5,2.25,3.43,1.3,R4,R4,6.5,10,22.5,13.0
SKU-2779-RH,Важіль trailing RH (R4),SKU-2779-LH,RH,trailing,False,54.5,7.4,8.5,2.25,3.43,1.3,R4,R4,6.5,10,22.5,13.0
SKU-2780-LH,Важіль heavy_integral LH (R4),SKU-2780-RH,LH,heavy_integral,False,59.5,19.1,17.1,9.31,19.43,13.21,R4,R4,5.8,9,83.8,118.9
SKU-2780-RH,Важіль heavy_integral RH (R4),SKU-2780-LH,RH,heavy_integral,False,59.5,19.1,17.1,9.31,19.43,13.21,R4,R4,5.6,9,83.8,118.9
SKU-2781-LH,Важіль a_shaped LH (R4),SKU-2781-RH,LH,a_shaped,False,43.4,38.5,9.5,5.66,15.87,8.25,R4,R4,6.5,10,56.6,82.5
SKU-2781-RH,Важіль a_shaped RH (R4),SKU-2781-LH,RH,a_shaped,False,43.4,38.5,9.5,5.66,15.87,8.25,R4,R4,6.3,10,56.6,82.5
SKU-2782-LH,Важіль heavy_integral LH (R4),SKU-2782-RH,LH,heavy_integral,False,61.1,22.7,17.6,8.29,24.41,16.6,R4,R4,4.9,8,66.3,132.8
SKU-2782-RH,Важіль heavy_integral RH (R4),SKU-2782-LH,RH,heavy_integral,False,61.1,22.7,17.6,8.29,24.41,16.6,R4,R4,4.7,8,66.3,132.8
SKU-2783-LH,Важіль a_shaped LH (R4),SKU-2783-RH,LH,a_shaped,False,50.7,36.7,7.1,4.25,13.21,6.87,R4,R4,5.9,9,38.2,61.8
SKU-2783-RH,Важіль a_shaped RH (R4),SKU-2783-LH,RH,a_shaped,False,50.7,36.7,7.1,4.25,13.21,6.87,R4,R4,5.9,9,38.2,61.8
SKU-2784-LH,Важіль trailing LH (R4),SKU-2784-RH,LH,trailing,False,76.2,8.8,7.8,3.35,5.23,1.99,R4,R4,3.6,6,20.1,11.9
SKU-2784-RH,Важіль trailing RH (R4),SKU-2784-LH,RH,trailing,False,76.2,8.8,7.8,3.35,5.23,1.99,R4,R4,3.4,6,20.1,11.9
SKU-2785-LH,Важіль trailing LH (R4),SKU-2785-RH,LH,trailing,False,73.2,9.1,8.4,3.18,5.6,2.13,R4,R4,4.7,8,25.4,17.0
SKU-2785-RH,Важіль trailing RH (R4),SKU-2785-LH,RH,trailing,False,73.2,9.1,8.4,3.18,5.6,2.13,R4,R4,4.3,7,22.3,14.9
SKU-2786-LH,Важіль a_shaped LH (R4),SKU-2786-RH,LH,a_shaped,False,39.7,39.6,8.1,5.46,12.73,6.62,R4,R4,6.5,10,54.6,66.2
SKU-2786-RH,Важіль a_shaped RH (R4),SKU-2786-LH,RH,a_shaped,False,39.7,39.6,8.1,5.46,12.73,6.62,R4,R4,6.7,11,60.1,72.8
SKU-2787-LH,Важіль trailing LH (R4),SKU-2787-RH,LH,trailing,False,71.1,10.6,6.8,2.46,5.12,1.95,R4,R4,3.1,5,12.3,9.8
SKU-2787-RH,Важіль trailing RH (R4),SKU-2787-LH,RH,trailing,False,71.1,10.6,6.8,2.46,5.12,1.95,R4,R4,3.1,5,12.3,9.8
SKU-2788-LH,Важіль trailing LH (R4),SKU-2788-RH,LH,trailing,False,56.8,6.2,5.1,3.85,1.8,0.68,R4,R4,5.3,8,30.8,5.4
SKU-2788-RH,Важіль trailing RH (R4),SKU-2788-LH,RH,trailing,False,56.8,6.2,5.1,3.85,1.8,0.68,R4,R4,5.5,9,34.6,6.1
SKU-2789-LH,Важіль trailing LH (R4),SKU-2789-RH,LH,trailing,True,77.5,9.1,5.7,3.53,4.02,4.22,R4,R4,6.0,9,31.8,38.0
SKU-2789-RH,Важіль trailing RH (R4),SKU-2789-LH,RH,trailing,True,77.5,9.1,5.7,3.53,4.02,4.22,R4,R4,6.2,10,35.3,42.2
SKU-2790-LH,Важіль curved LH (R4),SKU-2790-RH,LH,curved,False,30.5,11.1,6.3,2.03,2.13,0.89,R4,R4,6.4,10,20.3,8.9
SKU-2790-RH,Важіль curved RH (R4),SKU-2790-LH,RH,curved,False,30.5,11.1,6.3,2.03,2.13,0.89,R4,R4,6.6,10,20.3,8.9
SKU-2791-LH,Важіль straight_link LH (R4),SKU-2791-RH,LH,straight_link,False,30.6,7.5,6.6,1.37,1.51,0.42,R4,R4,6.4,10,13.7,4.2
SKU-2791-RH,Важіль straight_link RH (R4),SKU-2791-LH,RH,straight_link,False,30.6,7.5,6.6,1.37,1.51,0.42,R4,R4,6.3,10,13.7,4.2
SKU-2792-LH,Важіль curved LH (R4),SKU-2792-RH,LH,curved,True,32.4,17.8,7.1,2.09,4.09,4.29,R4,R4,5.5,9,18.8,38.6
SKU-2792-RH,Важіль curved RH (R4),SKU-2792-LH,RH,curved,True,32.4,17.8,7.1,2.09,4.09,4.29,R4,R4,5.1,8,16.7,34.3
SKU-2793-LH,Важіль heavy_integral LH (R4),SKU-2793-RH,LH,heavy_integral,False,73.1,25.6,17.4,9.48,32.56,22.14,R4,R4,5.0,8,75.8,177.1
SKU-2793-RH,Важіль heavy_integral RH (R4),SKU-2793-LH,RH,heavy_integral,False,73.1,25.6,17.4,9.48,32.56,22.14,R4,R4,5.1,8,75.8,177.1
SKU-2794-LH,Важіль curved LH (R4),SKU-2794-RH,LH,curved,False,40.3,19.5,6.2,2.68,4.87,2.05,R4,R4,4.2,7,18.8,14.3
SKU-2794-RH,Важіль curved RH (R4),SKU-2794-LH,RH,curved,False,40.3,19.5,6.2,2.68,4.87,2.05,R4,R4,4.2,7,18.8,14.3
SKU-2795-LH,Важіль straight_link LH (R4),SKU-2795-RH,LH,straight_link,False,29.8,4.9,5.0,1.36,0.73,0.2,R4,R4,4.3,7,9.5,1.4
SKU-2795-RH,Важіль straight_link RH (R4),SKU-2795-LH,RH,straight_link,False,29.8,4.9,5.0,1.36,0.73,0.2,R4,R4,4.4,7,9.5,1.4
SKU-2796-LH,Важіль curved LH (R4),SKU-2796-RH,LH,curved,False,27.6,10.9,8.6,1.94,2.59,1.09,R4,R4,4.6,7,13.6,7.6
SKU-2796-RH,Важіль curved RH (R4),SKU-2796-LH,RH,curved,False,27.6,10.9,8.6,1.94,2.59,1.09,R4,R4,4.4,7,13.6,7.6
SKU-2797-LH,Важіль curved LH (R4),SKU-2797-RH,LH,curved,False,34.0,14.8,9.5,1.73,4.78,2.01,R4,R4,3.4,6,10.4,12.1
SKU-2797-RH,Важіль curved RH (R4),SKU-2797-LH,RH,curved,False,34.0,14.8,9.5,1.73,4.78,2.01,R4,R4,3.4,6,10.4,12.1
SKU-2798-LH,Важіль straight_link LH (R4),SKU-2798-RH,LH,straight_link,False,30.8,5.4,6.1,0.9,1.01,0.28,R4,R4,7.1,11,9.9,3.1
SKU-2798-RH,Важіль straight_link RH (R4),SKU-2798-LH,RH,straight_link,False,30.8,5.4,6.1,0.9,1.01,0.28,R4,R4,7.2,11,9.9,3.1
SKU-2799-LH,Важіль curved LH (R4),SKU-2799-RH,LH,curved,False,38.4,13.2,6.3,3.3,3.19,1.34,R4,R4,3.2,5,16.5,6.7
SKU-2799-RH,Важіль curved RH (R4),SKU-2799-LH,RH,curved,False,38.4,13.2,6.3,3.3,3.19,1.34,R4,R4,3.0,5,16.5,6.7
SKU-2800-LH,Важіль curved LH (R4),SKU-2800-RH,LH,curved,False,30.4,14.2,6.3,2.65,2.72,1.14,R4,R4,4.4,7,18.6,8.0
SKU-2800-RH,Важіль curved RH (R4),SKU-2800-LH,RH,curved,False,30.4,14.2,6.3,2.65,2.72,1.14,R4,R4,4.2,7,18.6,8.0
SKU-2801-LH,Важіль curved LH (R4),SKU-2801-RH,LH,curved,True,27.6,15.0,9.9,3.2,4.1,4.3,R4,R4,4.0,6,19.2,25.8
SKU-2801-RH,Важіль curved RH (R4),SKU-2801-LH,RH,curved,True,27.6,15.0,9.9,3.2,4.1,4.3,R4,R4,4.1,7,22.4,30.1
SKU-2802-LH,Важіль straight_link LH (R4),SKU-2802-RH,LH,straight_link,False,23.7,5.8,4.5,0.43,0.62,0.17,R4,R4,3.6,6,2.6,1.0
SKU-2802-RH,Важіль straight_link RH (R4),SKU-2802-LH,RH,straight_link,False,23.7,5.8,4.5,0.43,0.62,0.17,R4,R4,3.5,6,2.6,1.0
SKU-2803-LH,Важіль trailing LH (R4),SKU-2803-RH,LH,trailing,False,60.8,6.4,5.8,4.01,2.26,0.86,R4,R4,3.1,5,20.0,4.3
SKU-2803-RH,Важіль trailing RH (R4),SKU-2803-LH,RH,trailing,False,60.8,6.4,5.8,4.01,2.26,0.86,R4,R4,3.0,5,20.0,4.3
SKU-2804-LH,Важіль a_shaped LH (R4),SKU-2804-RH,LH,a_shaped,False,45.4,29.6,13.8,5.17,18.54,9.64,R4,R4,6.2,10,51.7,96.4
SKU-2804-RH,Важіль a_shaped RH (R4),SKU-2804-LH,RH,a_shaped,False,45.4,29.6,13.8,5.17,18.54,9.64,R4,R4,6.5,10,51.7,96.4
SKU-2805-LH,Важіль straight_link LH (R4),SKU-2805-RH,LH,straight_link,False,31.5,5.8,5.7,1.16,1.04,0.29,R4,R4,6.8,11,12.8,3.2
SKU-2805-RH,Важіль straight_link RH (R4),SKU-2805-LH,RH,straight_link,False,31.5,5.8,5.7,1.16,1.04,0.29,R4,R4,6.4,10,11.6,2.9
SKU-2806-LH,Важіль a_shaped LH (R4),SKU-2806-RH,LH,a_shaped,False,39.4,34.7,8.4,4.71,11.48,5.97,R4,R4,6.5,10,47.1,59.7
SKU-2806-RH,Важіль a_shaped RH (R4),SKU-2806-LH,RH,a_shaped,False,39.4,34.7,8.4,4.71,11.48,5.97,R4,R4,6.8,11,51.8,65.7
SKU-2807-LH,Важіль straight_link LH (R4),SKU-2807-RH,LH,straight_link,False,19.7,5.1,6.0,0.59,0.6,0.17,R4,R4,6.4,10,5.9,1.7
SKU-2807-RH,Важіль straight_link RH (R4),SKU-2807-LH,RH,straight_link,False,19.7,5.1,6.0,0.59,0.6,0.17,R4,R4,6.1,10,5.9,1.7
SKU-2808-LH,Важіль curved LH (R4),SKU-2808-RH,LH,curved,False,33.3,19.0,6.7,1.64,4.24,1.78,R4,R4,5.4,9,14.8,16.0
SKU-2808-RH,Важіль curved RH (R4),SKU-2808-LH,RH,curved,False,33.3,19.0,6.7,1.64,4.24,1.78,R4,R4,5.1,8,13.1,14.2
SKU-2809-LH,Важіль heavy_integral LH (R4),SKU-2809-RH,LH,heavy_integral,False,81.0,22.9,15.8,8.62,29.31,19.93,R4,R4,7.0,11,94.8,219.2
SKU-2809-RH,Важіль heavy_integral RH (R4),SKU-2809-LH,RH,heavy_integral,False,81.0,22.9,15.8,8.62,29.31,19.93,R4,R4,7.1,11,94.8,219.2
SKU-2810-LH,Важіль trailing LH (R4),SKU-2810-RH,LH,trailing,False,71.1,7.5,6.2,3.74,3.31,1.26,R4,R4,4.2,7,26.2,8.8
SKU-2810-RH,Важіль trailing RH (R4),SKU-2810-LH,RH,trailing,False,71.1,7.5,6.2,3.74,3.31,1.26,R4,R4,4.1,7,26.2,8.8
SKU-2811-LH,Важіль heavy_integral LH (R4),SKU-2811-RH,LH,heavy_integral,False,53.5,24.3,14.8,7.0,19.24,13.08,R4,R4,5.1,8,56.0,104.6
SKU-2811-RH,Важіль heavy_integral RH (R4),SKU-2811-LH,RH,heavy_integral,False,53.5,24.3,14.8,7.0,19.24,13.08,R4,R4,5.1,8,56.0,104.6
SKU-2812-LH,Важіль a_shaped LH (R4),SKU-2812-RH,LH,a_shaped,False,37.0,41.8,7.3,5.72,11.29,5.87,R4,R4,4.5,7,40.0,41.1
SKU-2812-RH,Важіль a_shaped RH (R4),SKU-2812-LH,RH,a_shaped,False,37.0,41.8,7.3,5.72,11.29,5.87,R4,R4,4.4,7,40.0,41.1
SKU-2813-LH,Важіль curved LH (R4),SKU-2813-RH,LH,curved,False,37.7,18.3,5.7,2.78,3.93,1.65,R4,R4,4.0,6,16.7,9.9
SKU-2813-RH,Важіль curved RH (R4),SKU-2813-LH,RH,curved,False,37.7,18.3,5.7,2.78,3.93,1.65,R4,R4,4.1,7,19.5,11.5
SKU-2814-LH,Важіль straight_link LH (R4),SKU-2814-RH,LH,straight_link,False,24.5,6.5,5.1,0.72,0.81,0.23,R4,R4,3.3,5,3.6,1.2
SKU-2814-RH,Важіль straight_link RH (R4),SKU-2814-LH,RH,straight_link,False,24.5,6.5,5.1,0.72,0.81,0.23,R4,R4,3.3,5,3.6,1.2
SKU-2815-LH,Важіль heavy_integral LH (R4),SKU-2815-RH,LH,heavy_integral,False,72.6,21.4,13.8,8.4,21.44,14.58,R4,R4,5.6,9,75.6,131.2
SKU-2815-RH,Важіль heavy_integral RH (R4),SKU-2815-LH,RH,heavy_integral,False,72.6,21.4,13.8,8.4,21.44,14.58,R4,R4,5.5,9,75.6,131.2
SKU-2816-LH,Важіль trailing LH (R4),SKU-2816-RH,LH,trailing,False,56.1,9.2,8.5,2.96,4.39,1.67,R4,R4,3.8,6,17.8,10.0
SKU-2816-RH,Важіль trailing RH (R4),SKU-2816-LH,RH,trailing,False,56.1,9.2,8.5,2.96,4.39,1.67,R4,R4,3.8,6,17.8,10.0
SKU-2817-LH,Важіль curved LH (R4),SKU-2817-RH,LH,curved,False,35.7,20.3,5.1,1.79,3.7,1.55,R4,R4,3.4,6,10.7,9.3
SKU-2817-RH,Важіль curved RH (R4),SKU-2817-LH,RH,curved,False,35.7,20.3,5.1,1.79,3.7,1.55,R4,R4,3.3,5,8.9,7.8
SKU-2818-LH,Важіль heavy_integral LH (R4),SKU-2818-RH,LH,heavy_integral,False,65.1,19.1,17.0,6.93,21.14,14.38,R4,R4,4.5,7,48.5,100.7
SKU-2818-RH,Важіль heavy_integral RH (R4),SKU-2818-LH,RH,heavy_integral,False,65.1,19.1,17.0,6.93,21.14,14.38,R4,R4,4.2,7,48.5,100.7
SKU-2819-LH,Важіль straight_link LH (R4),SKU-2819-RH,LH,straight_link,False,29.4,7.3,7.1,0.72,1.52,0.43,R4,R4,5.2,8,5.8,3.4
SKU-2819-RH,Важіль straight_link RH (R4),SKU-2819-LH,RH,straight_link,False,29.4,7.3,7.1,0.72,1.52,0.43,R4,R4,5.2,8,5.8,3.4
SKU-2820-LH,Важіль curved LH (R4),SKU-2820-RH,LH,curved,False,31.0,20.5,7.1,2.61,4.51,1.89,R4,R4,4.7,8,20.9,15.1
SKU-2820-RH,Важіль curved RH (R4),SKU-2820-LH,RH,curved,False,31.0,20.5,7.1,2.61,4.51,1.89,R4,R4,4.9,8,20.9,15.1
SKU-2821-LH,Важіль curved LH (R4),SKU-2821-RH,LH,curved,False,36.0,15.0,5.4,2.48,2.92,1.23,R4,R4,6.1,10,24.8,12.3
SKU-2821-RH,Важіль curved RH (R4),SKU-2821-LH,RH,curved,False,36.0,15.0,5.4,2.48,2.92,1.23,R4,R4,6.0,9,22.3,11.1
SKU-2822-LH,Важіль a_shaped LH (R4),SKU-2822-RH,LH,a_shaped,False,48.2,37.6,11.5,5.1,20.84,10.84,R4,R4,6.7,11,56.1,119.2
SKU-2822-RH,Важіль a_shaped RH (R4),SKU-2822-LH,RH,a_shaped,False,48.2,37.6,11.5,5.1,20.84,10.84,R4,R4,6.7,11,56.1,119.2
SKU-2823-LH,Важіль heavy_integral LH (R4),SKU-2823-RH,LH,heavy_integral,False,70.6,20.6,16.9,10.18,24.58,16.71,R4,R4,3.0,5,50.9,83.6
SKU-2823-RH,Важіль heavy_integral RH (R4),SKU-2823-LH,RH,heavy_integral,False,70.6,20.6,16.9,10.18,24.58,16.71,R4,R4,3.2,5,50.9,83.6
SKU-2824-LH,Важіль heavy_integral LH (R4),SKU-2824-RH,LH,heavy_integral,False,77.9,19.9,11.0,6.55,17.05,11.59,R4,R4,3.6,6,39.3,69.5
SKU-2824-RH,Важіль heavy_integral RH (R4),SKU-2824-LH,RH,heavy_integral,False,77.9,19.9,11.0,6.55,17.05,11.59,R4,R4,3.6,6,39.3,69.5
SKU-2825-LH,Важіль straight_link LH (R4),SKU-2825-RH,LH,straight_link,False,31.8,5.5,5.8,0.92,1.01,0.28,R4,R4,5.2,8,7.4,2.2
SKU-2825-RH,Важіль straight_link RH (R4),SKU-2825-LH,RH,straight_link,False,31.8,5.5,5.8,0.92,1.01,0.28,R4,R4,5.0,8,7.4,2.2
SKU-2826-LH,Важіль a_shaped LH (R4),SKU-2826-RH,LH,a_shaped,True,37.6,27.6,12.6,4.26,13.08,13.73,R4,R4,6.8,11,46.9,151.0
SKU-2826-RH,Важіль a_shaped RH (R4),SKU-2826-LH,RH,a_shaped,True,37.6,27.6,12.6,4.26,13.08,13.73,R4,R4,6.8,11,46.9,151.0
SKU-2827-LH,Важіль straight_link LH (R4),SKU-2827-RH,LH,straight_link,False,21.8,5.8,4.6,1.21,0.58,0.16,R4,R4,6.7,11,13.3,1.8
SKU-2827-RH,Важіль straight_link RH (R4),SKU-2827-LH,RH,straight_link,False,21.8,5.8,4.6,1.21,0.58,0.16,R4,R4,6.5,10,12.1,1.6
SKU-2828-LH,Важіль heavy_integral LH (R4),SKU-2828-RH,LH,heavy_integral,False,53.1,16.4,16.0,8.03,13.93,9.47,R4,R4,6.8,11,88.3,104.2
SKU-2828-RH,Важіль heavy_integral RH (R4),SKU-2828-LH,RH,heavy_integral,False,53.1,16.4,16.0,8.03,13.93,9.47,R4,R4,7.2,11,88.3,104.2
SKU-2829-LH,Важіль heavy_integral LH (R4),SKU-2829-RH,LH,heavy_integral,False,76.5,24.2,17.3,7.48,32.03,21.78,R4,R4,6.6,10,74.8,217.8
SKU-2829-RH,Важіль heavy_integral RH (R4),SKU-2829-LH,RH,heavy_integral,False,76.5,24.2,17.3,7.48,32.03,21.78,R4,R4,6.6,10,74.8,217.8
SKU-2830-LH,Важіль trailing LH (R4),SKU-2830-RH,LH,trailing,False,73.5,8.4,8.3,3.63,5.12,1.95,R4,R4,4.0,6,21.8,11.7
SKU-2830-RH,Важіль trailing RH (R4),SKU-2830-LH,RH,trailing,False,73.5,8.4,8.3,3.63,5.12,1.95,R4,R4,3.7,6,21.8,11.7
SKU-2831-LH,Важіль curved LH (R4),SKU-2831-RH,LH,curved,False,30.9,16.0,7.5,1.91,3.71,1.56,R4,R4,4.3,7,13.4,10.9
SKU-2831-RH,Важіль curved RH (R4),SKU-2831-LH,RH,curved,False,30.9,16.0,7.5,1.91,3.71,1.56,R4,R4,4.3,7,13.4,10.9
SKU-2832-LH,Важіль heavy_integral LH (R4),SKU-2832-RH,LH,heavy_integral,False,65.6,24.0,14.6,10.04,22.99,15.63,R4,R4,5.6,9,90.4,140.7
SKU-2832-RH,Важіль heavy_integral RH (R4),SKU-2832-LH,RH,heavy_integral,False,65.6,24.0,14.6,10.04,22.99,15.63,R4,R4,5.6,9,90.4,140.7
SKU-2833-LH,Важіль heavy_integral LH (R4),SKU-2833-RH,LH,heavy_integral,False,72.1,16.7,16.9,9.54,20.35,13.84,R4,R4,4.1,7,66.8,96.9
SKU-2833-RH,Важіль heavy_integral RH (R4),SKU-2833-LH,RH,heavy_integral,False,72.1,16.7,16.9,9.54,20.35,13.84,R4,R4,3.8,6,57.2,83.0
SKU-2834-LH,Важіль heavy_integral LH (R4),SKU-2834-RH,LH,heavy_integral,False,52.1,23.8,16.0,9.7,19.84,13.49,R4,R4,3.0,5,48.5,67.5
SKU-2834-RH,Важіль heavy_integral RH (R4),SKU-2834-LH,RH,heavy_integral,False,52.1,23.8,16.0,9.7,19.84,13.49,R4,R4,3.1,5,48.5,67.5
SKU-2835-LH,Важіль a_shaped LH (R4),SKU-2835-RH,LH,a_shaped,False,46.4,27.3,8.5,5.12,10.77,5.6,R4,R4,5.5,9,46.1,50.4
SKU-2835-RH,Важіль a_shaped RH (R4),SKU-2835-LH,RH,a_shaped,False,46.4,27.3,8.5,5.12,10.77,5.6,R4,R4,5.5,9,46.1,50.4
SKU-2836-LH,Важіль straight_link LH (R4),SKU-2836-RH,LH,straight_link,False,21.3,4.8,5.4,1.05,0.55,0.15,R4,R4,4.9,8,8.4,1.2
SKU-2836-RH,Важіль straight_link RH (R4),SKU-2836-LH,RH,straight_link,False,21.3,4.8,5.4,1.05,0.55,0.15,R4,R4,4.8,8,8.4,1.2
SKU-2837-LH,Важіль curved LH (R4),SKU-2837-RH,LH,curved,False,26.8,20.5,5.5,1.87,3.02,1.27,R4,R4,3.1,5,9.4,6.3
SKU-2837-RH,Важіль curved RH (R4),SKU-2837-LH,RH,curved,False,26.8,20.5,5.5,1.87,3.02,1.27,R4,R4,3.1,5,9.4,6.3
SKU-2838-LH,Важіль straight_link LH (R4),SKU-2838-RH,LH,straight_link,False,30.4,5.4,5.3,0.7,0.87,0.24,R4,R4,3.5,6,4.2,1.4
SKU-2838-RH,Важіль straight_link RH (R4),SKU-2838-LH,RH,straight_link,False,30.4,5.4,5.3,0.7,0.87,0.24,R4,R4,3.5,6,4.2,1.4
SKU-2839-LH,Важіль heavy_integral LH (R4),SKU-2839-RH,LH,heavy_integral,False,57.7,19.1,17.7,8.69,19.51,13.27,R4,R4,6.9,11,95.6,146.0
SKU-2839-RH,Важіль heavy_integral RH (R4),SKU-2839-LH,RH,heavy_integral,False,57.7,19.1,17.7,8.69,19.51,13.27,R4,R4,6.9,11,95.6,146.0
SKU-2840-LH,Важіль trailing LH (R4),SKU-2840-RH,LH,trailing,False,56.8,6.7,8.8,4.17,3.35,1.27,R4,R4,3.1,5,20.9,6.3
SKU-2840-RH,Важіль trailing RH (R4),SKU-2840-LH,RH,trailing,False,56.8,6.7,8.8,4.17,3.35,1.27,R4,R4,3.2,5,20.9,6.3
SKU-2841-LH,Важіль heavy_integral LH (R4),SKU-2841-RH,LH,heavy_integral,False,61.6,17.3,13.7,7.37,14.6,9.93,R4,R4,4.3,7,51.6,69.5
SKU-2841-RH,Важіль heavy_integral RH (R4),SKU-2841-LH,RH,heavy_integral,False,61.6,17.3,13.7,7.37,14.6,9.93,R4,R4,4.4,7,51.6,69.5
SKU-2842-LH,Важіль curved LH (R4),SKU-2842-RH,LH,curved,False,31.3,20.5,10.1,3.31,6.48,2.72,R4,R4,6.2,10,33.1,27.2
SKU-2842-RH,Важіль curved RH (R4),SKU-2842-LH,RH,curved,False,31.3,20.5,10.1,3.31,6.48,2.72,R4,R4,6.3,10,33.1,27.2
SKU-2843-LH,Важіль curved LH (R4),SKU-2843-RH,LH,curved,True,33.4,21.9,9.6,3.33,7.02,7.37,R4,R4,6.3,10,33.3,73.7
SKU-2843-RH,Важіль curved RH (R4),SKU-2843-LH,RH,curved,True,33.4,21.9,9.6,3.33,7.02,7.37,R4,R4,6.2,10,33.3,73.7
SKU-2844-LH,Важіль heavy_integral LH (R4),SKU-2844-RH,LH,heavy_integral,False,66.7,25.2,16.6,9.83,27.9,18.97,R4,R4,5.6,9,88.5,170.7
SKU-2844-RH,Важіль heavy_integral RH (R4),SKU-2844-LH,RH,heavy_integral,False,66.7,25.2,16.6,9.83,27.9,18.97,R4,R4,5.5,9,88.5,170.7
SKU-2845-LH,Важіль a_shaped LH (R4),SKU-2845-RH,LH,a_shaped,False,45.4,30.8,8.2,6.25,11.47,5.96,R4,R4,6.5,10,62.5,59.6
SKU-2845-RH,Важіль a_shaped RH (R4),SKU-2845-LH,RH,a_shaped,False,45.4,30.8,8.2,6.25,11.47,5.96,R4,R4,6.4,10,62.5,59.6
SKU-2846-LH,Важіль curved LH (R4),SKU-2846-RH,LH,curved,False,30.9,10.1,10.0,1.76,3.12,1.31,R4,R4,5.5,9,15.8,11.8
SKU-2846-RH,Важіль curved RH (R4),SKU-2846-LH,RH,curved,False,30.9,10.1,10.0,1.76,3.12,1.31,R4,R4,5.5,9,15.8,11.8
SKU-2847-LH,Важіль straight_link LH (R4),SKU-2847-RH,LH,straight_link,False,18.4,6.7,4.2,0.44,0.52,0.15,R4,R4,4.6,7,3.1,1.1
SKU-2847-RH,Важіль straight_link RH (R4),SKU-2847-LH,RH,straight_link,False,18.4,6.7,4.2,0.44,0.52,0.15,R4,R4,4.8,8,3.5,1.2
SKU-2848-LH,Важіль straight_link LH (R4),SKU-2848-RH,LH,straight_link,False,18.4,4.1,6.1,1.21,0.46,0.13,R4,R4,4.8,8,9.7,1.0
SKU-2848-RH,Важіль straight_link RH (R4),SKU-2848-LH,RH,straight_link,False,18.4,4.1,6.1,1.21,0.46,0.13,R4,R4,4.9,8,9.7,1.0
SKU-2849-LH,Важіль straight_link LH (R4),SKU-2849-RH,LH,straight_link,False,21.1,6.1,6.2,1.13,0.8,0.22,R4,R4,5.7,9,10.2,2.0
SKU-2849-RH,Важіль straight_link RH (R4),SKU-2849-LH,RH,straight_link,False,21.1,6.1,6.2,1.13,0.8,0.22,R4,R4,5.4,9,10.2,2.0
SKU-2850-LH,Важіль curved LH (R4),SKU-2850-RH,LH,curved,False,34.6,18.1,5.6,2.29,3.51,1.47,R4,R4,6.2,10,22.9,14.7
SKU-2850-RH,Важіль curved RH (R4),SKU-2850-LH,RH,curved,False,34.6,18.1,5.6,2.29,3.51,1.47,R4,R4,5.9,9,20.6,13.2
SKU-2851-LH,Важіль trailing LH (R4),SKU-2851-RH,LH,trailing,False,54.3,11.0,8.6,2.14,5.14,1.95,R4,R4,6.7,11,23.5,21.4
SKU-2851-RH,Важіль trailing RH (R4),SKU-2851-LH,RH,trailing,False,54.3,11.0,8.6,2.14,5.14,1.95,R4,R4,6.4,10,21.4,19.5
SKU-2852-LH,Важіль straight_link LH (R4),SKU-2852-RH,LH,straight_link,False,24.2,6.3,5.2,0.72,0.79,0.22,R4,R4,4.6,7,5.0,1.5
SKU-2852-RH,Важіль straight_link RH (R4),SKU-2852-LH,RH,straight_link,False,24.2,6.3,5.2,0.72,0.79,0.22,R4,R4,4.8,8,5.8,1.8
SKU-2853-LH,Важіль a_shaped LH (R4),SKU-2853-RH,LH,a_shaped,False,42.4,40.3,11.0,5.34,18.8,9.78,R4,R4,7.0,11,58.7,107.6
SKU-2853-RH,Важіль a_shaped RH (R4),SKU-2853-LH,RH,a_shaped,False,42.4,40.3,11.0,5.34,18.8,9.78,R4,R4,6.6,10,53.4,97.8
SKU-2854-LH,Важіль a_shaped LH (R4),SKU-2854-RH,LH,a_shaped,False,51.5,32.0,10.0,4.22,16.48,8.57,R4,R4,3.5,6,25.3,51.4
SKU-2854-RH,Важіль a_shaped RH (R4),SKU-2854-LH,RH,a_shaped,False,51.5,32.0,10.0,4.22,16.48,8.57,R4,R4,3.5,6,25.3,51.4
SKU-2855-LH,Важіль curved LH (R4),SKU-2855-RH,LH,curved,False,38.4,12.9,5.2,3.37,2.58,1.08,R4,R4,4.3,7,23.6,7.6
SKU-2855-RH,Важіль curved RH (R4),SKU-2855-LH,RH,curved,False,38.4,12.9,5.2,3.37,2.58,1.08,R4,R4,4.5,7,23.6,7.6
SKU-2856-LH,Важіль a_shaped LH (R4),SKU-2856-RH,LH,a_shaped,False,39.4,40.2,14.9,3.88,23.6,12.27,R4,R4,6.4,10,38.8,122.7
SKU-2856-RH,Важіль a_shaped RH (R4),SKU-2856-LH,RH,a_shaped,False,39.4,40.2,14.9,3.88,23.6,12.27,R4,R4,6.5,10,38.8,122.7
SKU-2857-LH,Важіль straight_link LH (R4),SKU-2857-RH,LH,straight_link,False,31.6,4.9,4.7,0.48,0.73,0.2,R4,R4,5.0,8,3.8,1.6
SKU-2857-RH,Важіль straight_link RH (R4),SKU-2857-LH,RH,straight_link,False,31.6,4.9,4.7,0.48,0.73,0.2,R4,R4,5.2,8,3.8,1.6
SKU-2858-LH,Важіль a_shaped LH (R4),SKU-2858-RH,LH,a_shaped,True,42.5,26.6,13.7,4.27,15.49,16.26,R4,R4,4.4,7,29.9,113.8
SKU-2858-RH,Важіль a_shaped RH (R4),SKU-2858-LH,RH,a_shaped,True,42.5,26.6,13.7,4.27,15.49,16.26,R4,R4,4.4,7,29.9,113.8
SKU-2859-LH,Важіль a_shaped LH (R4),SKU-2859-RH,LH,a_shaped,False,37.2,37.5,10.1,6.05,14.09,7.33,R4,R4,4.7,8,48.4,58.6
SKU-2859-RH,Важіль a_shaped RH (R4),SKU-2859-LH,RH,a_shaped,False,37.2,37.5,10.1,6.05,14.09,7.33,R4,R4,4.8,8,48.4,58.6
SKU-2860-LH,Важіль a_shaped LH (R4),SKU-2860-RH,LH,a_shaped,False,50.4,26.8,11.2,3.71,15.13,7.87,R4,R4,5.0,8,29.7,63.0
SKU-2860-RH,Важіль a_shaped RH (R4),SKU-2860-LH,RH,a_shaped,False,50.4,26.8,11.2,3.71,15.13,7.87,R4,R4,4.8,8,29.7,63.0
SKU-2861-LH,Важіль curved LH (R4),SKU-2861-RH,LH,curved,False,36.1,21.2,9.5,1.79,7.27,3.05,R4,R4,3.9,6,10.7,18.3
SKU-2861-RH,Важіль curved RH (R4),SKU-2861-LH,RH,curved,False,36.1,21.2,9.5,1.79,7.27,3.05,R4,R4,3.8,6,10.7,18.3
SKU-2862-LH,Важіль straight_link LH (R4),SKU-2862-RH,LH,straight_link,False,24.6,7.3,5.5,1.19,0.99,0.28,R4,R4,7.0,11,13.1,3.1
SKU-2862-RH,Важіль straight_link RH (R4),SKU-2862-LH,RH,straight_link,False,24.6,7.3,5.5,1.19,0.99,0.28,R4,R4,6.6,10,11.9,2.8
SKU-2863-LH,Важіль curved LH (R4),SKU-2863-RH,LH,curved,False,31.6,14.8,7.2,3.09,3.37,1.42,R4,R4,4.8,8,24.7,11.4
SKU-2863-RH,Важіль curved RH (R4),SKU-2863-LH,RH,curved,False,31.6,14.8,7.2,3.09,3.37,1.42,R4,R4,5.0,8,24.7,11.4
SKU-2864-LH,Важіль straight_link LH (R4),SKU-2864-RH,LH,straight_link,True,24.8,6.7,4.5,1.01,0.75,0.79,R4,R4,4.1,7,7.1,5.5
SKU-2864-RH,Важіль straight_link RH (R4),SKU-2864-LH,RH,straight_link,True,24.8,6.7,4.5,1.01,0.75,0.79,R4,R4,3.9,6,6.1,4.7
SKU-2865-LH,Важіль straight_link LH (R4),SKU-2865-RH,LH,straight_link,False,26.4,4.6,5.0,0.82,0.61,0.17,R4,R4,4.4,7,5.7,1.2
SKU-2865-RH,Важіль straight_link RH (R4),SKU-2865-LH,RH,straight_link,False,26.4,4.6,5.0,0.82,0.61,0.17,R4,R4,4.4,7,5.7,1.2
SKU-2866-LH,Важіль trailing LH (R4),SKU-2866-RH,LH,trailing,False,69.0,7.5,5.5,3.7,2.85,1.08,R4,R4,6.3,10,37.0,10.8
SKU-2866-RH,Важіль trailing RH (R4),SKU-2866-LH,RH,trailing,False,69.0,7.5,5.5,3.7,2.85,1.08,R4,R4,6.4,10,37.0,10.8
SKU-2867-LH,Важіль straight_link LH (R4),SKU-2867-RH,LH,straight_link,False,25.5,6.3,4.1,1.12,0.66,0.18,R4,R4,3.2,5,5.6,0.9
SKU-2867-RH,Важіль straight_link RH (R4),SKU-2867-LH,RH,straight_link,False,25.5,6.3,4.1,1.12,0.66,0.18,R4,R4,3.3,5,5.6,0.9
SKU-2868-LH,Важіль trailing LH (R4),SKU-2868-RH,LH,trailing,False,55.9,10.9,8.6,3.72,5.24,1.99,R4,R4,4.5,7,26.0,13.9
SKU-2868-RH,Важіль trailing RH (R4),SKU-2868-LH,RH,trailing,False,55.9,10.9,8.6,3.72,5.24,1.99,R4,R4,4.8,8,29.8,15.9
SKU-2869-LH,Важіль straight_link LH (R4),SKU-2869-RH,LH,straight_link,False,29.9,5.2,5.2,1.39,0.81,0.23,R4,R4,4.9,8,11.1,1.8
SKU-2869-RH,Важіль straight_link RH (R4),SKU-2869-LH,RH,straight_link,False,29.9,5.2,5.2,1.39,0.81,0.23,R4,R4,5.0,8,11.1,1.8
SKU-2870-LH,Важіль a_shaped LH (R4),SKU-2870-RH,LH,a_shaped,False,36.7,33.4,10.4,6.09,12.75,6.63,R4,R4,4.6,7,42.6,46.4
SKU-2870-RH,Важіль a_shaped RH (R4),SKU-2870-LH,RH,a_shaped,False,36.7,33.4,10.4,6.09,12.75,6.63,R4,R4,4.3,7,42.6,46.4
SKU-2871-LH,Важіль heavy_integral LH (R4),SKU-2871-RH,LH,heavy_integral,False,52.9,23.3,18.0,9.72,22.19,15.09,R4,R4,5.2,8,77.8,120.7
SKU-2871-RH,Важіль heavy_integral RH (R4),SKU-2871-LH,RH,heavy_integral,False,52.9,23.3,18.0,9.72,22.19,15.09,R4,R4,5.4,9,87.5,135.8
SKU-2872-LH,Важіль trailing LH (R4),SKU-2872-RH,LH,trailing,False,77.7,8.0,9.0,2.43,5.59,2.12,R4,R4,3.9,6,14.6,12.7
SKU-2872-RH,Важіль trailing RH (R4),SKU-2872-LH,RH,trailing,False,77.7,8.0,9.0,2.43,5.59,2.12,R4,R4,3.9,6,14.6,12.7
SKU-2873-LH,Важіль a_shaped LH (R4),SKU-2873-RH,LH,a_shaped,False,49.6,38.5,12.0,5.24,22.92,11.92,R4,R4,5.8,9,47.2,107.3
SKU-2873-RH,Важіль a_shaped RH (R4),SKU-2873-LH,RH,a_shaped,False,49.6,38.5,12.0,5.24,22.92,11.92,R4,R4,6.0,9,47.2,107.3
SKU-2874-LH,Важіль straight_link LH (R4),SKU-2874-RH,LH,straight_link,False,27.8,5.9,7.1,0.65,1.16,0.32,R4,R4,4.6,7,4.5,2.2
SKU-2874-RH,Важіль straight_link RH (R4),SKU-2874-LH,RH,straight_link,False,27.8,5.9,7.1,0.65,1.16,0.32,R4,R4,4.5,7,4.5,2.2
SKU-2875-LH,Важіль curved LH (R4),SKU-2875-RH,LH,curved,False,31.5,14.4,10.3,2.44,4.67,1.96,R4,R4,5.0,8,19.5,15.7
SKU-2875-RH,Важіль curved RH (R4),SKU-2875-LH,RH,curved,False,31.5,14.4,10.3,2.44,4.67,1.96,R4,R4,5.0,8,19.5,15.7
SKU-2876-LH,Важіль curved LH (R4),SKU-2876-RH,LH,curved,False,27.9,20.6,9.7,1.94,5.57,2.34,R4,R4,5.8,9,17.5,21.1
SKU-2876-RH,Важіль curved RH (R4),SKU-2876-LH,RH,curved,False,27.9,20.6,9.7,1.94,5.57,2.34,R4,R4,5.6,9,17.5,21.1
SKU-2877-LH,Важіль straight_link LH (R4),SKU-2877-RH,LH,straight_link,False,23.7,6.4,6.2,0.93,0.94,0.26,R4,R4,6.2,10,9.3,2.6
SKU-2877-RH,Важіль straight_link RH (R4),SKU-2877-LH,RH,straight_link,False,23.7,6.4,6.2,0.93,0.94,0.26,R4,R4,6.1,10,9.3,2.6
SKU-2878-LH,Важіль straight_link LH (R4),SKU-2878-RH,LH,straight_link,False,22.7,7.1,6.2,1.22,1.0,0.28,R4,R4,5.1,8,9.8,2.2
SKU-2878-RH,Важіль straight_link RH (R4),SKU-2878-LH,RH,straight_link,False,22.7,7.1,6.2,1.22,1.0,0.28,R4,R4,5.2,8,9.8,2.2
SKU-2879-LH,Важіль trailing LH (R4),SKU-2879-RH,LH,trailing,False,70.1,8.4,8.3,3.52,4.89,1.86,R4,R4,5.6,9,31.7,16.7
SKU-2879-RH,Важіль trailing RH (R4),SKU-2879-LH,RH,trailing,False,70.1,8.4,8.3,3.52,4.89,1.86,R4,R4,6.0,9,31.7,16.7
SKU-2880-LH,Важіль trailing LH (R4),SKU-2880-RH,LH,trailing,False,72.5,7.7,7.1,2.39,3.96,1.5,R4,R4,5.0,8,19.1,12.0
SKU-2880-RH,Важіль trailing RH (R4),SKU-2880-LH,RH,trailing,False,72.5,7.7,7.1,2.39,3.96,1.5,R4,R4,5.2,8,19.1,12.0
SKU-2881-LH,Важіль curved LH (R4),SKU-2881-RH,LH,curved,False,32.2,16.0,10.3,1.8,5.31,2.23,R4,R4,6.0,9,16.2,20.1
SKU-2881-RH,Важіль curved RH (R4),SKU-2881-LH,RH,curved,False,32.2,16.0,10.3,1.8,5.31,2.23,R4,R4,5.9,9,16.2,20.1
SKU-2882-LH,Важіль a_shaped LH (R4),SKU-2882-RH,LH,a_shaped,False,48.2,32.5,14.0,5.28,21.93,11.4,R4,R4,3.1,5,26.4,57.0
SKU-2882-RH,Важіль a_shaped RH (R4),SKU-2882-LH,RH,a_shaped,False,48.2,32.5,14.0,5.28,21.93,11.4,R4,R4,3.0,5,26.4,57.0
SKU-2883-LH,Важіль a_shaped LH (R4),SKU-2883-RH,LH,a_shaped,False,38.7,31.5,13.1,6.65,15.97,8.3,R4,R4,4.6,7,46.6,58.1
SKU-2883-RH,Важіль a_shaped RH (R4),SKU-2883-LH,RH,a_shaped,False,38.7,31.5,13.1,6.65,15.97,8.3,R4,R4,4.4,7,46.6,58.1
SKU-2884-LH,Важіль trailing LH (R4),SKU-2884-RH,LH,trailing,False,69.1,7.0,6.2,2.38,3.0,1.14,R4,R4,4.4,7,16.7,8.0
SKU-2884-RH,Важіль trailing RH (R4),SKU-2884-LH,RH,trailing,False,69.1,7.0,6.2,2.38,3.0,1.14,R4,R4,4.6,7,16.7,8.0
SKU-2885-LH,Важіль straight_link LH (R4),SKU-2885-RH,LH,straight_link,False,18.2,5.9,6.0,1.31,0.64,0.18,R4,R4,5.0,8,10.5,1.4
SKU-2885-RH,Важіль straight_link RH (R4),SKU-2885-LH,RH,straight_link,False,18.2,5.9,6.0,1.31,0.64,0.18,R4,R4,5.0,8,10.5,1.4
SKU-2886-LH,Важіль heavy_integral LH (R4),SKU-2886-RH,LH,heavy_integral,False,51.8,20.1,10.4,8.57,10.83,7.36,R4,R4,4.2,7,60.0,51.5
SKU-2886-RH,Важіль heavy_integral RH (R4),SKU-2886-LH,RH,heavy_integral,False,51.8,20.1,10.4,8.57,10.83,7.36,R4,R4,4.1,7,60.0,51.5
SKU-2887-LH,Важіль trailing LH (R4),SKU-2887-RH,LH,trailing,False,75.3,6.9,6.4,3.39,3.33,1.27,R4,R4,3.3,5,16.9,6.3
SKU-2887-RH,Важіль trailing RH (R4),SKU-2887-LH,RH,trailing,False,75.3,6.9,6.4,3.39,3.33,1.27,R4,R4,3.3,5,16.9,6.3
SKU-2888-LH,Важіль curved LH (R4),SKU-2888-RH,LH,curved,False,39.6,17.0,8.1,3.28,5.45,2.29,R4,R4,7.0,11,36.1,25.2
SKU-2888-RH,Важіль curved RH (R4),SKU-2888-LH,RH,curved,False,39.6,17.0,8.1,3.28,5.45,2.29,R4,R4,6.5,10,32.8,22.9
SKU-2889-LH,Важіль straight_link LH (R4),SKU-2889-RH,LH,straight_link,False,27.5,5.9,4.1,0.46,0.67,0.19,R4,R4,6.7,11,5.1,2.1
SKU-2889-RH,Важіль straight_link RH (R4),SKU-2889-LH,RH,straight_link,False,27.5,5.9,4.1,0.46,0.67,0.19,R4,R4,6.5,10,4.6,1.9
SKU-2890-LH,Важіль straight_link LH (R4),SKU-2890-RH,LH,straight_link,False,26.3,6.8,5.5,0.51,0.98,0.27,R4,R4,4.7,8,4.1,2.2
SKU-2890-RH,Важіль straight_link RH (R4),SKU-2890-LH,RH,straight_link,False,26.3,6.8,5.5,0.51,0.98,0.27,R4,R4,4.8,8,4.1,2.2
SKU-2891-LH,Важіль straight_link LH (R4),SKU-2891-RH,LH,straight_link,False,31.9,4.9,4.7,0.93,0.73,0.2,R4,R4,5.1,8,7.4,1.6
SKU-2891-RH,Важіль straight_link RH (R4),SKU-2891-LH,RH,straight_link,False,31.9,4.9,4.7,0.93,0.73,0.2,R4,R4,5.3,8,7.4,1.6
SKU-2892-LH,Важіль a_shaped LH (R4),SKU-2892-RH,LH,a_shaped,False,45.8,37.6,7.2,5.43,12.4,6.45,R4,R4,6.3,10,54.3,64.5
SKU-2892-RH,Важіль a_shaped RH (R4),SKU-2892-LH,RH,a_shaped,False,45.8,37.6,7.2,5.43,12.4,6.45,R4,R4,6.5,10,54.3,64.5
SKU-2893-LH,Важіль curved LH (R4),SKU-2893-RH,LH,curved,False,31.7,15.5,10.9,1.96,5.36,2.25,R4,R4,3.4,6,11.8,13.5
SKU-2893-RH,Важіль curved RH (R4),SKU-2893-LH,RH,curved,False,31.7,15.5,10.9,1.96,5.36,2.25,R4,R4,3.4,6,11.8,13.5
SKU-2894-LH,Важіль trailing LH (R4),SKU-2894-RH,LH,trailing,False,65.4,10.2,8.0,2.66,5.34,2.03,R4,R4,3.1,5,13.3,10.1
SKU-2894-RH,Важіль trailing RH (R4),SKU-2894-LH,RH,trailing,False,65.4,10.2,8.0,2.66,5.34,2.03,R4,R4,3.2,5,13.3,10.1
SKU-2895-LH,Важіль curved LH (R4),SKU-2895-RH,LH,curved,False,41.3,20.6,8.5,2.4,7.23,3.04,R4,R4,6.2,10,24.0,30.4
SKU-2895-RH,Важіль curved RH (R4),SKU-2895-LH,RH,curved,False,41.3,20.6,8.5,2.4,7.23,3.04,R4,R4,6.1,10,24.0,30.4
SKU-2896-LH,Важіль curved LH (R4),SKU-2896-RH,LH,curved,False,40.8,15.5,7.2,2.73,4.55,1.91,R4,R4,5.6,9,24.6,17.2
SKU-2896-RH,Важіль curved RH (R4),SKU-2896-LH,RH,curved,False,40.8,15.5,7.2,2.73,4.55,1.91,R4,R4,5.8,9,24.6,17.2
SKU-2897-LH,Важіль curved LH (R4),SKU-2897-RH,LH,curved,False,29.0,14.9,9.4,3.34,4.06,1.71,R4,R4,6.5,10,33.4,17.1
SKU-2897-RH,Важіль curved RH (R4),SKU-2897-LH,RH,curved,False,29.0,14.9,9.4,3.34,4.06,1.71,R4,R4,6.1,10,33.4,17.1
SKU-2898-LH,Важіль curved LH (R4),SKU-2898-RH,LH,curved,True,34.9,13.5,10.0,2.81,4.71,4.95,R4,R4,6.7,11,30.9,54.5
SKU-2898-RH,Важіль curved RH (R4),SKU-2898-LH,RH,curved,True,34.9,13.5,10.0,2.81,4.71,4.95,R4,R4,6.9,11,30.9,54.5
SKU-2899-LH,Важіль straight_link LH (R4),SKU-2899-RH,LH,straight_link,False,21.3,6.1,5.6,0.85,0.73,0.2,R4,R4,4.3,7,6.0,1.4
SKU-2899-RH,Важіль straight_link RH (R4),SKU-2899-LH,RH,straight_link,False,21.3,6.1,5.6,0.85,0.73,0.2,R4,R4,4.5,7,6.0,1.4
SKU-2900-LH,Важіль straight_link LH (R4),SKU-2900-RH,LH,straight_link,False,18.0,5.1,5.0,0.79,0.46,0.13,R4,R4,3.5,6,4.7,0.8
SKU-2900-RH,Важіль straight_link RH (R4),SKU-2900-LH,RH,straight_link,False,18.0,5.1,5.0,0.79,0.46,0.13,R4,R4,3.6,6,4.7,0.8
SKU-2901-LH,Важіль a_shaped LH (R4),SKU-2901-RH,LH,a_shaped,False,48.9,33.2,11.2,6.19,18.18,9.45,R4,R4,4.8,8,49.5,75.6
SKU-2901-RH,Важіль a_shaped RH (R4),SKU-2901-LH,RH,a_shaped,False,48.9,33.2,11.2,6.19,18.18,9.45,R4,R4,4.7,8,49.5,75.6
SKU-2902-LH,Важіль a_shaped LH (R4),SKU-2902-RH,LH,a_shaped,False,48.2,28.8,9.7,4.32,13.47,7.0,R4,R4,4.3,7,30.2,49.0
SKU-2902-RH,Важіль a_shaped RH (R4),SKU-2902-LH,RH,a_shaped,False,48.2,28.8,9.7,4.32,13.47,7.0,R4,R4,4.5,7,30.2,49.0
SKU-2903-LH,Важіль straight_link LH (R4),SKU-2903-RH,LH,straight_link,False,29.0,5.3,7.5,0.99,1.15,0.32,R4,R4,4.7,8,7.9,2.6
SKU-2903-RH,Важіль straight_link RH (R4),SKU-2903-LH,RH,straight_link,False,29.0,5.3,7.5,0.99,1.15,0.32,R4,R4,4.7,8,7.9,2.6
SKU-2904-LH,Важіль trailing LH (R4),SKU-2904-RH,LH,trailing,False,57.1,8.3,8.4,3.16,3.98,1.51,R4,R4,5.8,9,28.4,13.6
SKU-2904-RH,Важіль trailing RH (R4),SKU-2904-LH,RH,trailing,False,57.1,8.3,8.4,3.16,3.98,1.51,R4,R4,5.9,9,28.4,13.6
SKU-2905-LH,Важіль a_shaped LH (R4),SKU-2905-RH,LH,a_shaped,False,45.2,28.0,12.5,5.94,15.82,8.23,R4,R4,3.2,5,29.7,41.2
SKU-2905-RH,Важіль a_shaped RH (R4),SKU-2905-LH,RH,a_shaped,False,45.2,28.0,12.5,5.94,15.82,8.23,R4,R4,3.1,5,29.7,41.2
SKU-2906-LH,Важіль straight_link LH (R4),SKU-2906-RH,LH,straight_link,False,23.9,4.7,5.5,0.78,0.62,0.17,R4,R4,6.1,10,7.8,1.7
SKU-2906-RH,Важіль straight_link RH (R4),SKU-2906-LH,RH,straight_link,False,23.9,4.7,5.5,0.78,0.62,0.17,R4,R4,6.0,9,7.0,1.5
SKU-2907-LH,Важіль curved LH (R4),SKU-2907-RH,LH,curved,True,40.9,18.2,5.2,3.07,3.87,4.06,R4,R4,3.8,6,18.4,24.4
SKU-2907-RH,Важіль curved RH (R4),SKU-2907-LH,RH,curved,True,40.9,18.2,5.2,3.07,3.87,4.06,R4,R4,3.8,6,18.4,24.4
SKU-2908-LH,Важіль straight_link LH (R4),SKU-2908-RH,LH,straight_link,False,30.5,5.5,4.3,1.35,0.72,0.2,R4,R4,6.8,11,14.9,2.2
SKU-2908-RH,Важіль straight_link RH (R4),SKU-2908-LH,RH,straight_link,False,30.5,5.5,4.3,1.35,0.72,0.2,R4,R4,6.7,11,14.9,2.2
SKU-2909-LH,Важіль curved LH (R4),SKU-2909-RH,LH,curved,False,38.7,10.9,5.4,2.57,2.28,0.96,R4,R4,3.5,6,15.4,5.8
SKU-2909-RH,Важіль curved RH (R4),SKU-2909-LH,RH,curved,False,38.7,10.9,5.4,2.57,2.28,0.96,R4,R4,3.6,6,15.4,5.8
SKU-2910-LH,Важіль curved LH (R4),SKU-2910-RH,LH,curved,False,28.6,10.9,6.2,2.89,1.93,0.81,R4,R4,6.2,10,28.9,8.1
SKU-2910-RH,Важіль curved RH (R4),SKU-2910-LH,RH,curved,False,28.6,10.9,6.2,2.89,1.93,0.81,R4,R4,6.2,10,28.9,8.1
SKU-2911-LH,Важіль curved LH (R4),SKU-2911-RH,LH,curved,True,27.1,13.1,8.3,2.93,2.95,3.1,R4,R4,5.4,9,26.4,27.9
SKU-2911-RH,Важіль curved RH (R4),SKU-2911-LH,RH,curved,True,27.1,13.1,8.3,2.93,2.95,3.1,R4,R4,5.3,8,23.4,24.8
SKU-2912-LH,Важіль straight_link LH (R4),SKU-2912-RH,LH,straight_link,False,23.1,6.6,5.8,1.14,0.88,0.25,R4,R4,6.9,11,12.5,2.8
SKU-2912-RH,Важіль straight_link RH (R4),SKU-2912-LH,RH,straight_link,False,23.1,6.6,5.8,1.14,0.88,0.25,R4,R4,6.6,10,11.4,2.5
SKU-2913-LH,Важіль trailing LH (R4),SKU-2913-RH,LH,trailing,False,58.9,10.7,6.8,2.37,4.29,1.63,R4,R4,4.6,7,16.6,11.4
SKU-2913-RH,Важіль trailing RH (R4),SKU-2913-LH,RH,trailing,False,58.9,10.7,6.8,2.37,4.29,1.63,R4,R4,4.7,8,19.0,13.0
SKU-2914-LH,Важіль curved LH (R4),SKU-2914-RH,LH,curved,False,31.4,10.9,10.7,2.99,3.66,1.54,R4,R4,6.3,10,29.9,15.4
SKU-2914-RH,Важіль curved RH (R4),SKU-2914-LH,RH,curved,False,31.4,10.9,10.7,2.99,3.66,1.54,R4,R4,6.5,10,29.9,15.4
SKU-2915-LH,Важіль straight_link LH (R4),SKU-2915-RH,LH,straight_link,False,20.8,4.4,5.2,0.54,0.48,0.13,R4,R4,6.7,11,5.9,1.4
SKU-2915-RH,Важіль straight_link RH (R4),SKU-2915-LH,RH,straight_link,False,20.8,4.4,5.2,0.54,0.48,0.13,R4,R4,7.0,11,5.9,1.4
SKU-2916-LH,Важіль straight_link LH (R4),SKU-2916-RH,LH,straight_link,False,22.2,6.0,4.5,1.18,0.6,0.17,R4,R4,4.4,7,8.3,1.2
SKU-2916-RH,Важіль straight_link RH (R4),SKU-2916-LH,RH,straight_link,False,22.2,6.0,4.5,1.18,0.6,0.17,R4,R4,4.4,7,8.3,1.2
SKU-2917-LH,Важіль curved LH (R4),SKU-2917-RH,LH,curved,False,39.4,17.3,7.3,2.51,4.98,2.09,R4,R4,6.3,10,25.1,20.9
SKU-2917-RH,Важіль curved RH (R4),SKU-2917-LH,RH,curved,False,39.4,17.3,7.3,2.51,4.98,2.09,R4,R4,5.9,9,22.6,18.8
SKU-2918-LH,Важіль straight_link LH (R4),SKU-2918-RH,LH,straight_link,False,28.9,5.5,5.2,0.81,0.83,0.23,R4,R4,5.6,9,7.3,2.1
SKU-2918-RH,Важіль straight_link RH (R4),SKU-2918-LH,RH,straight_link,False,28.9,5.5,5.2,0.81,0.83,0.23,R4,R4,5.4,9,7.3,2.1
SKU-2919-LH,Важіль curved LH (R4),SKU-2919-RH,LH,curved,False,28.6,10.5,8.4,2.58,2.52,1.06,R4,R4,3.9,6,15.5,6.4
SKU-2919-RH,Важіль curved RH (R4),SKU-2919-LH,RH,curved,False,28.6,10.5,8.4,2.58,2.52,1.06,R4,R4,3.9,6,15.5,6.4
SKU-2920-LH,Важіль a_shaped LH (R4),SKU-2920-RH,LH,a_shaped,False,41.5,41.8,10.0,6.03,17.35,9.02,R4,R4,4.9,8,48.2,72.2
SKU-2920-RH,Важіль a_shaped RH (R4),SKU-2920-LH,RH,a_shaped,False,41.5,41.8,10.0,6.03,17.35,9.02,R4,R4,4.9,8,48.2,72.2
SKU-2921-LH,Важіль curved LH (R4),SKU-2921-RH,LH,curved,False,39.7,21.3,8.5,2.03,7.19,3.02,R4,R4,4.7,8,16.2,24.2
SKU-2921-RH,Важіль curved RH (R4),SKU-2921-LH,RH,curved,False,39.7,21.3,8.5,2.03,7.19,3.02,R4,R4,4.6,7,14.2,21.1
SKU-2922-LH,Важіль curved LH (R4),SKU-2922-RH,LH,curved,False,26.8,18.2,6.5,2.5,3.17,1.33,R4,R4,6.0,9,22.5,12.0
SKU-2922-RH,Важіль curved RH (R4),SKU-2922-LH,RH,curved,False,26.8,18.2,6.5,2.5,3.17,1.33,R4,R4,5.8,9,22.5,12.0
SKU-2923-LH,Важіль curved LH (R4),SKU-2923-RH,LH,curved,False,29.5,13.1,8.4,2.51,3.25,1.36,R4,R4,3.7,6,15.1,8.2
SKU-2923-RH,Важіль curved RH (R4),SKU-2923-LH,RH,curved,False,29.5,13.1,8.4,2.51,3.25,1.36,R4,R4,3.7,6,15.1,8.2
SKU-2924-LH,Важіль straight_link LH (R4),SKU-2924-RH,LH,straight_link,False,24.6,7.0,7.0,0.91,1.21,0.34,R4,R4,5.7,9,8.2,3.1
SKU-2924-RH,Важіль straight_link RH (R4),SKU-2924-LH,RH,straight_link,False,24.6,7.0,7.0,0.91,1.21,0.34,R4,R4,5.9,9,8.2,3.1
SKU-2925-LH,Важіль curved LH (R4),SKU-2925-RH,LH,curved,False,39.3,11.0,9.6,1.78,4.15,1.74,R4,R4,6.4,10,17.8,17.4
SKU-2925-RH,Важіль curved RH (R4),SKU-2925-LH,RH,curved,False,39.3,11.0,9.6,1.78,4.15,1.74,R4,R4,6.6,10,17.8,17.4
SKU-2926-LH,Важіль a_shaped LH (R4),SKU-2926-RH,LH,a_shaped,False,41.9,36.3,14.6,3.73,22.21,11.55,R4,R4,6.7,11,41.0,127.1
SKU-2926-RH,Важіль a_shaped RH (R4),SKU-2926-LH,RH,a_shaped,False,41.9,36.3,14.6,3.73,22.21,11.55,R4,R4,6.8,11,41.0,127.1
SKU-2927-LH,Важіль a_shaped LH (R4),SKU-2927-RH,LH,a_shaped,False,43.5,39.9,10.3,5.31,17.88,9.3,R4,R4,3.0,5,26.5,46.5
SKU-2927-RH,Важіль a_shaped RH (R4),SKU-2927-LH,RH,a_shaped,False,43.5,39.9,10.3,5.31,17.88,9.3,R4,R4,3.1,5,26.5,46.5
SKU-2928-LH,Важіль trailing LH (R4),SKU-2928-RH,LH,trailing,False,67.1,6.7,6.8,2.85,3.06,1.16,R4,R4,5.1,8,22.8,9.3
SKU-2928-RH,Важіль trailing RH (R4),SKU-2928-LH,RH,trailing,False,67.1,6.7,6.8,2.85,3.06,1.16,R4,R4,5.1,8,22.8,9.3
SKU-2929-LH,Важіль a_shaped LH (R4),SKU-2929-RH,LH,a_shaped,False,50.2,33.5,13.0,4.05,21.86,11.37,R4,R4,5.6,9,36.4,102.3
SKU-2929-RH,Важіль a_shaped RH (R4),SKU-2929-LH,RH,a_shaped,False,50.2,33.5,13.0,4.05,21.86,11.37,R4,R4,5.7,9,36.4,102.3
SKU-2930-LH,Важіль a_shaped LH (R4),SKU-2930-RH,LH,a_shaped,True,38.4,27.5,8.9,3.92,9.4,9.87,R4,R4,5.6,9,35.3,88.8
SKU-2930-RH,Важіль a_shaped RH (R4),SKU-2930-LH,RH,a_shaped,True,38.4,27.5,8.9,3.92,9.4,9.87,R4,R4,5.8,9,35.3,88.8
SKU-2931-LH,Важіль curved LH (R4),SKU-2931-RH,LH,curved,False,41.1,21.2,6.4,2.71,5.58,2.34,R4,R4,3.2,5,13.6,11.7
SKU-2931-RH,Важіль curved RH (R4),SKU-2931-LH,RH,curved,False,41.1,21.2,6.4,2.71,5.58,2.34,R4,R4,3.1,5,13.6,11.7
SKU-2932-LH,Важіль straight_link LH (R4),SKU-2932-RH,LH,straight_link,True,22.8,4.3,5.4,1.07,0.53,0.56,R4,R4,4.8,8,8.6,4.5
SKU-2932-RH,Важіль straight_link RH (R4),SKU-2932-LH,RH,straight_link,True,22.8,4.3,5.4,1.07,0.53,0.56,R4,R4,4.7,8,8.6,4.5
SKU-2933-LH,Важіль trailing LH (R4),SKU-2933-RH,LH,trailing,False,54.6,10.0,5.5,3.35,3.0,1.14,R4,R4,4.3,7,23.4,8.0
SKU-2933-RH,Важіль trailing RH (R4),SKU-2933-LH,RH,trailing,False,54.6,10.0,5.5,3.35,3.0,1.14,R4,R4,4.4,7,23.4,8.0
SKU-2934-LH,Важіль straight_link LH (R4),SKU-2934-RH,LH,straight_link,False,23.6,6.1,5.7,0.7,0.82,0.23,R4,R4,5.3,8,5.6,1.8
SKU-2934-RH,Важіль straight_link RH (R4),SKU-2934-LH,RH,straight_link,False,23.6,6.1,5.7,0.7,0.82,0.23,R4,R4,5.0,8,5.6,1.8
SKU-2935-LH,Важіль heavy_integral LH (R4),SKU-2935-RH,LH,heavy_integral,False,51.8,17.9,14.5,9.92,13.44,9.14,R4,R4,6.3,10,99.2,91.4
SKU-2935-RH,Важіль heavy_integral RH (R4),SKU-2935-LH,RH,heavy_integral,False,51.8,17.9,14.5,9.92,13.44,9.14,R4,R4,6.5,10,99.2,91.4
SKU-2936-LH,Важіль heavy_integral LH (R4),SKU-2936-RH,LH,heavy_integral,False,54.7,23.7,16.0,10.08,20.74,14.1,R4,R4,3.0,5,50.4,70.5
SKU-2936-RH,Важіль heavy_integral RH (R4),SKU-2936-LH,RH,heavy_integral,False,54.7,23.7,16.0,10.08,20.74,14.1,R4,R4,3.1,5,50.4,70.5
SKU-2937-LH,Важіль straight_link LH (R4),SKU-2937-RH,LH,straight_link,False,30.5,4.2,6.1,0.97,0.78,0.22,R4,R4,3.1,5,4.8,1.1
SKU-2937-RH,Важіль straight_link RH (R4),SKU-2937-LH,RH,straight_link,False,30.5,4.2,6.1,0.97,0.78,0.22,R4,R4,3.2,5,4.8,1.1
SKU-2938-LH,Важіль heavy_integral LH (R4),SKU-2938-RH,LH,heavy_integral,False,58.7,22.4,13.7,9.89,18.01,12.25,R4,R4,4.3,7,69.2,85.8
SKU-2938-RH,Важіль heavy_integral RH (R4),SKU-2938-LH,RH,heavy_integral,False,58.7,22.4,13.7,9.89,18.01,12.25,R4,R4,4.5,7,69.2,85.8
SKU-2939-LH,Важіль straight_link LH (R4),SKU-2939-RH,LH,straight_link,False,18.4,6.7,4.4,0.43,0.54,0.15,R4,R4,4.0,6,2.6,0.9
SKU-2939-RH,Важіль straight_link RH (R4),SKU-2939-LH,RH,straight_link,False,18.4,6.7,4.4,0.43,0.54,0.15,R4,R4,4.2,7,3.0,1.1
SKU-2940-LH,Важіль trailing LH (R4),SKU-2940-RH,LH,trailing,False,77.5,9.6,6.7,3.57,4.98,1.89,R4,R4,7.1,11,39.3,20.8
SKU-2940-RH,Важіль trailing RH (R4),SKU-2940-LH,RH,trailing,False,77.5,9.6,6.7,3.57,4.98,1.89,R4,R4,7.1,11,39.3,20.8
SKU-2941-LH,Важіль a_shaped LH (R4),SKU-2941-RH,LH,a_shaped,False,37.8,37.3,13.8,6.65,19.46,10.12,R4,R4,3.8,6,39.9,60.7
SKU-2941-RH,Важіль a_shaped RH (R4),SKU-2941-LH,RH,a_shaped,False,37.8,37.3,13.8,6.65,19.46,10.12,R4,R4,3.9,6,39.9,60.7
SKU-2942-LH,Важіль a_shaped LH (R4),SKU-2942-RH,LH,a_shaped,False,45.6,30.1,9.7,5.01,13.31,6.92,R4,R4,5.1,8,40.1,55.4
SKU-2942-RH,Важіль a_shaped RH (R4),SKU-2942-LH,RH,a_shaped,False,45.6,30.1,9.7,5.01,13.31,6.92,R4,R4,5.1,8,40.1,55.4
SKU-2943-LH,Важіль heavy_integral LH (R4),SKU-2943-RH,LH,heavy_integral,False,55.1,16.5,11.6,8.7,10.55,7.17,R4,R4,6.0,9,78.3,64.5
SKU-2943-RH,Важіль heavy_integral RH (R4),SKU-2943-LH,RH,heavy_integral,False,55.1,16.5,11.6,8.7,10.55,7.17,R4,R4,6.0,9,78.3,64.5
SKU-2944-LH,Важіль curved LH (R4),SKU-2944-RH,LH,curved,False,30.9,21.4,9.3,2.19,6.15,2.58,R4,R4,4.2,7,15.3,18.1
SKU-2944-RH,Важіль curved RH (R4),SKU-2944-LH,RH,curved,False,30.9,21.4,9.3,2.19,6.15,2.58,R4,R4,4.0,6,13.1,15.5
SKU-2945-LH,Важіль trailing LH (R4),SKU-2945-RH,LH,trailing,False,56.6,9.9,7.1,2.12,3.98,1.51,R4,R4,5.7,9,19.1,13.6
SKU-2945-RH,Важіль trailing RH (R4),SKU-2945-LH,RH,trailing,False,56.6,9.9,7.1,2.12,3.98,1.51,R4,R4,5.7,9,19.1,13.6
SKU-2946-LH,Важіль heavy_integral LH (R4),SKU-2946-RH,LH,heavy_integral,False,67.7,25.8,10.6,7.42,18.51,12.59,R4,R4,3.9,6,44.5,75.5
SKU-2946-RH,Важіль heavy_integral RH (R4),SKU-2946-LH,RH,heavy_integral,False,67.7,25.8,10.6,7.42,18.51,12.59,R4,R4,3.9,6,44.5,75.5
SKU-2947-LH,Важіль trailing LH (R4),SKU-2947-RH,LH,trailing,False,75.7,7.0,7.2,3.44,3.82,1.45,R4,R4,5.1,8,27.5,11.6
SKU-2947-RH,Важіль trailing RH (R4),SKU-2947-LH,RH,trailing,False,75.7,7.0,7.2,3.44,3.82,1.45,R4,R4,5.0,8,27.5,11.6
SKU-2948-LH,Важіль a_shaped LH (R4),SKU-2948-RH,LH,a_shaped,False,42.4,38.7,13.1,4.03,21.5,11.18,R4,R4,3.5,6,24.2,67.1
SKU-2948-RH,Важіль a_shaped RH (R4),SKU-2948-LH,RH,a_shaped,False,42.4,38.7,13.1,4.03,21.5,11.18,R4,R4,3.4,6,24.2,67.1
SKU-2949-LH,Важіль heavy_integral LH (R4),SKU-2949-RH,LH,heavy_integral,False,51.9,21.3,14.3,9.9,15.81,10.75,R4,R4,3.3,5,49.5,53.8
SKU-2949-RH,Важіль heavy_integral RH (R4),SKU-2949-LH,RH,heavy_integral,False,51.9,21.3,14.3,9.9,15.81,10.75,R4,R4,3.4,6,59.4,64.5
SKU-2950-LH,Важіль trailing LH (R4),SKU-2950-RH,LH,trailing,False,76.4,11.0,8.8,2.11,7.4,2.81,R4,R4,3.1,5,10.5,14.1
SKU-2950-RH,Важіль trailing RH (R4),SKU-2950-LH,RH,trailing,False,76.4,11.0,8.8,2.11,7.4,2.81,R4,R4,3.2,5,10.5,14.1
SKU-2951-LH,Важіль curved LH (R4),SKU-2951-RH,LH,curved,False,40.3,12.2,8.7,3.25,4.28,1.8,R4,R4,4.7,8,26.0,14.4
SKU-2951-RH,Важіль curved RH (R4),SKU-2951-LH,RH,curved,False,40.3,12.2,8.7,3.25,4.28,1.8,R4,R4,4.8,8,26.0,14.4
SKU-2952-LH,Важіль curved LH (R4),SKU-2952-RH,LH,curved,False,35.2,15.3,5.1,3.39,2.75,1.16,R4,R4,5.2,8,27.1,9.3
SKU-2952-RH,Важіль curved RH (R4),SKU-2952-LH,RH,curved,False,35.2,15.3,5.1,3.39,2.75,1.16,R4,R4,5.4,9,30.5,10.4
SKU-2953-LH,Важіль curved LH (R4),SKU-2953-RH,LH,curved,False,29.0,19.7,6.6,3.04,3.77,1.58,R4,R4,3.9,6,18.2,9.5
SKU-2953-RH,Важіль curved RH (R4),SKU-2953-LH,RH,curved,False,29.0,19.7,6.6,3.04,3.77,1.58,R4,R4,4.1,7,21.3,11.1
SKU-2954-LH,Важіль curved LH (R4),SKU-2954-RH,LH,curved,False,38.1,17.7,10.5,3.01,7.08,2.97,R4,R4,3.8,6,18.1,17.8
SKU-2954-RH,Важіль curved RH (R4),SKU-2954-LH,RH,curved,False,38.1,17.7,10.5,3.01,7.08,2.97,R4,R4,3.8,6,18.1,17.8
SKU-2955-LH,Важіль trailing LH (R4),SKU-2955-RH,LH,trailing,False,73.6,8.9,6.9,3.44,4.52,1.72,R4,R4,4.1,7,24.1,12.0
SKU-2955-RH,Важіль trailing RH (R4),SKU-2955-LH,RH,trailing,False,73.6,8.9,6.9,3.44,4.52,1.72,R4,R4,4.2,7,24.1,12.0
SKU-2956-LH,Важіль straight_link LH (R4),SKU-2956-RH,LH,straight_link,False,19.1,4.0,6.1,0.76,0.47,0.13,R4,R4,5.9,9,6.8,1.2
SKU-2956-RH,Важіль straight_link RH (R4),SKU-2956-LH,RH,straight_link,False,19.1,4.0,6.1,0.76,0.47,0.13,R4,R4,6.0,9,6.8,1.2
SKU-2957-LH,Важіль curved LH (R4),SKU-2957-RH,LH,curved,False,36.4,14.3,10.8,3.29,5.62,2.36,R4,R4,6.6,10,32.9,23.6
SKU-2957-RH,Важіль curved RH (R4),SKU-2957-LH,RH,curved,False,36.4,14.3,10.8,3.29,5.62,2.36,R4,R4,6.4,10,32.9,23.6
SKU-2958-LH,Важіль curved LH (R4),SKU-2958-RH,LH,curved,False,37.9,18.4,10.3,2.89,7.18,3.02,R4,R4,6.9,11,31.8,33.2
SKU-2958-RH,Важіль curved RH (R4),SKU-2958-LH,RH,curved,False,37.9,18.4,10.3,2.89,7.18,3.02,R4,R4,7.2,11,31.8,33.2
SKU-2959-LH,Важіль a_shaped LH (R4),SKU-2959-RH,LH,a_shaped,False,47.1,31.2,13.3,6.48,19.54,10.16,R4,R4,3.9,6,38.9,61.0
SKU-2959-RH,Важіль a_shaped RH (R4),SKU-2959-LH,RH,a_shaped,False,47.1,31.2,13.3,6.48,19.54,10.16,R4,R4,3.8,6,38.9,61.0
SKU-2960-LH,Важіль straight_link LH (R4),SKU-2960-RH,LH,straight_link,False,24.7,4.8,5.3,1.05,0.63,0.18,R4,R4,3.3,5,5.2,0.9
SKU-2960-RH,Важіль straight_link RH (R4),SKU-2960-LH,RH,straight_link,False,24.7,4.8,5.3,1.05,0.63,0.18,R4,R4,3.4,6,6.3,1.1
SKU-2961-LH,Важіль straight_link LH (R4),SKU-2961-RH,LH,straight_link,False,18.9,7.5,6.4,0.56,0.91,0.25,R4,R4,3.0,5,2.8,1.2
SKU-2961-RH,Важіль straight_link RH (R4),SKU-2961-LH,RH,straight_link,False,18.9,7.5,6.4,0.56,0.91,0.25,R4,R4,3.1,5,2.8,1.2
SKU-2962-LH,Важіль straight_link LH (R4),SKU-2962-RH,LH,straight_link,True,21.3,6.7,6.1,1.18,0.87,0.91,R4,R4,5.8,9,10.6,8.2
SKU-2962-RH,Важіль straight_link RH (R4),SKU-2962-LH,RH,straight_link,True,21.3,6.7,6.1,1.18,0.87,0.91,R4,R4,6.2,10,11.8,9.1
SKU-2963-LH,Важіль trailing LH (R4),SKU-2963-RH,LH,trailing,False,66.4,9.2,5.7,4.15,3.48,1.32,R4,R4,4.8,8,33.2,10.6
SKU-2963-RH,Важіль trailing RH (R4),SKU-2963-LH,RH,trailing,False,66.4,9.2,5.7,4.15,3.48,1.32,R4,R4,5.1,8,33.2,10.6
SKU-2964-LH,Важіль curved LH (R4),SKU-2964-RH,LH,curved,False,37.2,16.3,10.0,1.66,6.06,2.55,R4,R4,4.1,7,11.6,17.8
SKU-2964-RH,Важіль curved RH (R4),SKU-2964-LH,RH,curved,False,37.2,16.3,10.0,1.66,6.06,2.55,R4,R4,3.9,6,10.0,15.3
SKU-2965-LH,Важіль curved LH (R4),SKU-2965-RH,LH,curved,False,32.3,13.3,5.0,2.9,2.15,0.9,R4,R4,6.3,10,29.0,9.0
SKU-2965-RH,Важіль curved RH (R4),SKU-2965-LH,RH,curved,False,32.3,13.3,5.0,2.9,2.15,0.9,R4,R4,6.4,10,29.0,9.0
SKU-2966-LH,Важіль curved LH (R4),SKU-2966-RH,LH,curved,False,36.0,10.1,7.9,2.76,2.87,1.21,R4,R4,6.6,10,27.6,12.1
SKU-2966-RH,Важіль curved RH (R4),SKU-2966-LH,RH,curved,False,36.0,10.1,7.9,2.76,2.87,1.21,R4,R4,6.8,11,30.4,13.3
SKU-2967-LH,Важіль a_shaped LH (R4),SKU-2967-RH,LH,a_shaped,False,50.8,32.4,9.6,6.44,15.8,8.22,R4,R4,3.1,5,32.2,41.1
SKU-2967-RH,Важіль a_shaped RH (R4),SKU-2967-LH,RH,a_shaped,False,50.8,32.4,9.6,6.44,15.8,8.22,R4,R4,3.1,5,32.2,41.1
SKU-2968-LH,Важіль straight_link LH (R4),SKU-2968-RH,LH,straight_link,False,18.1,7.0,5.6,0.4,0.71,0.2,R4,R4,4.5,7,2.8,1.4
SKU-2968-RH,Важіль straight_link RH (R4),SKU-2968-LH,RH,straight_link,False,18.1,7.0,5.6,0.4,0.71,0.2,R4,R4,4.7,8,3.2,1.6
SKU-2969-LH,Важіль trailing LH (R4),SKU-2969-RH,LH,trailing,False,64.7,6.2,7.6,3.87,3.05,1.16,R4,R4,6.0,9,34.8,10.4
SKU-2969-RH,Важіль trailing RH (R4),SKU-2969-LH,RH,trailing,False,64.7,6.2,7.6,3.87,3.05,1.16,R4,R4,5.7,9,34.8,10.4
SKU-2970-LH,Важіль trailing LH (R4),SKU-2970-RH,LH,trailing,False,60.4,6.1,8.4,4.08,3.09,1.17,R4,R4,5.5,9,36.7,10.5
SKU-2970-RH,Важіль trailing RH (R4),SKU-2970-LH,RH,trailing,False,60.4,6.1,8.4,4.08,3.09,1.17,R4,R4,5.5,9,36.7,10.5
SKU-2971-LH,Важіль heavy_integral LH (R4),SKU-2971-RH,LH,heavy_integral,False,78.7,17.5,16.6,7.45,22.86,15.54,R4,R4,6.4,10,74.5,155.4
SKU-2971-RH,Важіль heavy_integral RH (R4),SKU-2971-LH,RH,heavy_integral,False,78.7,17.5,16.6,7.45,22.86,15.54,R4,R4,6.2,10,74.5,155.4
SKU-2972-LH,Важіль a_shaped LH (R4),SKU-2972-RH,LH,a_shaped,False,48.8,34.5,12.5,5.59,21.05,10.95,R4,R4,3.7,6,33.5,65.7
SKU-2972-RH,Важіль a_shaped RH (R4),SKU-2972-LH,RH,a_shaped,False,48.8,34.5,12.5,5.59,21.05,10.95,R4,R4,3.5,6,33.5,65.7
SKU-2973-LH,Важіль straight_link LH (R4),SKU-2973-RH,LH,straight_link,False,21.5,6.6,5.0,0.72,0.71,0.2,R4,R4,4.3,7,5.0,1.4
SKU-2973-RH,Важіль straight_link RH (R4),SKU-2973-LH,RH,straight_link,False,21.5,6.6,5.0,0.72,0.71,0.2,R4,R4,4.3,7,5.0,1.4
SKU-2974-LH,Важіль a_shaped LH (R4),SKU-2974-RH,LH,a_shaped,False,40.9,37.1,13.0,4.08,19.73,10.26,R4,R4,4.6,7,28.6,71.8
SKU-2974-RH,Важіль a_shaped RH (R4),SKU-2974-LH,RH,a_shaped,False,40.9,37.1,13.0,4.08,19.73,10.26,R4,R4,4.5,7,28.6,71.8
SKU-2975-LH,Важіль trailing LH (R4),SKU-2975-RH,LH,trailing,False,69.8,7.1,7.8,4.06,3.87,1.47,R4,R4,5.3,8,32.5,11.8
SKU-2975-RH,Важіль trailing RH (R4),SKU-2975-LH,RH,trailing,False,69.8,7.1,7.8,4.06,3.87,1.47,R4,R4,5.1,8,32.5,11.8
SKU-2976-LH,Важіль a_shaped LH (R4),SKU-2976-RH,LH,a_shaped,False,40.6,35.8,14.8,5.51,21.51,11.19,R4,R4,5.9,9,49.6,100.7
SKU-2976-RH,Важіль a_shaped RH (R4),SKU-2976-LH,RH,a_shaped,False,40.6,35.8,14.8,5.51,21.51,11.19,R4,R4,5.7,9,49.6,100.7
SKU-2977-LH,Важіль a_shaped LH (R4),SKU-2977-RH,LH,a_shaped,False,36.6,37.2,7.2,6.36,9.8,5.1,R4,R4,3.6,6,38.2,30.6
SKU-2977-RH,Важіль a_shaped RH (R4),SKU-2977-LH,RH,a_shaped,False,36.6,37.2,7.2,6.36,9.8,5.1,R4,R4,3.7,6,38.2,30.6
SKU-2978-LH,Важіль straight_link LH (R4),SKU-2978-RH,LH,straight_link,False,22.8,5.6,5.1,0.84,0.65,0.18,R4,R4,4.5,7,5.9,1.3
SKU-2978-RH,Важіль straight_link RH (R4),SKU-2978-LH,RH,straight_link,False,22.8,5.6,5.1,0.84,0.65,0.18,R4,R4,4.3,7,5.9,1.3
SKU-2979-LH,Важіль straight_link LH (R4),SKU-2979-RH,LH,straight_link,False,25.0,4.7,5.7,1.27,0.67,0.19,R4,R4,3.1,5,6.3,0.9
SKU-2979-RH,Важіль straight_link RH (R4),SKU-2979-LH,RH,straight_link,False,25.0,4.7,5.7,1.27,0.67,0.19,R4,R4,3.1,5,6.3,0.9
SKU-2980-LH,Важіль straight_link LH (R4),SKU-2980-RH,LH,straight_link,False,29.4,5.3,5.0,1.23,0.78,0.22,R4,R4,5.7,9,11.1,2.0
SKU-2980-RH,Важіль straight_link RH (R4),SKU-2980-LH,RH,straight_link,False,29.4,5.3,5.0,1.23,0.78,0.22,R4,R4,5.6,9,11.1,2.0
SKU-2981-LH,Важіль straight_link LH (R4),SKU-2981-RH,LH,straight_link,False,29.7,4.2,6.7,1.01,0.84,0.24,R4,R4,3.3,5,5.0,1.2
SKU-2981-RH,Важіль straight_link RH (R4),SKU-2981-LH,RH,straight_link,False,29.7,4.2,6.7,1.01,0.84,0.24,R4,R4,3.2,5,5.0,1.2
SKU-2982-LH,Важіль curved LH (R4),SKU-2982-RH,LH,curved,False,34.7,21.4,6.1,2.69,4.53,1.9,R4,R4,3.9,6,16.1,11.4
SKU-2982-RH,Важіль curved RH (R4),SKU-2982-LH,RH,curved,False,34.7,21.4,6.1,2.69,4.53,1.9,R4,R4,3.9,6,16.1,11.4
SKU-2983-LH,Важіль a_shaped LH (R4),SKU-2983-RH,LH,a_shaped,False,49.0,39.7,7.6,4.7,14.78,7.69,R4,R4,5.7,9,42.3,69.2
SKU-2983-RH,Важіль a_shaped RH (R4),SKU-2983-LH,RH,a_shaped,False,49.0,39.7,7.6,4.7,14.78,7.69,R4,R4,5.6,9,42.3,69.2
SKU-2984-LH,Важіль straight_link LH (R4),SKU-2984-RH,LH,straight_link,False,23.7,5.4,6.8,0.81,0.87,0.24,R4,R4,3.0,5,4.1,1.2
SKU-2984-RH,Важіль straight_link RH (R4),SKU-2984-LH,RH,straight_link,False,23.7,5.4,6.8,0.81,0.87,0.24,R4,R4,3.2,5,4.1,1.2
SKU-2985-LH,Важіль a_shaped LH (R4),SKU-2985-RH,LH,a_shaped,False,47.0,31.8,14.5,5.72,21.67,11.27,R4,R4,6.5,10,57.2,112.7
SKU-2985-RH,Важіль a_shaped RH (R4),SKU-2985-LH,RH,a_shaped,False,47.0,31.8,14.5,5.72,21.67,11.27,R4,R4,6.3,10,57.2,112.7
SKU-2986-LH,Важіль trailing LH (R4),SKU-2986-RH,LH,trailing,False,56.8,7.5,8.1,3.98,3.45,1.31,R4,R4,5.9,9,35.8,11.8
SKU-2986-RH,Важіль trailing RH (R4),SKU-2986-LH,RH,trailing,False,56.8,7.5,8.1,3.98,3.45,1.31,R4,R4,5.7,9,35.8,11.8
SKU-2987-LH,Важіль straight_link LH (R4),SKU-2987-RH,LH,straight_link,True,23.2,5.6,6.1,0.41,0.79,0.83,R4,R4,6.9,11,4.5,9.1
SKU-2987-RH,Важіль straight_link RH (R4),SKU-2987-LH,RH,straight_link,True,23.2,5.6,6.1,0.41,0.79,0.83,R4,R4,7.2,11,4.5,9.1
SKU-2988-LH,Важіль straight_link LH (R4),SKU-2988-RH,LH,straight_link,False,19.8,6.8,6.5,0.93,0.88,0.25,R4,R4,4.9,8,7.4,2.0
SKU-2988-RH,Важіль straight_link RH (R4),SKU-2988-LH,RH,straight_link,False,19.8,6.8,6.5,0.93,0.88,0.25,R4,R4,5.1,8,7.4,2.0
SKU-2989-LH,Важіль a_shaped LH (R4),SKU-2989-RH,LH,a_shaped,False,37.5,30.2,14.2,4.51,16.08,8.36,R4,R4,5.6,9,40.6,75.2
SKU-2989-RH,Важіль a_shaped RH (R4),SKU-2989-LH,RH,a_shaped,False,37.5,30.2,14.2,4.51,16.08,8.36,R4,R4,5.7,9,40.6,75.2
SKU-2990-LH,Важіль straight_link LH (R4),SKU-2990-RH,LH,straight_link,False,22.2,4.2,6.6,1.15,0.62,0.17,R4,R4,5.7,9,10.3,1.5
SKU-2990-RH,Важіль straight_link RH (R4),SKU-2990-LH,RH,straight_link,False,22.2,4.2,6.6,1.15,0.62,0.17,R4,R4,5.6,9,10.3,1.5
SKU-2991-LH,Важіль curved LH (R4),SKU-2991-RH,LH,curved,True,38.9,15.9,6.8,1.78,4.21,4.42,R4,R4,3.2,5,8.9,22.1
SKU-2991-RH,Важіль curved RH (R4),SKU-2991-LH,RH,curved,True,38.9,15.9,6.8,1.78,4.21,4.42,R4,R4,3.3,5,8.9,22.1
SKU-2992-LH,Важіль trailing LH (R4),SKU-2992-RH,LH,trailing,False,75.3,10.6,8.6,3.21,6.86,2.61,R4,R4,4.0,6,19.3,15.7
SKU-2992-RH,Важіль trailing RH (R4),SKU-2992-LH,RH,trailing,False,75.3,10.6,8.6,3.21,6.86,2.61,R4,R4,3.8,6,19.3,15.7
SKU-2993-LH,Важіль a_shaped LH (R4),SKU-2993-RH,LH,a_shaped,False,39.7,34.2,9.6,4.09,13.03,6.78,R4,R4,5.0,8,32.7,54.2
SKU-2993-RH,Важіль a_shaped RH (R4),SKU-2993-LH,RH,a_shaped,False,39.7,34.2,9.6,4.09,13.03,6.78,R4,R4,4.8,8,32.7,54.2
SKU-2994-LH,Важіль a_shaped LH (R4),SKU-2994-RH,LH,a_shaped,False,39.1,28.7,11.6,5.08,13.02,6.77,R4,R4,5.8,9,45.7,60.9
SKU-2994-RH,Важіль a_shaped RH (R4),SKU-2994-LH,RH,a_shaped,False,39.1,28.7,11.6,5.08,13.02,6.77,R4,R4,5.8,9,45.7,60.9
SKU-2995-LH,Важіль trailing LH (R4),SKU-2995-RH,LH,trailing,False,62.4,7.0,7.2,2.33,3.14,1.19,R4,R4,4.1,7,16.3,8.3
SKU-2995-RH,Важіль trailing RH (R4),SKU-2995-LH,RH,trailing,False,62.4,7.0,7.2,2.33,3.14,1.19,R4,R4,4.1,7,16.3,8.3
SKU-2996-LH,Важіль curved LH (R4),SKU-2996-RH,LH,curved,False,26.5,17.9,8.7,2.88,4.13,1.73,R4,R4,5.5,9,25.9,15.6
SKU-2996-RH,Важіль curved RH (R4),SKU-2996-LH,RH,curved,False,26.5,17.9,8.7,2.88,4.13,1.73,R4,R4,5.5,9,25.9,15.6
SKU-2997-LH,Важіль curved LH (R4),SKU-2997-RH,LH,curved,False,39.5,19.0,6.2,2.21,4.65,1.95,R4,R4,6.9,11,24.3,21.4
SKU-2997-RH,Важіль curved RH (R4),SKU-2997-LH,RH,curved,False,39.5,19.0,6.2,2.21,4.65,1.95,R4,R4,7.0,11,24.3,21.4
SKU-2998-LH,Важіль trailing LH (R4),SKU-2998-RH,LH,trailing,False,57.5,9.9,7.7,3.53,4.38,1.66,R4,R4,5.2,8,28.2,13.3
SKU-2998-RH,Важіль trailing RH (R4),SKU-2998-LH,RH,trailing,False,57.5,9.9,7.7,3.53,4.38,1.66,R4,R4,5.3,8,28.2,13.3
SKU-2999-LH,Важіль trailing LH (R4),SKU-2999-RH,LH,trailing,False,61.2,10.4,6.2,3.25,3.95,1.5,R4,R4,6.0,9,29.2,13.5
SKU-2999-RH,Важіль trailing RH (R4),SKU-2999-LH,RH,trailing,False,61.2,10.4,6.2,3.25,3.95,1.5,R4,R4,5.8,9,29.2,13.5
SKU-3000-LH,Важіль straight_link LH (R4),SKU-3000-RH,LH,straight_link,False,29.8,6.8,6.6,0.86,1.34,0.38,R4,R4,4.3,7,6.0,2.7
SKU-3000-RH,Важіль straight_link RH (R4),SKU-3000-LH,RH,straight_link,False,29.8,6.8,6.6,0.86,1.34,0.38,R4,R4,4.4,7,6.0,2.7
SKU-3001-LH,Важіль curved LH (R4),SKU-3001-RH,LH,curved,False,27.7,15.1,7.8,3.36,3.26,1.37,R4,R4,5.7,9,30.2,12.3
SKU-3001-RH,Важіль curved RH (R4),SKU-3001-LH,RH,curved,False,27.7,15.1,7.8,3.36,3.26,1.37,R4,R4,5.5,9,30.2,12.3
SKU-3002-LH,Важіль straight_link LH (R4),SKU-3002-RH,LH,straight_link,False,19.3,6.9,6.6,0.86,0.88,0.25,R4,R4,4.9,8,6.9,2.0
SKU-3002-RH,Важіль straight_link RH (R4),SKU-3002-LH,RH,straight_link,False,19.3,6.9,6.6,0.86,0.88,0.25,R4,R4,4.6,7,6.0,1.8
SKU-3003-LH,Важіль trailing LH (R4),SKU-3003-RH,LH,trailing,False,76.4,10.0,8.3,2.51,6.34,2.41,R4,R4,3.4,6,15.1,14.5
SKU-3003-RH,Важіль trailing RH (R4),SKU-3003-LH,RH,trailing,False,76.4,10.0,8.3,2.51,6.34,2.41,R4,R4,3.5,6,15.1,14.5
SKU-3004-LH,Важіль straight_link LH (R4),SKU-3004-RH,LH,straight_link,False,21.4,6.6,4.9,0.8,0.69,0.19,R4,R4,6.8,11,8.8,2.1
SKU-3004-RH,Важіль straight_link RH (R4),SKU-3004-LH,RH,straight_link,False,21.4,6.6,4.9,0.8,0.69,0.19,R4,R4,6.9,11,8.8,2.1
SKU-3005-LH,Важіль heavy_integral LH (R4),SKU-3005-RH,LH,heavy_integral,False,53.5,20.9,13.0,9.19,14.54,9.89,R4,R4,6.3,10,91.9,98.9
SKU-3005-RH,Важіль heavy_integral RH (R4),SKU-3005-LH,RH,heavy_integral,False,53.5,20.9,13.0,9.19,14.54,9.89,R4,R4,6.0,9,82.7,89.0
SKU-3006-LH,Важіль a_shaped LH (R4),SKU-3006-RH,LH,a_shaped,False,36.9,35.9,12.5,4.23,16.56,8.61,R4,R4,6.5,10,42.3,86.1
SKU-3006-RH,Важіль a_shaped RH (R4),SKU-3006-LH,RH,a_shaped,False,36.9,35.9,12.5,4.23,16.56,8.61,R4,R4,6.4,10,42.3,86.1
SKU-3007-LH,Важіль heavy_integral LH (R4),SKU-3007-RH,LH,heavy_integral,False,68.8,25.1,12.6,9.73,21.76,14.8,R4,R4,2.9,5,48.7,74.0
SKU-3007-RH,Важіль heavy_integral RH (R4),SKU-3007-LH,RH,heavy_integral,False,68.8,25.1,12.6,9.73,21.76,14.8,R4,R4,3.1,5,48.7,74.0
SKU-3008-LH,Важіль curved LH (R4),SKU-3008-RH,LH,curved,False,38.6,21.2,5.7,2.02,4.66,1.96,R4,R4,6.4,10,20.2,19.6
SKU-3008-RH,Важіль curved RH (R4),SKU-3008-LH,RH,curved,False,38.6,21.2,5.7,2.02,4.66,1.96,R4,R4,6.7,11,22.2,21.6
SKU-3009-LH,Важіль trailing LH (R4),SKU-3009-RH,LH,trailing,False,54.2,7.4,7.1,3.89,2.85,1.08,R4,R4,5.9,9,35.0,9.7
SKU-3009-RH,Важіль trailing RH (R4),SKU-3009-LH,RH,trailing,False,54.2,7.4,7.1,3.89,2.85,1.08,R4,R4,5.8,9,35.0,9.7
SKU-3010-LH,Важіль curved LH (R4),SKU-3010-RH,LH,curved,False,27.9,14.9,5.2,1.98,2.16,0.91,R4,R4,4.7,8,15.8,7.3
SKU-3010-RH,Важіль curved RH (R4),SKU-3010-LH,RH,curved,False,27.9,14.9,5.2,1.98,2.16,0.91,R4,R4,4.6,7,13.9,6.4
SKU-3011-LH,Важіль heavy_integral LH (R4),SKU-3011-RH,LH,heavy_integral,False,67.6,16.8,17.5,6.63,19.87,13.51,R4,R4,6.2,10,66.3,135.1
SKU-3011-RH,Важіль heavy_integral RH (R4),SKU-3011-LH,RH,heavy_integral,False,67.6,16.8,17.5,6.63,19.87,13.51,R4,R4,6.6,10,66.3,135.1
SKU-3012-LH,Важіль heavy_integral LH (R4),SKU-3012-RH,LH,heavy_integral,True,74.2,19.6,15.9,7.93,23.12,24.28,R4,R4,3.4,6,47.6,145.7
SKU-3012-RH,Важіль heavy_integral RH (R4),SKU-3012-LH,RH,heavy_integral,True,74.2,19.6,15.9,7.93,23.12,24.28,R4,R4,3.2,5,39.6,121.4
SKU-3013-LH,Важіль curved LH (R4),SKU-3013-RH,LH,curved,False,26.8,15.8,9.3,2.31,3.94,1.65,R4,R4,3.9,6,13.9,9.9
SKU-3013-RH,Важіль curved RH (R4),SKU-3013-LH,RH,curved,False,26.8,15.8,9.3,2.31,3.94,1.65,R4,R4,4.0,6,13.9,9.9
SKU-3014-LH,Важіль a_shaped LH (R4),SKU-3014-RH,LH,a_shaped,False,42.0,34.1,9.9,4.42,14.18,7.37,R4,R4,5.9,9,39.8,66.3
SKU-3014-RH,Важіль a_shaped RH (R4),SKU-3014-LH,RH,a_shaped,False,42.0,34.1,9.9,4.42,14.18,7.37,R4,R4,6.0,9,39.8,66.3
SKU-3015-LH,Важіль trailing LH (R4),SKU-3015-RH,LH,trailing,False,70.5,10.6,7.7,3.09,5.75,2.19,R4,R4,6.2,10,30.9,21.9
SKU-3015-RH,Важіль trailing RH (R4),SKU-3015-LH,RH,trailing,False,70.5,10.6,7.7,3.09,5.75,2.19,R4,R4,5.9,9,27.8,19.7
SKU-3016-LH,Важіль trailing LH (R4),SKU-3016-RH,LH,trailing,False,53.0,8.3,8.3,2.76,3.65,1.39,R4,R4,4.7,8,22.1,11.1
SKU-3016-RH,Важіль trailing RH (R4),SKU-3016-LH,RH,trailing,False,53.0,8.3,8.3,2.76,3.65,1.39,R4,R4,4.7,8,22.1,11.1
SKU-3017-LH,Важіль straight_link LH (R4),SKU-3017-RH,LH,straight_link,False,21.7,4.4,4.1,0.51,0.39,0.11,R4,R4,4.2,7,3.6,0.8
SKU-3017-RH,Важіль straight_link RH (R4),SKU-3017-LH,RH,straight_link,False,21.7,4.4,4.1,0.51,0.39,0.11,R4,R4,4.0,6,3.1,0.7
SKU-3018-LH,Важіль trailing LH (R4),SKU-3018-RH,LH,trailing,False,56.7,9.2,7.5,3.26,3.91,1.49,R4,R4,4.0,6,19.6,8.9
SKU-3018-RH,Важіль trailing RH (R4),SKU-3018-LH,RH,trailing,False,56.7,9.2,7.5,3.26,3.91,1.49,R4,R4,3.9,6,19.6,8.9
SKU-3019-LH,Важіль a_shaped LH (R4),SKU-3019-RH,LH,a_shaped,False,50.4,41.7,12.2,6.53,25.64,13.33,R4,R4,5.4,9,58.8,120.0
SKU-3019-RH,Важіль a_shaped RH (R4),SKU-3019-LH,RH,a_shaped,False,50.4,41.7,12.2,6.53,25.64,13.33,R4,R4,5.8,9,58.8,120.0
SKU-3020-LH,Важіль curved LH (R4),SKU-3020-RH,LH,curved,False,36.9,13.0,7.4,2.76,3.55,1.49,R4,R4,4.7,8,22.1,11.9
SKU-3020-RH,Важіль curved RH (R4),SKU-3020-LH,RH,curved,False,36.9,13.0,7.4,2.76,3.55,1.49,R4,R4,4.7,8,22.1,11.9
SKU-3021-LH,Важіль a_shaped LH (R4),SKU-3021-RH,LH,a_shaped,False,51.3,38.8,10.7,4.24,21.3,11.08,R4,R4,6.1,10,42.4,110.8
SKU-3021-RH,Важіль a_shaped RH (R4),SKU-3021-LH,RH,a_shaped,False,51.3,38.8,10.7,4.24,21.3,11.08,R4,R4,6.1,10,42.4,110.8
SKU-3022-LH,Важіль trailing LH (R4),SKU-3022-RH,LH,trailing,False,74.9,6.7,5.5,3.14,2.76,1.05,R4,R4,4.1,7,22.0,7.4
SKU-3022-RH,Важіль trailing RH (R4),SKU-3022-LH,RH,trailing,False,74.9,6.7,5.5,3.14,2.76,1.05,R4,R4,4.1,7,22.0,7.4
SKU-3023-LH,Важіль a_shaped LH (R4),SKU-3023-RH,LH,a_shaped,False,37.8,28.3,13.6,6.43,14.55,7.57,R4,R4,3.8,6,38.6,45.4
SKU-3023-RH,Важіль a_shaped RH (R4),SKU-3023-LH,RH,a_shaped,False,37.8,28.3,13.6,6.43,14.55,7.57,R4,R4,3.8,6,38.6,45.4
SKU-3024-LH,Важіль a_shaped LH (R4),SKU-3024-RH,LH,a_shaped,False,47.4,32.0,12.4,5.88,18.81,9.78,R4,R4,6.5,10,58.8,97.8
SKU-3024-RH,Важіль a_shaped RH (R4),SKU-3024-LH,RH,a_shaped,False,47.4,32.0,12.4,5.88,18.81,9.78,R4,R4,6.6,10,58.8,97.8
SKU-3025-LH,Важіль heavy_integral LH (R4),SKU-3025-RH,LH,heavy_integral,True,77.8,23.9,14.6,6.56,27.15,28.51,R4,R4,4.0,6,39.4,171.1
SKU-3025-RH,Важіль heavy_integral RH (R4),SKU-3025-LH,RH,heavy_integral,True,77.8,23.9,14.6,6.56,27.15,28.51,R4,R4,4.1,7,45.9,199.6
SKU-3026-LH,Важіль curved LH (R4),SKU-3026-RH,LH,curved,False,27.2,18.8,6.8,2.41,3.48,1.46,R4,R4,3.6,6,14.5,8.8
SKU-3026-RH,Важіль curved RH (R4),SKU-3026-LH,RH,curved,False,27.2,18.8,6.8,2.41,3.48,1.46,R4,R4,3.5,6,14.5,8.8
SKU-3027-LH,Важіль heavy_integral LH (R4),SKU-3027-RH,LH,heavy_integral,False,65.9,25.4,17.1,8.68,28.62,19.46,R4,R4,6.6,10,86.8,194.6
SKU-3027-RH,Важіль heavy_integral RH (R4),SKU-3027-LH,RH,heavy_integral,False,65.9,25.4,17.1,8.68,28.62,19.46,R4,R4,6.7,11,95.5,214.1
SKU-3028-LH,Важіль curved LH (R4),SKU-3028-RH,LH,curved,True,35.4,18.7,9.6,1.87,6.36,6.68,R4,R4,4.7,8,15.0,53.4
SKU-3028-RH,Важіль curved RH (R4),SKU-3028-LH,RH,curved,True,35.4,18.7,9.6,1.87,6.36,6.68,R4,R4,4.8,8,15.0,53.4
SKU-3029-LH,Важіль straight_link LH (R4),SKU-3029-RH,LH,straight_link,False,30.7,4.8,5.0,1.25,0.74,0.21,R4,R4,4.6,7,8.8,1.5
SKU-3029-RH,Важіль straight_link RH (R4),SKU-3029-LH,RH,straight_link,False,30.7,4.8,5.0,1.25,0.74,0.21,R4,R4,4.8,8,10.0,1.7
SKU-3030-LH,Важіль straight_link LH (R4),SKU-3030-RH,LH,straight_link,False,31.8,6.1,4.9,0.96,0.95,0.27,R4,R4,3.4,6,5.8,1.6
SKU-3030-RH,Важіль straight_link RH (R4),SKU-3030-LH,RH,straight_link,False,31.8,6.1,4.9,0.96,0.95,0.27,R4,R4,3.4,6,5.8,1.6
SKU-3031-LH,Важіль straight_link LH (R4),SKU-3031-RH,LH,straight_link,False,22.8,5.1,4.1,1.05,0.48,0.13,R4,R4,5.1,8,8.4,1.0
SKU-3031-RH,Важіль straight_link RH (R4),SKU-3031-LH,RH,straight_link,False,22.8,5.1,4.1,1.05,0.48,0.13,R4,R4,5.3,8,8.4,1.0
SKU-3032-LH,Важіль curved LH (R4),SKU-3032-RH,LH,curved,False,26.2,10.9,6.3,1.66,1.8,0.76,R4,R4,4.9,8,13.3,6.1
SKU-3032-RH,Важіль curved RH (R4),SKU-3032-LH,RH,curved,False,26.2,10.9,6.3,1.66,1.8,0.76,R4,R4,4.9,8,13.3,6.1
SKU-3033-LH,Важіль heavy_integral LH (R4),SKU-3033-RH,LH,heavy_integral,False,56.5,22.9,12.8,8.4,16.56,11.26,R4,R4,6.5,10,84.0,112.6
SKU-3033-RH,Важіль heavy_integral RH (R4),SKU-3033-LH,RH,heavy_integral,False,56.5,22.9,12.8,8.4,16.56,11.26,R4,R4,6.7,11,92.4,123.9
SKU-3034-LH,Важіль a_shaped LH (R4),SKU-3034-RH,LH,a_shaped,False,45.4,30.4,10.2,5.78,14.08,7.32,R4,R4,6.3,10,57.8,73.2
SKU-3034-RH,Важіль a_shaped RH (R4),SKU-3034-LH,RH,a_shaped,False,45.4,30.4,10.2,5.78,14.08,7.32,R4,R4,6.3,10,57.8,73.2
SKU-3035-LH,Важіль straight_link LH (R4),SKU-3035-RH,LH,straight_link,False,21.3,4.9,4.8,0.6,0.5,0.14,R4,R4,3.6,6,3.6,0.8
SKU-3035-RH,Важіль straight_link RH (R4),SKU-3035-LH,RH,straight_link,False,21.3,4.9,4.8,0.6,0.5,0.14,R4,R4,3.4,6,3.6,0.8
SKU-3036-LH,Важіль a_shaped LH (R4),SKU-3036-RH,LH,a_shaped,False,39.9,40.9,13.0,6.13,21.21,11.03,R4,R4,3.5,6,36.8,66.2
SKU-3036-RH,Важіль a_shaped RH (R4),SKU-3036-LH,RH,a_shaped,False,39.9,40.9,13.0,6.13,21.21,11.03,R4,R4,3.4,6,36.8,66.2
SKU-3037-LH,Важіль straight_link LH (R4),SKU-3037-RH,LH,straight_link,False,26.1,6.9,6.7,1.29,1.21,0.34,R4,R4,6.6,10,12.9,3.4
SKU-3037-RH,Важіль straight_link RH (R4),SKU-3037-LH,RH,straight_link,False,26.1,6.9,6.7,1.29,1.21,0.34,R4,R4,6.7,11,14.2,3.7
SKU-3038-LH,Важіль trailing LH (R4),SKU-3038-RH,LH,trailing,True,74.9,6.8,8.4,2.79,4.28,4.49,R4,R4,4.3,7,19.5,31.4
SKU-3038-RH,Важіль trailing RH (R4),SKU-3038-LH,RH,trailing,True,74.9,6.8,8.4,2.79,4.28,4.49,R4,R4,4.4,7,19.5,31.4
SKU-3039-LH,Важіль curved LH (R4),SKU-3039-RH,LH,curved,False,26.4,14.9,5.2,2.27,2.05,0.86,R4,R4,3.6,6,13.6,5.2
SKU-3039-RH,Важіль curved RH (R4),SKU-3039-LH,RH,curved,False,26.4,14.9,5.2,2.27,2.05,0.86,R4,R4,3.8,6,13.6,5.2
SKU-3040-LH,Важіль curved LH (R4),SKU-3040-RH,LH,curved,False,30.4,17.1,5.9,2.07,3.07,1.29,R4,R4,5.1,8,16.6,10.3
SKU-3040-RH,Важіль curved RH (R4),SKU-3040-LH,RH,curved,False,30.4,17.1,5.9,2.07,3.07,1.29,R4,R4,5.3,8,16.6,10.3
SKU-3041-LH,Важіль a_shaped LH (R4),SKU-3041-RH,LH,a_shaped,False,48.4,41.2,7.9,4.67,15.75,8.19,R4,R4,4.2,7,32.7,57.3
SKU-3041-RH,Важіль a_shaped RH (R4),SKU-3041-LH,RH,a_shaped,False,48.4,41.2,7.9,4.67,15.75,8.19,R4,R4,4.4,7,32.7,57.3
SKU-3042-LH,Важіль straight_link LH (R4),SKU-3042-RH,LH,straight_link,False,24.8,5.9,4.2,0.96,0.61,0.17,R4,R4,6.2,10,9.6,1.7
SKU-3042-RH,Важіль straight_link RH (R4),SKU-3042-LH,RH,straight_link,False,24.8,5.9,4.2,0.96,0.61,0.17,R4,R4,6.0,9,8.6,1.5
SKU-3043-LH,Важіль a_shaped LH (R4),SKU-3043-RH,LH,a_shaped,False,41.8,34.7,10.9,4.82,15.81,8.22,R4,R4,6.1,10,48.2,82.2
SKU-3043-RH,Важіль a_shaped RH (R4),SKU-3043-LH,RH,a_shaped,False,41.8,34.7,10.9,4.82,15.81,8.22,R4,R4,5.6,9,43.4,74.0
SKU-3044-LH,Важіль a_shaped LH (R4),SKU-3044-RH,LH,a_shaped,False,44.2,37.2,13.8,5.09,22.69,11.8,R4,R4,6.2,10,50.9,118.0
SKU-3044-RH,Важіль a_shaped RH (R4),SKU-3044-LH,RH,a_shaped,False,44.2,37.2,13.8,5.09,22.69,11.8,R4,R4,6.2,10,50.9,118.0
SKU-3045-LH,Важіль curved LH (R4),SKU-3045-RH,LH,curved,False,39.9,20.7,8.9,2.55,7.35,3.09,R4,R4,4.5,7,17.8,21.6
SKU-3045-RH,Важіль curved RH (R4),SKU-3045-LH,RH,curved,False,39.9,20.7,8.9,2.55,7.35,3.09,R4,R4,4.3,7,17.8,21.6
SKU-3046-LH,Важіль curved LH (R4),SKU-3046-RH,LH,curved,False,34.5,17.3,7.4,3.34,4.42,1.86,R4,R4,5.5,9,30.1,16.7
SKU-3046-RH,Важіль curved RH (R4),SKU-3046-LH,RH,curved,False,34.5,17.3,7.4,3.34,4.42,1.86,R4,R4,5.1,8,26.7,14.9
SKU-3047-LH,Важіль a_shaped LH (R4),SKU-3047-RH,LH,a_shaped,False,47.5,37.9,14.2,3.61,25.56,13.29,R4,R4,3.0,5,18.1,66.4
SKU-3047-RH,Важіль a_shaped RH (R4),SKU-3047-LH,RH,a_shaped,False,47.5,37.9,14.2,3.61,25.56,13.29,R4,R4,2.9,5,18.1,66.4
SKU-3048-LH,Важіль trailing LH (R4),SKU-3048-RH,LH,trailing,False,57.8,8.4,5.2,3.2,2.52,0.96,R4,R4,4.4,7,22.4,6.7
SKU-3048-RH,Важіль trailing RH (R4),SKU-3048-LH,RH,trailing,False,57.8,8.4,5.2,3.2,2.52,0.96,R4,R4,4.5,7,22.4,6.7
SKU-3049-LH,Важіль heavy_integral LH (R4),SKU-3049-RH,LH,heavy_integral,False,81.7,18.1,14.4,10.45,21.29,14.48,R4,R4,6.4,10,104.5,144.8
SKU-3049-RH,Важіль heavy_integral RH (R4),SKU-3049-LH,RH,heavy_integral,False,81.7,18.1,14.4,10.45,21.29,14.48,R4,R4,6.4,10,104.5,144.8
SKU-3050-LH,Важіль straight_link LH (R4),SKU-3050-RH,LH,straight_link,False,27.7,4.4,5.5,1.21,0.67,0.19,R4,R4,5.1,8,9.7,1.5
SKU-3050-RH,Важіль straight_link RH (R4),SKU-3050-LH,RH,straight_link,False,27.7,4.4,5.5,1.21,0.67,0.19,R4,R4,5.1,8,9.7,1.5
SKU-3051-LH,Важіль heavy_integral LH (R4),SKU-3051-RH,LH,heavy_integral,False,78.0,20.6,11.7,9.92,18.8,12.78,R4,R4,4.8,8,79.4,102.2
SKU-3051-RH,Важіль heavy_integral RH (R4),SKU-3051-LH,RH,heavy_integral,False,78.0,20.6,11.7,9.92,18.8,12.78,R4,R4,4.7,8,79.4,102.2
SKU-3052-LH,Важіль heavy_integral LH (R4),SKU-3052-RH,LH,heavy_integral,False,75.9,21.8,13.1,6.67,21.68,14.74,R4,R4,6.3,10,66.7,147.4
SKU-3052-RH,Важіль heavy_integral RH (R4),SKU-3052-LH,RH,heavy_integral,False,75.9,21.8,13.1,6.67,21.68,14.74,R4,R4,6.8,11,73.4,162.1
SKU-3053-LH,Важіль straight_link LH (R4),SKU-3053-RH,LH,straight_link,False,27.0,7.2,4.5,0.97,0.87,0.24,R4,R4,6.2,10,9.7,2.4
SKU-3053-RH,Важіль straight_link RH (R4),SKU-3053-LH,RH,straight_link,False,27.0,7.2,4.5,0.97,0.87,0.24,R4,R4,6.1,10,9.7,2.4
SKU-3054-LH,Важіль heavy_integral LH (R4),SKU-3054-RH,LH,heavy_integral,False,74.2,24.4,16.1,7.72,29.15,19.82,R4,R4,7.0,11,84.9,218.0
SKU-3054-RH,Важіль heavy_integral RH (R4),SKU-3054-LH,RH,heavy_integral,False,74.2,24.4,16.1,7.72,29.15,19.82,R4,R4,6.7,11,84.9,218.0
SKU-3055-LH,Важіль curved LH (R4),SKU-3055-RH,LH,curved,False,28.0,11.5,6.7,1.7,2.16,0.91,R4,R4,5.6,9,15.3,8.2
SKU-3055-RH,Важіль curved RH (R4),SKU-3055-LH,RH,curved,False,28.0,11.5,6.7,1.7,2.16,0.91,R4,R4,5.6,9,15.3,8.2
SKU-3056-LH,Важіль straight_link LH (R4),SKU-3056-RH,LH,straight_link,False,18.9,4.9,6.0,1.36,0.56,0.16,R4,R4,6.7,11,15.0,1.8
SKU-3056-RH,Важіль straight_link RH (R4),SKU-3056-LH,RH,straight_link,False,18.9,4.9,6.0,1.36,0.56,0.16,R4,R4,6.3,10,13.6,1.6
SKU-3057-LH,Важіль curved LH (R4),SKU-3057-RH,LH,curved,False,27.2,19.3,5.4,2.6,2.83,1.19,R4,R4,3.9,6,15.6,7.1
SKU-3057-RH,Важіль curved RH (R4),SKU-3057-LH,RH,curved,False,27.2,19.3,5.4,2.6,2.83,1.19,R4,R4,4.1,7,18.2,8.3
SKU-3058-LH,Важіль straight_link LH (R4),SKU-3058-RH,LH,straight_link,False,29.7,6.0,7.0,1.05,1.25,0.35,R4,R4,6.7,11,11.6,3.8
SKU-3058-RH,Важіль straight_link RH (R4),SKU-3058-LH,RH,straight_link,False,29.7,6.0,7.0,1.05,1.25,0.35,R4,R4,6.8,11,11.6,3.8
SKU-3059-LH,Важіль heavy_integral LH (R4),SKU-3059-RH,LH,heavy_integral,False,62.6,24.8,17.8,8.32,27.63,18.79,R4,R4,4.6,7,58.2,131.5
SKU-3059-RH,Важіль heavy_integral RH (R4),SKU-3059-LH,RH,heavy_integral,False,62.6,24.8,17.8,8.32,27.63,18.79,R4,R4,4.7,8,66.6,150.3
SKU-3060-LH,Важіль curved LH (R4),SKU-3060-RH,LH,curved,False,26.7,16.5,5.1,3.0,2.25,0.94,R4,R4,4.3,7,21.0,6.6
SKU-3060-RH,Важіль curved RH (R4),SKU-3060-LH,RH,curved,False,26.7,16.5,5.1,3.0,2.25,0.94,R4,R4,4.4,7,21.0,6.6
SKU-3061-LH,Важіль a_shaped LH (R4),SKU-3061-RH,LH,a_shaped,True,38.5,32.4,8.8,4.68,10.98,11.53,R4,R4,7.2,11,51.5,126.8
SKU-3061-RH,Важіль a_shaped RH (R4),SKU-3061-LH,RH,a_shaped,True,38.5,32.4,8.8,4.68,10.98,11.53,R4,R4,7.2,11,51.5,126.8
SKU-3062-LH,Важіль trailing LH (R4),SKU-3062-RH,LH,trailing,False,60.9,7.5,5.9,3.84,2.69,1.02,R4,R4,5.6,9,34.6,9.2
SKU-3062-RH,Важіль trailing RH (R4),SKU-3062-LH,RH,trailing,False,60.9,7.5,5.9,3.84,2.69,1.02,R4,R4,5.7,9,34.6,9.2
SKU-3063-LH,Важіль curved LH (R4),SKU-3063-RH,LH,curved,False,34.5,20.7,7.3,3.24,5.21,2.19,R4,R4,4.9,8,25.9,17.5
SKU-3063-RH,Важіль curved RH (R4),SKU-3063-LH,RH,curved,False,34.5,20.7,7.3,3.24,5.21,2.19,R4,R4,4.9,8,25.9,17.5
SKU-3064-LH,Важіль trailing LH (R4),SKU-3064-RH,LH,trailing,False,53.5,7.0,6.9,3.01,2.58,0.98,R4,R4,5.8,9,27.1,8.8
SKU-3064-RH,Важіль trailing RH (R4),SKU-3064-LH,RH,trailing,False,53.5,7.0,6.9,3.01,2.58,0.98,R4,R4,5.4,9,27.1,8.8
SKU-3065-LH,Важіль trailing LH (R4),SKU-3065-RH,LH,trailing,False,57.0,10.5,8.9,3.11,5.33,2.03,R4,R4,3.5,6,18.7,12.2
SKU-3065-RH,Важіль trailing RH (R4),SKU-3065-LH,RH,trailing,False,57.0,10.5,8.9,3.11,5.33,2.03,R4,R4,3.5,6,18.7,12.2
SKU-3066-LH,Важіль curved LH (R4),SKU-3066-RH,LH,curved,False,40.2,21.7,8.3,2.62,7.24,3.04,R4,R4,4.2,7,18.3,21.3
SKU-3066-RH,Важіль curved RH (R4),SKU-3066-LH,RH,curved,False,40.2,21.7,8.3,2.62,7.24,3.04,R4,R4,4.2,7,18.3,21.3
SKU-3067-LH,Важіль curved LH (R4),SKU-3067-RH,LH,curved,False,27.1,13.0,6.2,2.58,2.18,0.92,R4,R4,5.5,9,23.2,8.3
SKU-3067-RH,Важіль curved RH (R4),SKU-3067-LH,RH,curved,False,27.1,13.0,6.2,2.58,2.18,0.92,R4,R4,5.4,9,23.2,8.3
SKU-3068-LH,Важіль straight_link LH (R4),SKU-3068-RH,LH,straight_link,False,29.7,5.7,7.5,0.84,1.27,0.36,R4,R4,5.4,9,7.6,3.2
SKU-3068-RH,Важіль straight_link RH (R4),SKU-3068-LH,RH,straight_link,False,29.7,5.7,7.5,0.84,1.27,0.36,R4,R4,5.7,9,7.6,3.2
SKU-3069-LH,Важіль heavy_integral LH (R4),SKU-3069-RH,LH,heavy_integral,False,80.2,26.0,12.3,8.67,25.65,17.44,R4,R4,4.8,8,69.4,139.5
SKU-3069-RH,Важіль heavy_integral RH (R4),SKU-3069-LH,RH,heavy_integral,False,80.2,26.0,12.3,8.67,25.65,17.44,R4,R4,4.7,8,69.4,139.5
SKU-3070-LH,Важіль curved LH (R4),SKU-3070-RH,LH,curved,False,40.6,15.4,6.7,1.85,4.19,1.76,R4,R4,5.6,9,16.7,15.8
SKU-3070-RH,Важіль curved RH (R4),SKU-3070-LH,RH,curved,False,40.6,15.4,6.7,1.85,4.19,1.76,R4,R4,5.9,9,16.7,15.8
SKU-3071-LH,Важіль a_shaped LH (R4),SKU-3071-RH,LH,a_shaped,False,46.3,35.0,7.4,6.58,11.99,6.23,R4,R4,5.7,9,59.2,56.1
SKU-3071-RH,Важіль a_shaped RH (R4),SKU-3071-LH,RH,a_shaped,False,46.3,35.0,7.4,6.58,11.99,6.23,R4,R4,5.5,9,59.2,56.1
SKU-3072-LH,Важіль heavy_integral LH (R4),SKU-3072-RH,LH,heavy_integral,False,51.8,22.3,16.1,9.55,18.6,12.65,R4,R4,5.9,9,86.0,113.9
SKU-3072-RH,Важіль heavy_integral RH (R4),SKU-3072-LH,RH,heavy_integral,False,51.8,22.3,16.1,9.55,18.6,12.65,R4,R4,6.3,10,95.5,126.5
SKU-3073-LH,Важіль trailing LH (R4),SKU-3073-RH,LH,trailing,False,54.0,10.7,6.2,3.55,3.58,1.36,R4,R4,4.5,7,24.8,9.5
SKU-3073-RH,Важіль trailing RH (R4),SKU-3073-LH,RH,trailing,False,54.0,10.7,6.2,3.55,3.58,1.36,R4,R4,4.2,7,24.8,9.5
SKU-3074-LH,Важіль trailing LH (R4),SKU-3074-RH,LH,trailing,False,63.1,7.6,7.6,2.38,3.64,1.38,R4,R4,6.1,10,23.8,13.8
SKU-3074-RH,Важіль trailing RH (R4),SKU-3074-LH,RH,trailing,False,63.1,7.6,7.6,2.38,3.64,1.38,R4,R4,6.0,9,21.4,12.4
SKU-3075-LH,Важіль curved LH (R4),SKU-3075-RH,LH,curved,False,31.8,13.9,8.1,1.68,3.58,1.5,R4,R4,6.6,10,16.8,15.0
SKU-3075-RH,Важіль curved RH (R4),SKU-3075-LH,RH,curved,False,31.8,13.9,8.1,1.68,3.58,1.5,R4,R4,7.0,11,18.5,16.5
SKU-3076-LH,Важіль straight_link LH (R4),SKU-3076-RH,LH,straight_link,False,29.5,4.5,4.1,1.12,0.54,0.15,R4,R4,4.2,7,7.8,1.1
SKU-3076-RH,Важіль straight_link RH (R4),SKU-3076-LH,RH,straight_link,False,29.5,4.5,4.1,1.12,0.54,0.15,R4,R4,4.1,7,7.8,1.1
SKU-3077-LH,Важіль straight_link LH (R4),SKU-3077-RH,LH,straight_link,False,31.0,5.6,6.6,0.9,1.15,0.32,R4,R4,5.3,8,7.2,2.6
SKU-3077-RH,Важіль straight_link RH (R4),SKU-3077-LH,RH,straight_link,False,31.0,5.6,6.6,0.9,1.15,0.32,R4,R4,5.3,8,7.2,2.6
SKU-3078-LH,Важіль trailing LH (R4),SKU-3078-RH,LH,trailing,False,63.4,8.0,7.7,3.55,3.91,1.49,R4,R4,3.1,5,17.8,7.5
SKU-3078-RH,Важіль trailing RH (R4),SKU-3078-LH,RH,trailing,False,63.4,8.0,7.7,3.55,3.91,1.49,R4,R4,3.2,5,17.8,7.5
SKU-3079-LH,Важіль heavy_integral LH (R4),SKU-3079-RH,LH,heavy_integral,False,57.5,16.5,18.0,9.37,17.08,11.61,R4,R4,3.2,5,46.8,58.0
SKU-3079-RH,Важіль heavy_integral RH (R4),SKU-3079-LH,RH,heavy_integral,False,57.5,16.5,18.0,9.37,17.08,11.61,R4,R4,3.4,6,56.2,69.7
SKU-3080-LH,Важіль curved LH (R4),SKU-3080-RH,LH,curved,False,38.6,21.1,8.6,1.94,7.0,2.94,R4,R4,6.4,10,19.4,29.4
SKU-3080-RH,Важіль curved RH (R4),SKU-3080-LH,RH,curved,False,38.6,21.1,8.6,1.94,7.0,2.94,R4,R4,6.2,10,19.4,29.4
SKU-3081-LH,Важіль trailing LH (R4),SKU-3081-RH,LH,trailing,False,60.8,7.9,7.9,4.05,3.79,1.44,R4,R4,5.6,9,36.4,13.0
SKU-3081-RH,Важіль trailing RH (R4),SKU-3081-LH,RH,trailing,False,60.8,7.9,7.9,4.05,3.79,1.44,R4,R4,5.4,9,36.4,13.0
SKU-3082-LH,Важіль straight_link LH (R4),SKU-3082-RH,LH,straight_link,False,25.4,4.6,6.2,0.69,0.72,0.2,R4,R4,6.3,10,6.9,2.0
SKU-3082-RH,Важіль straight_link RH (R4),SKU-3082-LH,RH,straight_link,False,25.4,4.6,6.2,0.69,0.72,0.2,R4,R4,6.1,10,6.9,2.0
SKU-3083-LH,Важіль trailing LH (R4),SKU-3083-RH,LH,trailing,False,68.8,11.0,7.5,2.18,5.68,2.16,R4,R4,3.0,5,10.9,10.8
SKU-3083-RH,Важіль trailing RH (R4),SKU-3083-LH,RH,trailing,False,68.8,11.0,7.5,2.18,5.68,2.16,R4,R4,3.0,5,10.9,10.8
SKU-3084-LH,Важіль trailing LH (R4),SKU-3084-RH,LH,trailing,False,74.0,7.3,6.3,2.6,3.4,1.29,R4,R4,6.6,10,26.0,12.9
SKU-3084-RH,Важіль trailing RH (R4),SKU-3084-LH,RH,trailing,False,74.0,7.3,6.3,2.6,3.4,1.29,R4,R4,6.7,11,28.6,14.2
SKU-3085-LH,Важіль a_shaped LH (R4),SKU-3085-RH,LH,a_shaped,False,46.1,32.2,9.7,5.63,14.4,7.49,R4,R4,5.3,8,45.0,59.9
SKU-3085-RH,Важіль a_shaped RH (R4),SKU-3085-LH,RH,a_shaped,False,46.1,32.2,9.7,5.63,14.4,7.49,R4,R4,5.2,8,45.0,59.9
SKU-3086-LH,Важіль curved LH (R4),SKU-3086-RH,LH,curved,False,32.6,17.5,10.5,1.67,5.99,2.52,R4,R4,3.9,6,10.0,15.1
SKU-3086-RH,Важіль curved RH (R4),SKU-3086-LH,RH,curved,False,32.6,17.5,10.5,1.67,5.99,2.52,R4,R4,4.0,6,10.0,15.1
SKU-3087-LH,Важіль curved LH (R4),SKU-3087-RH,LH,curved,False,37.7,12.9,8.6,3.19,4.18,1.76,R4,R4,6.9,11,35.1,19.4
SKU-3087-RH,Важіль curved RH (R4),SKU-3087-LH,RH,curved,False,37.7,12.9,8.6,3.19,4.18,1.76,R4,R4,6.8,11,35.1,19.4
SKU-3088-LH,Важіль curved LH (R4),SKU-3088-RH,LH,curved,False,29.8,12.4,5.0,2.87,1.85,0.78,R4,R4,6.6,10,28.7,7.8
SKU-3088-RH,Важіль curved RH (R4),SKU-3088-LH,RH,curved,False,29.8,12.4,5.0,2.87,1.85,0.78,R4,R4,6.8,11,31.6,8.6
SKU-3089-LH,Важіль trailing LH (R4),SKU-3089-RH,LH,trailing,False,76.1,9.2,8.9,2.82,6.23,2.37,R4,R4,4.4,7,19.7,16.6
SKU-3089-RH,Важіль trailing RH (R4),SKU-3089-LH,RH,trailing,False,76.1,9.2,8.9,2.82,6.23,2.37,R4,R4,4.4,7,19.7,16.6
SKU-3090-LH,Важіль a_shaped LH (R4),SKU-3090-RH,LH,a_shaped,True,47.7,38.0,13.0,4.7,23.56,24.74,R4,R4,5.0,8,37.6,197.9
SKU-3090-RH,Важіль a_shaped RH (R4),SKU-3090-LH,RH,a_shaped,True,47.7,38.0,13.0,4.7,23.56,24.74,R4,R4,4.9,8,37.6,197.9
SKU-3091-LH,Важіль heavy_integral LH (R4),SKU-3091-RH,LH,heavy_integral,False,54.0,16.8,16.0,6.24,14.52,9.87,R4,R4,6.8,11,68.6,108.6
SKU-3091-RH,Важіль heavy_integral RH (R4),SKU-3091-LH,RH,heavy_integral,False,54.0,16.8,16.0,6.24,14.52,9.87,R4,R4,7.1,11,68.6,108.6
SKU-3092-LH,Важіль curved LH (R4),SKU-3092-RH,LH,curved,True,35.3,14.2,10.1,2.25,5.06,5.31,R4,R4,4.2,7,15.8,37.2
SKU-3092-RH,Важіль curved RH (R4),SKU-3092-LH,RH,curved,True,35.3,14.2,10.1,2.25,5.06,5.31,R4,R4,4.0,6,13.5,31.9
SKU-3093-LH,Важіль curved LH (R4),SKU-3093-RH,LH,curved,True,32.2,17.9,6.5,2.38,3.75,3.94,R4,R4,3.2,5,11.9,19.7
SKU-3093-RH,Важіль curved RH (R4),SKU-3093-LH,RH,curved,True,32.2,17.9,6.5,2.38,3.75,3.94,R4,R4,3.3,5,11.9,19.7
SKU-3094-LH,Важіль straight_link LH (R4),SKU-3094-RH,LH,straight_link,False,23.9,4.3,4.7,0.55,0.48,0.13,R4,R4,4.9,8,4.4,1.0
SKU-3094-RH,Важіль straight_link RH (R4),SKU-3094-LH,RH,straight_link,False,23.9,4.3,4.7,0.55,0.48,0.13,R4,R4,5.1,8,4.4,1.0
SKU-3095-LH,Важіль a_shaped LH (R4),SKU-3095-RH,LH,a_shaped,True,45.6,34.4,11.1,6.39,17.41,18.28,R4,R4,3.7,6,38.3,109.7
SKU-3095-RH,Важіль a_shaped RH (R4),SKU-3095-LH,RH,a_shaped,True,45.6,34.4,11.1,6.39,17.41,18.28,R4,R4,3.9,6,38.3,109.7
SKU-3096-LH,Важіль straight_link LH (R4),SKU-3096-RH,LH,straight_link,False,18.2,4.9,5.1,1.02,0.45,0.13,R4,R4,3.7,6,6.1,0.8
SKU-3096-RH,Важіль straight_link RH (R4),SKU-3096-LH,RH,straight_link,False,18.2,4.9,5.1,1.02,0.45,0.13,R4,R4,3.7,6,6.1,0.8
SKU-3097-LH,Важіль a_shaped LH (R4),SKU-3097-RH,LH,a_shaped,False,51.6,26.7,14.6,5.46,20.11,10.46,R4,R4,6.1,10,54.6,104.6
SKU-3097-RH,Важіль a_shaped RH (R4),SKU-3097-LH,RH,a_shaped,False,51.6,26.7,14.6,5.46,20.11,10.46,R4,R4,6.2,10,54.6,104.6
SKU-3098-LH,Важіль curved LH (R4),SKU-3098-RH,LH,curved,False,40.3,12.9,6.2,2.49,3.22,1.35,R4,R4,6.5,10,24.9,13.5
SKU-3098-RH,Важіль curved RH (R4),SKU-3098-LH,RH,curved,False,40.3,12.9,6.2,2.49,3.22,1.35,R4,R4,6.7,11,27.4,14.9
SKU-3099-LH,Важіль heavy_integral LH (R4),SKU-3099-RH,LH,heavy_integral,False,74.9,21.6,13.2,10.36,21.36,14.52,R4,R4,5.5,9,93.2,130.7
SKU-3099-RH,Важіль heavy_integral RH (R4),SKU-3099-LH,RH,heavy_integral,False,74.9,21.6,13.2,10.36,21.36,14.52,R4,R4,5.4,9,93.2,130.7
SKU-3100-LH,Важіль curved LH (R4),SKU-3100-RH,LH,curved,False,30.1,12.9,9.3,2.54,3.61,1.52,R4,R4,5.6,9,22.9,13.7
SKU-3100-RH,Важіль curved RH (R4),SKU-3100-LH,RH,curved,False,30.1,12.9,9.3,2.54,3.61,1.52,R4,R4,5.8,9,22.9,13.7
SKU-3101-LH,Важіль curved LH (R4),SKU-3101-RH,LH,curved,False,35.6,13.5,9.3,3.05,4.47,1.88,R4,R4,4.0,6,18.3,11.3
SKU-3101-RH,Важіль curved RH (R4),SKU-3101-LH,RH,curved,False,35.6,13.5,9.3,3.05,4.47,1.88,R4,R4,4.1,7,21.3,13.2
SKU-3102-LH,Важіль straight_link LH (R4),SKU-3102-RH,LH,straight_link,False,27.9,6.4,5.4,0.79,0.96,0.27,R4,R4,3.9,6,4.7,1.6
SKU-3102-RH,Важіль straight_link RH (R4),SKU-3102-LH,RH,straight_link,False,27.9,6.4,5.4,0.79,0.96,0.27,R4,R4,4.1,7,5.5,1.9
SKU-3103-LH,Важіль straight_link LH (R4),SKU-3103-RH,LH,straight_link,False,31.1,6.9,7.0,1.31,1.5,0.42,R4,R4,4.8,8,10.5,3.4
SKU-3103-RH,Важіль straight_link RH (R4),SKU-3103-LH,RH,straight_link,False,31.1,6.9,7.0,1.31,1.5,0.42,R4,R4,4.5,7,9.2,2.9
SKU-3104-LH,Важіль a_shaped LH (R4),SKU-3104-RH,LH,a_shaped,True,48.6,27.2,14.9,5.76,19.7,20.68,R4,R4,5.9,9,51.8,186.1
SKU-3104-RH,Важіль a_shaped RH (R4),SKU-3104-LH,RH,a_shaped,True,48.6,27.2,14.9,5.76,19.7,20.68,R4,R4,6.1,10,57.6,206.8
SKU-3105-LH,Важіль heavy_integral LH (R4),SKU-3105-RH,LH,heavy_integral,True,76.8,17.7,15.6,7.17,21.21,22.27,R4,R4,3.3,5,35.9,111.3
SKU-3105-RH,Важіль heavy_integral RH (R4),SKU-3105-LH,RH,heavy_integral,True,76.8,17.7,15.6,7.17,21.21,22.27,R4,R4,3.2,5,35.9,111.3
SKU-3106-LH,Важіль curved LH (R4),SKU-3106-RH,LH,curved,False,29.8,14.1,8.4,2.11,3.53,1.48,R4,R4,4.6,7,14.8,10.4
SKU-3106-RH,Важіль curved RH (R4),SKU-3106-LH,RH,curved,False,29.8,14.1,8.4,2.11,3.53,1.48,R4,R4,4.4,7,14.8,10.4
SKU-3107-LH,Важіль a_shaped LH (R4),SKU-3107-RH,LH,a_shaped,False,41.3,32.8,11.3,4.79,15.31,7.96,R4,R4,5.9,9,43.1,71.6
SKU-3107-RH,Важіль a_shaped RH (R4),SKU-3107-LH,RH,a_shaped,False,41.3,32.8,11.3,4.79,15.31,7.96,R4,R4,6.1,10,47.9,79.6
SKU-3108-LH,Важіль trailing LH (R4),SKU-3108-RH,LH,trailing,False,68.8,10.8,7.0,4.17,5.2,1.98,R4,R4,4.1,7,29.2,13.9
SKU-3108-RH,Важіль trailing RH (R4),SKU-3108-LH,RH,trailing,False,68.8,10.8,7.0,4.17,5.2,1.98,R4,R4,4.1,7,29.2,13.9
SKU-3109-LH,Важіль a_shaped LH (R4),SKU-3109-RH,LH,a_shaped,False,41.1,27.6,10.5,4.68,11.91,6.19,R4,R4,3.4,6,28.1,37.1
SKU-3109-RH,Важіль a_shaped RH (R4),SKU-3109-LH,RH,a_shaped,False,41.1,27.6,10.5,4.68,11.91,6.19,R4,R4,3.6,6,28.1,37.1
SKU-3110-LH,Важіль straight_link LH (R4),SKU-3110-RH,LH,straight_link,False,28.0,6.1,5.5,0.64,0.94,0.26,R4,R4,4.5,7,4.5,1.8
SKU-3110-RH,Важіль straight_link RH (R4),SKU-3110-LH,RH,straight_link,False,28.0,6.1,5.5,0.64,0.94,0.26,R4,R4,4.4,7,4.5,1.8
SKU-3111-LH,Важіль a_shaped LH (R4),SKU-3111-RH,LH,a_shaped,False,37.9,40.1,10.5,5.6,15.96,8.3,R4,R4,5.1,8,44.8,66.4
SKU-3111-RH,Важіль a_shaped RH (R4),SKU-3111-LH,RH,a_shaped,False,37.9,40.1,10.5,5.6,15.96,8.3,R4,R4,5.0,8,44.8,66.4
SKU-3112-LH,Важіль straight_link LH (R4),SKU-3112-RH,LH,straight_link,False,30.9,6.5,4.4,0.58,0.88,0.25,R4,R4,6.3,10,5.8,2.5
SKU-3112-RH,Важіль straight_link RH (R4),SKU-3112-LH,RH,straight_link,False,30.9,6.5,4.4,0.58,0.88,0.25,R4,R4,6.2,10,5.8,2.5
SKU-3113-LH,Важіль curved LH (R4),SKU-3113-RH,LH,curved,False,36.1,15.3,9.1,1.8,5.03,2.11,R4,R4,7.0,11,19.8,23.2
SKU-3113-RH,Важіль curved RH (R4),SKU-3113-LH,RH,curved,False,36.1,15.3,9.1,1.8,5.03,2.11,R4,R4,6.9,11,19.8,23.2
SKU-3114-LH,Важіль trailing LH (R4),SKU-3114-RH,LH,trailing,False,56.2,8.0,7.6,3.43,3.42,1.3,R4,R4,4.6,7,24.0,9.1
SKU-3114-RH,Важіль trailing RH (R4),SKU-3114-LH,RH,trailing,False,56.2,8.0,7.6,3.43,3.42,1.3,R4,R4,4.6,7,24.0,9.1
SKU-3115-LH,Важіль curved LH (R4),SKU-3115-RH,LH,curved,True,33.2,19.1,8.3,2.77,5.26,5.52,R4,R4,5.3,8,22.2,44.2
SKU-3115-RH,Важіль curved RH (R4),SKU-3115-LH,RH,curved,True,33.2,19.1,8.3,2.77,5.26,5.52,R4,R4,4.9,8,22.2,44.2
SKU-3116-LH,Важіль curved LH (R4),SKU-3116-RH,LH,curved,False,27.5,11.9,7.3,1.88,2.39,1.0,R4,R4,7.1,11,20.7,11.0
SKU-3116-RH,Важіль curved RH (R4),SKU-3116-LH,RH,curved,False,27.5,11.9,7.3,1.88,2.39,1.0,R4,R4,6.8,11,20.7,11.0
SKU-3117-LH,Важіль curved LH (R4),SKU-3117-RH,LH,curved,False,34.5,19.8,8.8,1.6,6.01,2.52,R4,R4,6.2,10,16.0,25.2
SKU-3117-RH,Важіль curved RH (R4),SKU-3117-LH,RH,curved,False,34.5,19.8,8.8,1.6,6.01,2.52,R4,R4,6.1,10,16.0,25.2
SKU-3118-LH,Важіль curved LH (R4),SKU-3118-RH,LH,curved,False,40.5,16.3,8.6,3.39,5.68,2.39,R4,R4,4.1,7,23.7,16.7
SKU-3118-RH,Важіль curved RH (R4),SKU-3118-LH,RH,curved,False,40.5,16.3,8.6,3.39,5.68,2.39,R4,R4,4.1,7,23.7,16.7
SKU-3119-LH,Важіль curved LH (R4),SKU-3119-RH,LH,curved,False,37.9,11.3,10.9,2.92,4.67,1.96,R4,R4,6.2,10,29.2,19.6
SKU-3119-RH,Важіль curved RH (R4),SKU-3119-LH,RH,curved,False,37.9,11.3,10.9,2.92,4.67,1.96,R4,R4,6.4,10,29.2,19.6
SKU-3120-LH,Важіль straight_link LH (R4),SKU-3120-RH,LH,straight_link,False,25.6,6.3,6.9,0.77,1.11,0.31,R4,R4,6.2,10,7.7,3.1
SKU-3120-RH,Важіль straight_link RH (R4),SKU-3120-LH,RH,straight_link,False,25.6,6.3,6.9,0.77,1.11,0.31,R4,R4,6.3,10,7.7,3.1
SKU-3121-LH,Важіль curved LH (R4),SKU-3121-RH,LH,curved,True,31.8,14.6,9.8,2.78,4.55,4.78,R4,R4,4.8,8,22.2,38.2
SKU-3121-RH,Важіль curved RH (R4),SKU-3121-LH,RH,curved,True,31.8,14.6,9.8,2.78,4.55,4.78,R4,R4,4.6,7,19.5,33.5
SKU-3122-LH,Важіль straight_link LH (R4),SKU-3122-RH,LH,straight_link,False,26.8,6.2,6.7,0.8,1.11,0.31,R4,R4,6.0,9,7.2,2.8
SKU-3122-RH,Важіль straight_link RH (R4),SKU-3122-LH,RH,straight_link,False,26.8,6.2,6.7,0.8,1.11,0.31,R4,R4,6.1,10,8.0,3.1
SKU-3123-LH,Важіль curved LH (R4),SKU-3123-RH,LH,curved,False,34.8,17.2,11.0,1.96,6.58,2.76,R4,R4,5.0,8,15.7,22.1
SKU-3123-RH,Важіль curved RH (R4),SKU-3123-LH,RH,curved,False,34.8,17.2,11.0,1.96,6.58,2.76,R4,R4,5.1,8,15.7,22.1
SKU-3124-LH,Важіль trailing LH (R4),SKU-3124-RH,LH,trailing,False,53.2,8.9,6.3,2.48,2.98,1.13,R4,R4,4.1,7,17.4,7.9
SKU-3124-RH,Важіль trailing RH (R4),SKU-3124-LH,RH,trailing,False,53.2,8.9,6.3,2.48,2.98,1.13,R4,R4,4.5,7,17.4,7.9
SKU-3125-LH,Важіль heavy_integral LH (R4),SKU-3125-RH,LH,heavy_integral,False,76.1,20.2,17.2,8.28,26.44,17.98,R4,R4,5.3,8,66.2,143.8
SKU-3125-RH,Важіль heavy_integral RH (R4),SKU-3125-LH,RH,heavy_integral,False,76.1,20.2,17.2,8.28,26.44,17.98,R4,R4,5.4,9,74.5,161.8
SKU-3126-LH,Важіль straight_link LH (R4),SKU-3126-RH,LH,straight_link,False,21.8,4.5,6.1,0.89,0.6,0.17,R4,R4,3.4,6,5.3,1.0
SKU-3126-RH,Важіль straight_link RH (R4),SKU-3126-LH,RH,straight_link,False,21.8,4.5,6.1,0.89,0.6,0.17,R4,R4,3.4,6,5.3,1.0
SKU-3127-LH,Важіль a_shaped LH (R4),SKU-3127-RH,LH,a_shaped,False,37.2,31.6,13.6,5.67,15.99,8.31,R4,R4,4.3,7,39.7,58.2
SKU-3127-RH,Важіль a_shaped RH (R4),SKU-3127-LH,RH,a_shaped,False,37.2,31.6,13.6,5.67,15.99,8.31,R4,R4,4.2,7,39.7,58.2
SKU-3128-LH,Важіль curved LH (R4),SKU-3128-RH,LH,curved,False,41.6,21.4,7.2,1.85,6.41,2.69,R4,R4,4.1,7,13.0,18.8
SKU-3128-RH,Важіль curved RH (R4),SKU-3128-LH,RH,curved,False,41.6,21.4,7.2,1.85,6.41,2.69,R4,R4,4.1,7,13.0,18.8
SKU-3129-LH,Важіль a_shaped LH (R4),SKU-3129-RH,LH,a_shaped,False,51.1,39.9,11.1,5.41,22.63,11.77,R4,R4,3.0,5,27.1,58.8
SKU-3129-RH,Важіль a_shaped RH (R4),SKU-3129-LH,RH,a_shaped,False,51.1,39.9,11.1,5.41,22.63,11.77,R4,R4,2.9,5,27.1,58.8
SKU-3130-LH,Важіль heavy_integral LH (R4),SKU-3130-RH,LH,heavy_integral,False,54.7,24.7,15.1,7.19,20.4,13.87,R4,R4,3.7,6,43.1,83.2
SKU-3130-RH,Важіль heavy_integral RH (R4),SKU-3130-LH,RH,heavy_integral,False,54.7,24.7,15.1,7.19,20.4,13.87,R4,R4,3.7,6,43.1,83.2
SKU-3131-LH,Важіль straight_link LH (R4),SKU-3131-RH,LH,straight_link,False,22.9,6.1,5.1,1.4,0.71,0.2,R4,R4,6.1,10,14.0,2.0
SKU-3131-RH,Важіль straight_link RH (R4),SKU-3131-LH,RH,straight_link,False,22.9,6.1,5.1,1.4,0.71,0.2,R4,R4,6.0,9,12.6,1.8
SKU-3132-LH,Важіль straight_link LH (R4),SKU-3132-RH,LH,straight_link,False,22.8,4.1,5.4,1.33,0.5,0.14,R4,R4,5.3,8,10.6,1.1
SKU-3132-RH,Важіль straight_link RH (R4),SKU-3132-LH,RH,straight_link,False,22.8,4.1,5.4,1.33,0.5,0.14,R4,R4,5.7,9,12.0,1.3
SKU-3133-LH,Важіль straight_link LH (R4),SKU-3133-RH,LH,straight_link,False,21.4,5.0,6.0,0.94,0.64,0.18,R4,R4,5.1,8,7.5,1.4
SKU-3133-RH,Важіль straight_link RH (R4),SKU-3133-LH,RH,straight_link,False,21.4,5.0,6.0,0.94,0.64,0.18,R4,R4,4.9,8,7.5,1.4
SKU-3134-LH,Важіль straight_link LH (R4),SKU-3134-RH,LH,straight_link,False,20.5,6.7,6.3,1.08,0.87,0.24,R4,R4,5.0,8,8.6,1.9
SKU-3134-RH,Важіль straight_link RH (R4),SKU-3134-LH,RH,straight_link,False,20.5,6.7,6.3,1.08,0.87,0.24,R4,R4,4.8,8,8.6,1.9
SKU-3135-LH,Важіль curved LH (R4),SKU-3135-RH,LH,curved,False,26.9,11.8,8.5,2.93,2.7,1.13,R4,R4,3.4,6,17.6,6.8
SKU-3135-RH,Важіль curved RH (R4),SKU-3135-LH,RH,curved,False,26.9,11.8,8.5,2.93,2.7,1.13,R4,R4,3.4,6,17.6,6.8
SKU-3136-LH,Важіль a_shaped LH (R4),SKU-3136-RH,LH,a_shaped,False,43.7,37.9,9.6,5.18,15.9,8.27,R4,R4,6.9,11,57.0,91.0
SKU-3136-RH,Важіль a_shaped RH (R4),SKU-3136-LH,RH,a_shaped,False,43.7,37.9,9.6,5.18,15.9,8.27,R4,R4,6.9,11,57.0,91.0
SKU-3137-LH,Важіль trailing LH (R4),SKU-3137-RH,LH,trailing,False,58.0,7.5,6.8,2.76,2.96,1.12,R4,R4,4.5,7,19.3,7.8
SKU-3137-RH,Важіль trailing RH (R4),SKU-3137-LH,RH,trailing,False,58.0,7.5,6.8,2.76,2.96,1.12,R4,R4,4.6,7,19.3,7.8
SKU-3138-LH,Важіль trailing LH (R4),SKU-3138-RH,LH,trailing,False,73.2,6.2,5.2,3.76,2.36,0.9,R4,R4,5.2,8,30.1,7.2
SKU-3138-RH,Важіль trailing RH (R4),SKU-3138-LH,RH,trailing,False,73.2,6.2,5.2,3.76,2.36,0.9,R4,R4,4.9,8,30.1,7.2
SKU-3139-LH,Важіль trailing LH (R4),SKU-3139-RH,LH,trailing,False,68.6,10.3,8.7,3.15,6.15,2.34,R4,R4,5.3,8,25.2,18.7
SKU-3139-RH,Важіль trailing RH (R4),SKU-3139-LH,RH,trailing,False,68.6,10.3,8.7,3.15,6.15,2.34,R4,R4,5.2,8,25.2,18.7
SKU-3140-LH,Важіль trailing LH (R4),SKU-3140-RH,LH,trailing,False,75.5,9.9,8.6,2.56,6.43,2.44,R4,R4,5.2,8,20.5,19.5
SKU-3140-RH,Важіль trailing RH (R4),SKU-3140-LH,RH,trailing,False,75.5,9.9,8.6,2.56,6.43,2.44,R4,R4,4.9,8,20.5,19.5
SKU-3141-LH,Важіль curved LH (R4),SKU-3141-RH,LH,curved,False,28.9,19.7,8.7,1.95,4.95,2.08,R4,R4,5.0,8,15.6,16.6
SKU-3141-RH,Важіль curved RH (R4),SKU-3141-LH,RH,curved,False,28.9,19.7,8.7,1.95,4.95,2.08,R4,R4,4.9,8,15.6,16.6
SKU-3142-LH,Важіль heavy_integral LH (R4),SKU-3142-RH,LH,heavy_integral,False,78.8,21.2,14.0,6.47,23.39,15.91,R4,R4,6.5,10,64.7,159.1
SKU-3142-RH,Важіль heavy_integral RH (R4),SKU-3142-LH,RH,heavy_integral,False,78.8,21.2,14.0,6.47,23.39,15.91,R4,R4,6.7,11,71.2,175.0
SKU-3143-LH,Важіль straight_link LH (R4),SKU-3143-RH,LH,straight_link,False,21.0,5.8,4.8,1.16,0.58,0.16,R4,R4,5.4,9,10.4,1.4
SKU-3143-RH,Важіль straight_link RH (R4),SKU-3143-LH,RH,straight_link,False,21.0,5.8,4.8,1.16,0.58,0.16,R4,R4,5.4,9,10.4,1.4
SKU-3144-LH,Важіль curved LH (R4),SKU-3144-RH,LH,curved,False,37.6,16.6,7.3,2.77,4.56,1.92,R4,R4,6.6,10,27.7,19.2
SKU-3144-RH,Важіль curved RH (R4),SKU-3144-LH,RH,curved,False,37.6,16.6,7.3,2.77,4.56,1.92,R4,R4,6.5,10,27.7,19.2
SKU-3145-LH,Важіль a_shaped LH (R4),SKU-3145-RH,LH,a_shaped,False,43.0,27.2,11.0,5.18,12.87,6.69,R4,R4,5.3,8,41.4,53.5
SKU-3145-RH,Важіль a_shaped RH (R4),SKU-3145-LH,RH,a_shaped,False,43.0,27.2,11.0,5.18,12.87,6.69,R4,R4,5.4,9,46.6,60.2
SKU-3146-LH,Важіль curved LH (R4),SKU-3146-RH,LH,curved,False,41.3,17.0,5.3,3.34,3.72,1.56,R4,R4,5.7,9,30.1,14.0
SKU-3146-RH,Важіль curved RH (R4),SKU-3146-LH,RH,curved,False,41.3,17.0,5.3,3.34,3.72,1.56,R4,R4,5.7,9,30.1,14.0
SKU-3147-LH,Важіль a_shaped LH (R4),SKU-3147-RH,LH,a_shaped,False,38.7,26.7,14.2,5.33,14.67,7.63,R4,R4,6.0,9,48.0,68.7
SKU-3147-RH,Важіль a_shaped RH (R4),SKU-3147-LH,RH,a_shaped,False,38.7,26.7,14.2,5.33,14.67,7.63,R4,R4,5.9,9,48.0,68.7
SKU-3148-LH,Важіль a_shaped LH (R4),SKU-3148-RH,LH,a_shaped,False,51.5,33.0,14.6,5.91,24.81,12.9,R4,R4,3.3,5,29.6,64.5
SKU-3148-RH,Важіль a_shaped RH (R4),SKU-3148-LH,RH,a_shaped,False,51.5,33.0,14.6,5.91,24.81,12.9,R4,R4,3.3,5,29.6,64.5
SKU-3149-LH,Важіль straight_link LH (R4),SKU-3149-RH,LH,straight_link,False,23.2,6.0,4.0,0.73,0.56,0.16,R4,R4,3.3,5,3.6,0.8
SKU-3149-RH,Важіль straight_link RH (R4),SKU-3149-LH,RH,straight_link,False,23.2,6.0,4.0,0.73,0.56,0.16,R4,R4,3.3,5,3.6,0.8
SKU-3150-LH,Важіль trailing LH (R4),SKU-3150-RH,LH,trailing,False,65.7,7.0,5.5,3.17,2.53,0.96,R4,R4,3.3,5,15.8,4.8
SKU-3150-RH,Важіль trailing RH (R4),SKU-3150-LH,RH,trailing,False,65.7,7.0,5.5,3.17,2.53,0.96,R4,R4,3.2,5,15.8,4.8
SKU-3151-LH,Важіль curved LH (R4),SKU-3151-RH,LH,curved,False,34.8,17.1,5.2,2.63,3.09,1.3,R4,R4,6.5,10,26.3,13.0
SKU-3151-RH,Важіль curved RH (R4),SKU-3151-LH,RH,curved,False,34.8,17.1,5.2,2.63,3.09,1.3,R4,R4,6.2,10,26.3,13.0
SKU-3152-LH,Важіль straight_link LH (R4),SKU-3152-RH,LH,straight_link,False,27.4,4.1,7.0,1.31,0.79,0.22,R4,R4,6.6,10,13.1,2.2
SKU-3152-RH,Важіль straight_link RH (R4),SKU-3152-LH,RH,straight_link,False,27.4,4.1,7.0,1.31,0.79,0.22,R4,R4,6.5,10,13.1,2.2
SKU-3153-LH,Важіль straight_link LH (R4),SKU-3153-RH,LH,straight_link,False,27.5,6.8,6.3,0.73,1.18,0.33,R4,R4,4.6,7,5.1,2.3
SKU-3153-RH,Важіль straight_link RH (R4),SKU-3153-LH,RH,straight_link,False,27.5,6.8,6.3,0.73,1.18,0.33,R4,R4,4.3,7,5.1,2.3
SKU-3154-LH,Важіль straight_link LH (R4),SKU-3154-RH,LH,straight_link,False,31.4,6.5,7.5,1.09,1.53,0.43,R4,R4,3.2,5,5.5,2.1
SKU-3154-RH,Важіль straight_link RH (R4),SKU-3154-LH,RH,straight_link,False,31.4,6.5,7.5,1.09,1.53,0.43,R4,R4,3.1,5,5.5,2.1
SKU-3155-LH,Важіль curved LH (R4),SKU-3155-RH,LH,curved,False,31.0,13.2,7.6,2.28,3.11,1.31,R4,R4,5.7,9,20.5,11.8
SKU-3155-RH,Важіль curved RH (R4),SKU-3155-LH,RH,curved,False,31.0,13.2,7.6,2.28,3.11,1.31,R4,R4,5.4,9,20.5,11.8
SKU-3156-LH,Важіль trailing LH (R4),SKU-3156-RH,LH,trailing,False,69.3,9.4,8.6,2.13,5.6,2.13,R4,R4,6.4,10,21.3,21.3
SKU-3156-RH,Важіль trailing RH (R4),SKU-3156-LH,RH,trailing,False,69.3,9.4,8.6,2.13,5.6,2.13,R4,R4,6.5,10,21.3,21.3
SKU-3157-LH,Важіль a_shaped LH (R4),SKU-3157-RH,LH,a_shaped,False,42.9,29.6,9.0,5.21,11.43,5.94,R4,R4,6.4,10,52.1,59.4
SKU-3157-RH,Важіль a_shaped RH (R4),SKU-3157-LH,RH,a_shaped,False,42.9,29.6,9.0,5.21,11.43,5.94,R4,R4,6.3,10,52.1,59.4
SKU-3158-LH,Важіль curved LH (R4),SKU-3158-RH,LH,curved,False,32.8,21.7,8.4,2.06,5.98,2.51,R4,R4,4.0,6,12.4,15.1
SKU-3158-RH,Важіль curved RH (R4),SKU-3158-LH,RH,curved,False,32.8,21.7,8.4,2.06,5.98,2.51,R4,R4,3.9,6,12.4,15.1
SKU-3159-LH,Важіль a_shaped LH (R4),SKU-3159-RH,LH,a_shaped,True,49.3,37.3,12.3,3.82,22.62,23.75,R4,R4,4.6,7,26.7,166.2
SKU-3159-RH,Важіль a_shaped RH (R4),SKU-3159-LH,RH,a_shaped,True,49.3,37.3,12.3,3.82,22.62,23.75,R4,R4,4.6,7,26.7,166.2
SKU-3160-LH,Важіль straight_link LH (R4),SKU-3160-RH,LH,straight_link,False,20.2,5.6,5.2,1.08,0.59,0.17,R4,R4,6.8,11,11.9,1.9
SKU-3160-RH,Важіль straight_link RH (R4),SKU-3160-LH,RH,straight_link,False,20.2,5.6,5.2,1.08,0.59,0.17,R4,R4,6.6,10,10.8,1.7
SKU-3161-LH,Важіль curved LH (R4),SKU-3161-RH,LH,curved,False,26.6,21.4,9.0,3.3,5.12,2.15,R4,R4,3.7,6,19.8,12.9
SKU-3161-RH,Важіль curved RH (R4),SKU-3161-LH,RH,curved,False,26.6,21.4,9.0,3.3,5.12,2.15,R4,R4,3.8,6,19.8,12.9
SKU-3162-LH,Важіль straight_link LH (R4),SKU-3162-RH,LH,straight_link,False,22.6,7.4,6.9,1.06,1.15,0.32,R4,R4,3.7,6,6.4,1.9
SKU-3162-RH,Важіль straight_link RH (R4),SKU-3162-LH,RH,straight_link,False,22.6,7.4,6.9,1.06,1.15,0.32,R4,R4,3.7,6,6.4,1.9
SKU-3163-LH,Важіль straight_link LH (R4),SKU-3163-RH,LH,straight_link,False,30.9,4.6,4.9,0.46,0.7,0.2,R4,R4,6.2,10,4.6,2.0
SKU-3163-RH,Важіль straight_link RH (R4),SKU-3163-LH,RH,straight_link,False,30.9,4.6,4.9,0.46,0.7,0.2,R4,R4,6.1,10,4.6,2.0
SKU-3164-LH,Важіль a_shaped LH (R4),SKU-3164-RH,LH,a_shaped,False,36.6,28.7,10.6,4.39,11.13,5.79,R4,R4,4.2,7,30.7,40.5
SKU-3164-RH,Важіль a_shaped RH (R4),SKU-3164-LH,RH,a_shaped,False,36.6,28.7,10.6,4.39,11.13,5.79,R4,R4,4.0,6,26.3,34.7
SKU-3165-LH,Важіль a_shaped LH (R4),SKU-3165-RH,LH,a_shaped,False,36.6,31.8,10.8,4.2,12.57,6.54,R4,R4,3.6,6,25.2,39.2
SKU-3165-RH,Важіль a_shaped RH (R4),SKU-3165-LH,RH,a_shaped,False,36.6,31.8,10.8,4.2,12.57,6.54,R4,R4,3.6,6,25.2,39.2
SKU-3166-LH,Важіль curved LH (R4),SKU-3166-RH,LH,curved,True,31.6,21.5,5.5,2.76,3.74,3.93,R4,R4,7.2,11,30.4,43.2
SKU-3166-RH,Важіль curved RH (R4),SKU-3166-LH,RH,curved,True,31.6,21.5,5.5,2.76,3.74,3.93,R4,R4,6.9,11,30.4,43.2
SKU-3167-LH,Важіль straight_link LH (R4),SKU-3167-RH,LH,straight_link,False,20.8,7.1,7.2,1.01,1.06,0.3,R4,R4,6.2,10,10.1,3.0
SKU-3167-RH,Важіль straight_link RH (R4),SKU-3167-LH,RH,straight_link,False,20.8,7.1,7.2,1.01,1.06,0.3,R4,R4,6.1,10,10.1,3.0
SKU-3168-LH,Важіль straight_link LH (R4),SKU-3168-RH,LH,straight_link,False,27.6,5.9,4.8,1.14,0.78,0.22,R4,R4,4.8,8,9.1,1.8
SKU-3168-RH,Важіль straight_link RH (R4),SKU-3168-LH,RH,straight_link,False,27.6,5.9,4.8,1.14,0.78,0.22,R4,R4,5.0,8,9.1,1.8
SKU-3169-LH,Важіль heavy_integral LH (R4),SKU-3169-RH,LH,heavy_integral,False,80.0,17.7,15.2,7.25,21.52,14.63,R4,R4,6.4,10,72.5,146.3
SKU-3169-RH,Важіль heavy_integral RH (R4),SKU-3169-LH,RH,heavy_integral,False,80.0,17.7,15.2,7.25,21.52,14.63,R4,R4,6.7,11,79.8,160.9
SKU-3170-LH,Важіль a_shaped LH (R4),SKU-3170-RH,LH,a_shaped,False,41.7,41.3,13.8,4.54,23.77,12.36,R4,R4,3.0,5,22.7,61.8
SKU-3170-RH,Важіль a_shaped RH (R4),SKU-3170-LH,RH,a_shaped,False,41.7,41.3,13.8,4.54,23.77,12.36,R4,R4,3.0,5,22.7,61.8
SKU-3171-LH,Важіль curved LH (R4),SKU-3171-RH,LH,curved,False,41.5,10.8,7.8,2.59,3.5,1.47,R4,R4,3.3,5,12.9,7.3
SKU-3171-RH,Важіль curved RH (R4),SKU-3171-LH,RH,curved,False,41.5,10.8,7.8,2.59,3.5,1.47,R4,R4,3.3,5,12.9,7.3
SKU-3172-LH,Важіль straight_link LH (R4),SKU-3172-RH,LH,straight_link,False,27.3,6.5,4.5,1.21,0.8,0.22,R4,R4,5.9,9,10.9,2.0
SKU-3172-RH,Важіль straight_link RH (R4),SKU-3172-LH,RH,straight_link,False,27.3,6.5,4.5,1.21,0.8,0.22,R4,R4,5.7,9,10.9,2.0
SKU-3173-LH,Важіль heavy_integral LH (R4),SKU-3173-RH,LH,heavy_integral,False,77.7,20.4,13.0,10.21,20.61,14.01,R4,R4,6.1,10,102.1,140.1
SKU-3173-RH,Важіль heavy_integral RH (R4),SKU-3173-LH,RH,heavy_integral,False,77.7,20.4,13.0,10.21,20.61,14.01,R4,R4,6.0,9,91.9,126.1
SKU-3174-LH,Важіль trailing LH (R4),SKU-3174-RH,LH,trailing,False,55.0,7.5,8.9,2.77,3.67,1.39,R4,R4,3.4,6,16.6,8.3
SKU-3174-RH,Важіль trailing RH (R4),SKU-3174-LH,RH,trailing,False,55.0,7.5,8.9,2.77,3.67,1.39,R4,R4,3.4,6,16.6,8.3
SKU-3175-LH,Важіль heavy_integral LH (R4),SKU-3175-RH,LH,heavy_integral,False,59.5,20.7,10.2,9.59,12.56,8.54,R4,R4,4.4,7,67.1,59.8
SKU-3175-RH,Важіль heavy_integral RH (R4),SKU-3175-LH,RH,heavy_integral,False,59.5,20.7,10.2,9.59,12.56,8.54,R4,R4,4.4,7,67.1,59.8
SKU-3176-LH,Важіль curved LH (R4),SKU-3176-RH,LH,curved,False,31.2,16.2,7.7,2.21,3.89,1.63,R4,R4,6.4,10,22.1,16.3
SKU-3176-RH,Важіль curved RH (R4),SKU-3176-LH,RH,curved,False,31.2,16.2,7.7,2.21,3.89,1.63,R4,R4,6.6,10,22.1,16.3
SKU-3177-LH,Важіль a_shaped LH (R4),SKU-3177-RH,LH,a_shaped,False,38.3,41.6,11.7,5.23,18.64,9.69,R4,R4,5.0,8,41.8,77.5
SKU-3177-RH,Важіль a_shaped RH (R4),SKU-3177-LH,RH,a_shaped,False,38.3,41.6,11.7,5.23,18.64,9.69,R4,R4,5.2,8,41.8,77.5
SKU-3178-LH,Важіль a_shaped LH (R4),SKU-3178-RH,LH,a_shaped,False,45.2,35.1,14.3,5.28,22.69,11.8,R4,R4,3.6,6,31.7,70.8
SKU-3178-RH,Важіль a_shaped RH (R4),SKU-3178-LH,RH,a_shaped,False,45.2,35.1,14.3,5.28,22.69,11.8,R4,R4,3.4,6,31.7,70.8
SKU-3179-LH,Важіль trailing LH (R4),SKU-3179-RH,LH,trailing,False,52.8,8.6,5.3,3.09,2.41,0.92,R4,R4,6.9,11,34.0,10.1
SKU-3179-RH,Важіль trailing RH (R4),SKU-3179-LH,RH,trailing,False,52.8,8.6,5.3,3.09,2.41,0.92,R4,R4,6.5,10,30.9,9.2
SKU-3180-LH,Важіль straight_link LH (R4),SKU-3180-RH,LH,straight_link,False,27.4,7.1,4.1,1.21,0.8,0.22,R4,R4,5.3,8,9.7,1.8
SKU-3180-RH,Важіль straight_link RH (R4),SKU-3180-LH,RH,straight_link,False,27.4,7.1,4.1,1.21,0.8,0.22,R4,R4,5.4,9,10.9,2.0
SKU-3181-LH,Важіль straight_link LH (R4),SKU-3181-RH,LH,straight_link,False,29.9,5.2,5.9,1.02,0.92,0.26,R4,R4,4.3,7,7.1,1.8
SKU-3181-RH,Важіль straight_link RH (R4),SKU-3181-LH,RH,straight_link,False,29.9,5.2,5.9,1.02,0.92,0.26,R4,R4,4.2,7,7.1,1.8
SKU-3182-LH,Важіль straight_link LH (R4),SKU-3182-RH,LH,straight_link,False,23.2,6.6,7.2,0.86,1.1,0.31,R4,R4,5.4,9,7.7,2.8
SKU-3182-RH,Важіль straight_link RH (R4),SKU-3182-LH,RH,straight_link,False,23.2,6.6,7.2,0.86,1.1,0.31,R4,R4,5.8,9,7.7,2.8
SKU-3183-LH,Важіль a_shaped LH (R4),SKU-3183-RH,LH,a_shaped,False,48.5,38.7,9.1,5.29,17.08,8.88,R4,R4,6.6,10,52.9,88.8
SKU-3183-RH,Важіль a_shaped RH (R4),SKU-3183-LH,RH,a_shaped,False,48.5,38.7,9.1,5.29,17.08,8.88,R4,R4,6.9,11,58.2,97.7
SKU-3184-LH,Важіль trailing LH (R4),SKU-3184-RH,LH,trailing,False,59.8,10.3,8.7,3.67,5.36,2.04,R4,R4,3.9,6,22.0,12.2
SKU-3184-RH,Важіль trailing RH (R4),SKU-3184-LH,RH,trailing,False,59.8,10.3,8.7,3.67,5.36,2.04,R4,R4,3.8,6,22.0,12.2
SKU-3185-LH,Важіль a_shaped LH (R4),SKU-3185-RH,LH,a_shaped,False,49.6,36.1,9.8,3.85,17.55,9.13,R4,R4,6.1,10,38.5,91.3
SKU-3185-RH,Важіль a_shaped RH (R4),SKU-3185-LH,RH,a_shaped,False,49.6,36.1,9.8,3.85,17.55,9.13,R4,R4,6.2,10,38.5,91.3
SKU-3186-LH,Важіль trailing LH (R4),SKU-3186-RH,LH,trailing,False,73.5,9.7,7.5,3.0,5.35,2.03,R4,R4,6.7,11,33.0,22.3
SKU-3186-RH,Важіль trailing RH (R4),SKU-3186-LH,RH,trailing,False,73.5,9.7,7.5,3.0,5.35,2.03,R4,R4,6.6,10,30.0,20.3
SKU-3187-LH,Важіль a_shaped LH (R4),SKU-3187-RH,LH,a_shaped,False,40.7,34.7,9.2,4.31,12.99,6.75,R4,R4,5.0,8,34.5,54.0
SKU-3187-RH,Важіль a_shaped RH (R4),SKU-3187-LH,RH,a_shaped,False,40.7,34.7,9.2,4.31,12.99,6.75,R4,R4,5.2,8,34.5,54.0
SKU-3188-LH,Важіль straight_link LH (R4),SKU-3188-RH,LH,straight_link,False,26.0,4.5,5.1,0.81,0.6,0.17,R4,R4,6.4,10,8.1,1.7
SKU-3188-RH,Важіль straight_link RH (R4),SKU-3188-LH,RH,straight_link,False,26.0,4.5,5.1,0.81,0.6,0.17,R4,R4,6.1,10,8.1,1.7
SKU-3189-LH,Важіль heavy_integral LH (R4),SKU-3189-RH,LH,heavy_integral,False,57.8,25.9,17.6,8.62,26.35,17.92,R4,R4,5.9,9,77.6,161.3
SKU-3189-RH,Важіль heavy_integral RH (R4),SKU-3189-LH,RH,heavy_integral,False,57.8,25.9,17.6,8.62,26.35,17.92,R4,R4,5.9,9,77.6,161.3
SKU-3190-LH,Важіль a_shaped LH (R4),SKU-3190-RH,LH,a_shaped,False,51.3,35.5,12.1,6.32,22.04,11.46,R4,R4,5.8,9,56.9,103.1
SKU-3190-RH,Важіль a_shaped RH (R4),SKU-3190-LH,RH,a_shaped,False,51.3,35.5,12.1,6.32,22.04,11.46,R4,R4,5.6,9,56.9,103.1
SKU-3191-LH,Важіль curved LH (R4),SKU-3191-RH,LH,curved,False,28.4,16.1,7.7,3.39,3.52,1.48,R4,R4,5.6,9,30.5,13.3
SKU-3191-RH,Важіль curved RH (R4),SKU-3191-LH,RH,curved,False,28.4,16.1,7.7,3.39,3.52,1.48,R4,R4,5.4,9,30.5,13.3
SKU-3192-LH,Важіль heavy_integral LH (R4),SKU-3192-RH,LH,heavy_integral,False,69.7,23.0,12.4,8.56,19.88,13.52,R4,R4,5.6,9,77.0,121.7
SKU-3192-RH,Важіль heavy_integral RH (R4),SKU-3192-LH,RH,heavy_integral,False,69.7,23.0,12.4,8.56,19.88,13.52,R4,R4,5.7,9,77.0,121.7
SKU-3193-LH,Важіль straight_link LH (R4),SKU-3193-RH,LH,straight_link,False,31.6,6.3,7.4,1.23,1.47,0.41,R4,R4,4.1,7,8.6,2.9
SKU-3193-RH,Важіль straight_link RH (R4),SKU-3193-LH,RH,straight_link,False,31.6,6.3,7.4,1.23,1.47,0.41,R4,R4,4.0,6,7.4,2.5
SKU-3194-LH,Важіль trailing LH (R4),SKU-3194-RH,LH,trailing,True,56.9,6.0,7.9,2.99,2.7,2.84,R4,R4,4.3,7,20.9,19.9
SKU-3194-RH,Важіль trailing RH (R4),SKU-3194-LH,RH,trailing,True,56.9,6.0,7.9,2.99,2.7,2.84,R4,R4,4.4,7,20.9,19.9
SKU-3195-LH,Важіль a_shaped LH (R4),SKU-3195-RH,LH,a_shaped,False,46.3,33.4,9.4,4.31,14.54,7.56,R4,R4,3.8,6,25.9,45.4
SKU-3195-RH,Важіль a_shaped RH (R4),SKU-3195-LH,RH,a_shaped,False,46.3,33.4,9.4,4.31,14.54,7.56,R4,R4,4.0,6,25.9,45.4
SKU-3196-LH,Важіль trailing LH (R4),SKU-3196-RH,LH,trailing,True,57.1,6.9,7.9,2.84,3.11,3.27,R4,R4,4.7,8,22.7,26.2
SKU-3196-RH,Важіль trailing RH (R4),SKU-3196-LH,RH,trailing,True,57.1,6.9,7.9,2.84,3.11,3.27,R4,R4,4.8,8,22.7,26.2
SKU-3197-LH,Важіль a_shaped LH (R4),SKU-3197-RH,LH,a_shaped,False,44.5,27.6,13.3,5.41,16.34,8.5,R4,R4,5.9,9,48.7,76.5
SKU-3197-RH,Важіль a_shaped RH (R4),SKU-3197-LH,RH,a_shaped,False,44.5,27.6,13.3,5.41,16.34,8.5,R4,R4,5.8,9,48.7,76.5
SKU-3198-LH,Важіль heavy_integral LH (R4),SKU-3198-RH,LH,heavy_integral,False,66.8,21.1,13.7,9.38,19.31,13.13,R4,R4,6.5,10,93.8,131.3
SKU-3198-RH,Важіль heavy_integral RH (R4),SKU-3198-LH,RH,heavy_integral,False,66.8,21.1,13.7,9.38,19.31,13.13,R4,R4,6.1,10,93.8,131.3
SKU-3199-LH,Важіль trailing LH (R4),SKU-3199-RH,LH,trailing,False,54.1,9.5,6.5,2.38,3.34,1.27,R4,R4,6.5,10,23.8,12.7
SKU-3199-RH,Важіль trailing RH (R4),SKU-3199-LH,RH,trailing,False,54.1,9.5,6.5,2.38,3.34,1.27,R4,R4,6.4,10,23.8,12.7
SKU-3200-LH,Важіль a_shaped LH (R4),SKU-3200-RH,LH,a_shaped,True,44.6,40.8,11.8,6.71,21.47,22.54,R4,R4,3.6,6,40.3,135.2
SKU-3200-RH,Важіль a_shaped RH (R4),SKU-3200-LH,RH,a_shaped,True,44.6,40.8,11.8,6.71,21.47,22.54,R4,R4,3.6,6,40.3,135.2
SKU-3201-LH,Важіль straight_link LH (R4),SKU-3201-RH,LH,straight_link,False,19.3,6.0,6.1,1.13,0.71,0.2,R4,R4,6.2,10,11.3,2.0
SKU-3201-RH,Важіль straight_link RH (R4),SKU-3201-LH,RH,straight_link,False,19.3,6.0,6.1,1.13,0.71,0.2,R4,R4,6.1,10,11.3,2.0
SKU-3202-LH,Важіль trailing LH (R4),SKU-3202-RH,LH,trailing,False,62.5,9.9,8.8,2.27,5.45,2.07,R4,R4,5.1,8,18.2,16.6
SKU-3202-RH,Важіль trailing RH (R4),SKU-3202-LH,RH,trailing,False,62.5,9.9,8.8,2.27,5.45,2.07,R4,R4,5.0,8,18.2,16.6
SKU-3203-LH,Важіль heavy_integral LH (R4),SKU-3203-RH,LH,heavy_integral,False,69.4,16.1,16.2,9.73,18.1,12.31,R4,R4,6.7,11,107.0,135.4
SKU-3203-RH,Важіль heavy_integral RH (R4),SKU-3203-LH,RH,heavy_integral,False,69.4,16.1,16.2,9.73,18.1,12.31,R4,R4,6.9,11,107.0,135.4
SKU-3204-LH,Важіль curved LH (R4),SKU-3204-RH,LH,curved,False,31.4,16.8,9.7,1.64,5.12,2.15,R4,R4,7.0,11,18.0,23.6
SKU-3204-RH,Важіль curved RH (R4),SKU-3204-LH,RH,curved,False,31.4,16.8,9.7,1.64,5.12,2.15,R4,R4,7.0,11,18.0,23.6
SKU-3205-LH,Важіль trailing LH (R4),SKU-3205-RH,LH,trailing,False,62.1,9.8,6.5,3.99,3.96,1.5,R4,R4,3.6,6,23.9,9.0
SKU-3205-RH,Важіль trailing RH (R4),SKU-3205-LH,RH,trailing,False,62.1,9.8,6.5,3.99,3.96,1.5,R4,R4,3.7,6,23.9,9.0
SKU-3206-LH,Важіль heavy_integral LH (R4),SKU-3206-RH,LH,heavy_integral,False,63.6,20.9,16.9,8.45,22.46,15.27,R4,R4,4.4,7,59.1,106.9
SKU-3206-RH,Важіль heavy_integral RH (R4),SKU-3206-LH,RH,heavy_integral,False,63.6,20.9,16.9,8.45,22.46,15.27,R4,R4,4.4,7,59.1,106.9
SKU-3207-LH,Важіль trailing LH (R4),SKU-3207-RH,LH,trailing,False,71.4,6.6,5.9,2.9,2.78,1.06,R4,R4,4.4,7,20.3,7.4
SKU-3207-RH,Важіль trailing RH (R4),SKU-3207-LH,RH,trailing,False,71.4,6.6,5.9,2.9,2.78,1.06,R4,R4,4.5,7,20.3,7.4
SKU-3208-LH,Важіль curved LH (R4),SKU-3208-RH,LH,curved,False,34.0,17.5,6.4,2.89,3.81,1.6,R4,R4,5.2,8,23.1,12.8
SKU-3208-RH,Важіль curved RH (R4),SKU-3208-LH,RH,curved,False,34.0,17.5,6.4,2.89,3.81,1.6,R4,R4,5.3,8,23.1,12.8
SKU-3209-LH,Важіль curved LH (R4),SKU-3209-RH,LH,curved,False,40.1,16.7,8.7,3.18,5.83,2.45,R4,R4,6.3,10,31.8,24.5
SKU-3209-RH,Важіль curved RH (R4),SKU-3209-LH,RH,curved,False,40.1,16.7,8.7,3.18,5.83,2.45,R4,R4,6.4,10,31.8,24.5
SKU-3210-LH,Важіль straight_link LH (R4),SKU-3210-RH,LH,straight_link,False,25.7,4.2,4.3,1.23,0.46,0.13,R4,R4,3.2,5,6.2,0.7
SKU-3210-RH,Важіль straight_link RH (R4),SKU-3210-LH,RH,straight_link,False,25.7,4.2,4.3,1.23,0.46,0.13,R4,R4,3.3,5,6.2,0.7
SKU-3211-LH,Важіль curved LH (R4),SKU-3211-RH,LH,curved,True,30.5,17.0,8.6,3.0,4.46,4.68,R4,R4,5.0,8,24.0,37.4
SKU-3211-RH,Важіль curved RH (R4),SKU-3211-LH,RH,curved,True,30.5,17.0,8.6,3.0,4.46,4.68,R4,R4,5.1,8,24.0,37.4
SKU-3212-LH,Важіль a_shaped LH (R4),SKU-3212-RH,LH,a_shaped,False,45.7,40.4,10.2,4.83,18.83,9.79,R4,R4,3.0,5,24.1,48.9
SKU-3212-RH,Важіль a_shaped RH (R4),SKU-3212-LH,RH,a_shaped,False,45.7,40.4,10.2,4.83,18.83,9.79,R4,R4,2.9,5,24.1,48.9
SKU-3213-LH,Важіль a_shaped LH (R4),SKU-3213-RH,LH,a_shaped,False,48.9,34.8,9.2,6.12,15.66,8.14,R4,R4,4.2,7,42.8,57.0
SKU-3213-RH,Важіль a_shaped RH (R4),SKU-3213-LH,RH,a_shaped,False,48.9,34.8,9.2,6.12,15.66,8.14,R4,R4,4.1,7,42.8,57.0
SKU-3214-LH,Важіль straight_link LH (R4),SKU-3214-RH,LH,straight_link,False,30.7,4.7,7.5,0.41,1.08,0.3,R4,R4,4.0,6,2.5,1.8
SKU-3214-RH,Важіль straight_link RH (R4),SKU-3214-LH,RH,straight_link,False,30.7,4.7,7.5,0.41,1.08,0.3,R4,R4,3.9,6,2.5,1.8
SKU-3215-LH,Важіль straight_link LH (R4),SKU-3215-RH,LH,straight_link,False,27.7,6.8,4.9,0.84,0.92,0.26,R4,R4,5.6,9,7.6,2.3
SKU-3215-RH,Важіль straight_link RH (R4),SKU-3215-LH,RH,straight_link,False,27.7,6.8,4.9,0.84,0.92,0.26,R4,R4,5.7,9,7.6,2.3
SKU-3216-LH,Важіль a_shaped LH (R4),SKU-3216-RH,LH,a_shaped,False,37.8,38.5,12.8,5.7,18.63,9.69,R4,R4,3.6,6,34.2,58.1
SKU-3216-RH,Важіль a_shaped RH (R4),SKU-3216-LH,RH,a_shaped,False,37.8,38.5,12.8,5.7,18.63,9.69,R4,R4,3.6,6,34.2,58.1
SKU-3217-LH,Важіль curved LH (R4),SKU-3217-RH,LH,curved,False,29.6,19.7,8.8,2.62,5.13,2.15,R4,R4,4.0,6,15.7,12.9
SKU-3217-RH,Важіль curved RH (R4),SKU-3217-LH,RH,curved,False,29.6,19.7,8.8,2.62,5.13,2.15,R4,R4,3.8,6,15.7,12.9
SKU-3218-LH,Важіль a_shaped LH (R4),SKU-3218-RH,LH,a_shaped,False,51.5,37.6,14.9,5.68,28.85,15.0,R4,R4,3.8,6,34.1,90.0
SKU-3218-RH,Важіль a_shaped RH (R4),SKU-3218-LH,RH,a_shaped,False,51.5,37.6,14.9,5.68,28.85,15.0,R4,R4,3.8,6,34.1,90.0
SKU-3219-LH,Важіль trailing LH (R4),SKU-3219-RH,LH,trailing,True,69.7,7.3,8.3,2.85,4.22,4.43,R4,R4,5.1,8,22.8,35.4
SKU-3219-RH,Важіль trailing RH (R4),SKU-3219-LH,RH,trailing,True,69.7,7.3,8.3,2.85,4.22,4.43,R4,R4,4.8,8,22.8,35.4
SKU-3220-LH,Важіль straight_link LH (R4),SKU-3220-RH,LH,straight_link,False,28.6,4.8,5.8,0.75,0.8,0.22,R4,R4,6.1,10,7.5,2.2
SKU-3220-RH,Важіль straight_link RH (R4),SKU-3220-LH,RH,straight_link,False,28.6,4.8,5.8,0.75,0.8,0.22,R4,R4,6.1,10,7.5,2.2
SKU-3221-LH,Важіль straight_link LH (R4),SKU-3221-RH,LH,straight_link,False,21.3,6.6,7.0,1.28,0.98,0.27,R4,R4,6.1,10,12.8,2.7
SKU-3221-RH,Важіль straight_link RH (R4),SKU-3221-LH,RH,straight_link,False,21.3,6.6,7.0,1.28,0.98,0.27,R4,R4,6.4,10,12.8,2.7
SKU-3222-LH,Важіль trailing LH (R4),SKU-3222-RH,LH,trailing,False,68.6,6.8,8.9,3.58,4.15,1.58,R4,R4,5.8,9,32.2,14.2
SKU-3222-RH,Важіль trailing RH (R4),SKU-3222-LH,RH,trailing,False,68.6,6.8,8.9,3.58,4.15,1.58,R4,R4,6.1,10,35.8,15.8
SKU-3223-LH,Важіль trailing LH (R4),SKU-3223-RH,LH,trailing,False,69.5,7.5,7.0,2.33,3.65,1.39,R4,R4,4.8,8,18.6,11.1
SKU-3223-RH,Важіль trailing RH (R4),SKU-3223-LH,RH,trailing,False,69.5,7.5,7.0,2.33,3.65,1.39,R4,R4,4.8,8,18.6,11.1
SKU-3224-LH,Важіль trailing LH (R4),SKU-3224-RH,LH,trailing,False,58.0,6.4,8.7,3.21,3.23,1.23,R4,R4,4.6,7,22.5,8.6
SKU-3224-RH,Важіль trailing RH (R4),SKU-3224-LH,RH,trailing,False,58.0,6.4,8.7,3.21,3.23,1.23,R4,R4,4.6,7,22.5,8.6
SKU-3225-LH,Важіль straight_link LH (R4),SKU-3225-RH,LH,straight_link,False,20.5,5.0,7.4,0.77,0.76,0.21,R4,R4,3.0,5,3.9,1.1
SKU-3225-RH,Важіль straight_link RH (R4),SKU-3225-LH,RH,straight_link,False,20.5,5.0,7.4,0.77,0.76,0.21,R4,R4,3.0,5,3.9,1.1
SKU-3226-LH,Важіль straight_link LH (R4),SKU-3226-RH,LH,straight_link,False,21.9,7.2,7.5,1.0,1.18,0.33,R4,R4,3.0,5,5.0,1.7
SKU-3226-RH,Важіль straight_link RH (R4),SKU-3226-LH,RH,straight_link,False,21.9,7.2,7.5,1.0,1.18,0.33,R4,R4,3.1,5,5.0,1.7
SKU-3227-LH,Важіль trailing LH (R4),SKU-3227-RH,LH,trailing,False,67.8,8.2,8.7,3.22,4.84,1.84,R4,R4,6.0,9,29.0,16.6
SKU-3227-RH,Важіль trailing RH (R4),SKU-3227-LH,RH,trailing,False,67.8,8.2,8.7,3.22,4.84,1.84,R4,R4,5.6,9,29.0,16.6
SKU-3228-LH,Важіль curved LH (R4),SKU-3228-RH,LH,curved,False,27.7,11.7,8.1,2.18,2.63,1.1,R4,R4,4.9,8,17.4,8.8
SKU-3228-RH,Важіль curved RH (R4),SKU-3228-LH,RH,curved,False,27.7,11.7,8.1,2.18,2.63,1.1,R4,R4,4.6,7,15.3,7.7
SKU-3229-LH,Важіль trailing LH (R4),SKU-3229-RH,LH,trailing,False,54.6,7.6,7.1,4.09,2.95,1.12,R4,R4,4.4,7,28.6,7.8
SKU-3229-RH,Важіль trailing RH (R4),SKU-3229-LH,RH,trailing,False,54.6,7.6,7.1,4.09,2.95,1.12,R4,R4,4.5,7,28.6,7.8
SKU-3230-LH,Важіль straight_link LH (R4),SKU-3230-RH,LH,straight_link,False,21.2,6.2,4.2,0.86,0.55,0.15,R4,R4,5.4,9,7.7,1.3
SKU-3230-RH,Важіль straight_link RH (R4),SKU-3230-LH,RH,straight_link,False,21.2,6.2,4.2,0.86,0.55,0.15,R4,R4,5.2,8,6.9,1.2
SKU-3231-LH,Важіль trailing LH (R4),SKU-3231-RH,LH,trailing,False,61.5,9.9,6.3,3.1,3.84,1.46,R4,R4,4.5,7,21.7,10.2
SKU-3231-RH,Важіль trailing RH (R4),SKU-3231-LH,RH,trailing,False,61.5,9.9,6.3,3.1,3.84,1.46,R4,R4,4.4,7,21.7,10.2
SKU-3232-LH,Важіль straight_link LH (R4),SKU-3232-RH,LH,straight_link,False,30.5,6.4,4.5,0.99,0.88,0.25,R4,R4,6.7,11,10.9,2.8
SKU-3232-RH,Важіль straight_link RH (R4),SKU-3232-LH,RH,straight_link,False,30.5,6.4,4.5,0.99,0.88,0.25,R4,R4,6.4,10,9.9,2.5
SKU-3233-LH,Важіль curved LH (R4),SKU-3233-RH,LH,curved,False,30.8,15.4,8.2,3.13,3.89,1.63,R4,R4,7.0,11,34.4,17.9
SKU-3233-RH,Важіль curved RH (R4),SKU-3233-LH,RH,curved,False,30.8,15.4,8.2,3.13,3.89,1.63,R4,R4,6.5,10,31.3,16.3
SKU-3234-LH,Важіль trailing LH (R4),SKU-3234-RH,LH,trailing,False,53.4,7.3,7.1,3.11,2.77,1.05,R4,R4,5.4,9,28.0,9.5
SKU-3234-RH,Важіль trailing RH (R4),SKU-3234-LH,RH,trailing,False,53.4,7.3,7.1,3.11,2.77,1.05,R4,R4,5.6,9,28.0,9.5
SKU-3235-LH,Важіль trailing LH (R4),SKU-3235-RH,LH,trailing,False,59.1,10.6,5.3,3.38,3.32,1.26,R4,R4,5.7,9,30.4,11.3
SKU-3235-RH,Важіль trailing RH (R4),SKU-3235-LH,RH,trailing,False,59.1,10.6,5.3,3.38,3.32,1.26,R4,R4,5.8,9,30.4,11.3
SKU-3236-LH,Важіль trailing LH (R4),SKU-3236-RH,LH,trailing,False,74.2,6.7,6.6,2.26,3.28,1.25,R4,R4,5.3,8,18.1,10.0
SKU-3236-RH,Важіль trailing RH (R4),SKU-3236-LH,RH,trailing,False,74.2,6.7,6.6,2.26,3.28,1.25,R4,R4,5.4,9,20.3,11.2
SKU-3237-LH,Важіль trailing LH (R4),SKU-3237-RH,LH,trailing,False,66.1,10.7,6.9,3.28,4.88,1.85,R4,R4,5.3,8,26.2,14.8
SKU-3237-RH,Важіль trailing RH (R4),SKU-3237-LH,RH,trailing,False,66.1,10.7,6.9,3.28,4.88,1.85,R4,R4,5.5,9,29.5,16.7
SKU-3238-LH,Важіль straight_link LH (R4),SKU-3238-RH,LH,straight_link,False,25.8,6.5,7.2,1.28,1.21,0.34,R4,R4,5.1,8,10.2,2.7
SKU-3238-RH,Важіль straight_link RH (R4),SKU-3238-LH,RH,straight_link,False,25.8,6.5,7.2,1.28,1.21,0.34,R4,R4,5.0,8,10.2,2.7
SKU-3239-LH,Важіль heavy_integral LH (R4),SKU-3239-RH,LH,heavy_integral,False,79.0,25.3,17.2,6.79,34.38,23.38,R4,R4,6.6,10,67.9,233.8
SKU-3239-RH,Важіль heavy_integral RH (R4),SKU-3239-LH,RH,heavy_integral,False,79.0,25.3,17.2,6.79,34.38,23.38,R4,R4,6.3,10,67.9,233.8
SKU-3240-LH,Важіль heavy_integral LH (R4),SKU-3240-RH,LH,heavy_integral,False,74.9,21.6,17.9,8.16,28.96,19.69,R4,R4,6.0,9,73.4,177.2
SKU-3240-RH,Важіль heavy_integral RH (R4),SKU-3240-LH,RH,heavy_integral,False,74.9,21.6,17.9,8.16,28.96,19.69,R4,R4,5.9,9,73.4,177.2
SKU-3241-LH,Важіль heavy_integral LH (R4),SKU-3241-RH,LH,heavy_integral,False,67.5,20.1,10.9,7.89,14.79,10.06,R4,R4,6.1,10,78.9,100.6
SKU-3241-RH,Важіль heavy_integral RH (R4),SKU-3241-LH,RH,heavy_integral,False,67.5,20.1,10.9,7.89,14.79,10.06,R4,R4,5.8,9,71.0,90.5
SKU-3242-LH,Важіль curved LH (R4),SKU-3242-RH,LH,curved,False,28.5,18.3,10.8,2.75,5.63,2.36,R4,R4,5.5,9,24.8,21.2
SKU-3242-RH,Важіль curved RH (R4),SKU-3242-LH,RH,curved,False,28.5,18.3,10.8,2.75,5.63,2.36,R4,R4,5.3,8,22.0,18.9
SKU-3243-LH,Важіль straight_link LH (R4),SKU-3243-RH,LH,straight_link,False,26.4,6.3,7.1,1.18,1.18,0.33,R4,R4,6.3,10,11.8,3.3
SKU-3243-RH,Важіль straight_link RH (R4),SKU-3243-LH,RH,straight_link,False,26.4,6.3,7.1,1.18,1.18,0.33,R4,R4,6.4,10,11.8,3.3
SKU-3244-LH,Важіль trailing LH (R4),SKU-3244-RH,LH,trailing,False,54.8,8.3,8.2,2.16,3.73,1.42,R4,R4,3.1,5,10.8,7.1
SKU-3244-RH,Важіль trailing RH (R4),SKU-3244-LH,RH,trailing,False,54.8,8.3,8.2,2.16,3.73,1.42,R4,R4,3.3,5,10.8,7.1
SKU-3245-LH,Важіль straight_link LH (R4),SKU-3245-RH,LH,straight_link,False,23.2,4.4,6.6,0.72,0.67,0.19,R4,R4,4.1,7,5.0,1.3
SKU-3245-RH,Важіль straight_link RH (R4),SKU-3245-LH,RH,straight_link,False,23.2,4.4,6.6,0.72,0.67,0.19,R4,R4,4.1,7,5.0,1.3
SKU-3246-LH,Важіль trailing LH (R4),SKU-3246-RH,LH,trailing,False,68.7,7.4,8.2,2.58,4.17,1.58,R4,R4,3.7,6,15.5,9.5
SKU-3246-RH,Важіль trailing RH (R4),SKU-3246-LH,RH,trailing,False,68.7,7.4,8.2,2.58,4.17,1.58,R4,R4,3.7,6,15.5,9.5
SKU-3247-LH,Важіль curved LH (R4),SKU-3247-RH,LH,curved,False,27.9,20.1,9.7,2.19,5.44,2.28,R4,R4,5.5,9,19.7,20.5
SKU-3247-RH,Важіль curved RH (R4),SKU-3247-LH,RH,curved,False,27.9,20.1,9.7,2.19,5.44,2.28,R4,R4,5.6,9,19.7,20.5
SKU-3248-LH,Важіль straight_link LH (R4),SKU-3248-RH,LH,straight_link,True,23.5,4.3,5.7,0.82,0.58,0.61,R4,R4,4.6,7,5.7,4.3
SKU-3248-RH,Важіль straight_link RH (R4),SKU-3248-LH,RH,straight_link,True,23.5,4.3,5.7,0.82,0.58,0.61,R4,R4,4.7,8,6.6,4.9
SKU-3249-LH,Важіль trailing LH (R4),SKU-3249-RH,LH,trailing,False,61.6,9.6,6.5,2.99,3.84,1.46,R4,R4,5.4,9,26.9,13.1
SKU-3249-RH,Важіль trailing RH (R4),SKU-3249-LH,RH,trailing,False,61.6,9.6,6.5,2.99,3.84,1.46,R4,R4,5.1,8,23.9,11.7
SKU-3250-LH,Важіль trailing LH (R4),SKU-3250-RH,LH,trailing,True,67.8,10.7,9.0,3.12,6.53,6.86,R4,R4,4.9,8,25.0,54.9
SKU-3250-RH,Важіль trailing RH (R4),SKU-3250-LH,RH,trailing,True,67.8,10.7,9.0,3.12,6.53,6.86,R4,R4,4.9,8,25.0,54.9
SKU-3251-LH,Важіль curved LH (R4),SKU-3251-RH,LH,curved,False,40.0,19.0,8.0,2.43,6.08,2.55,R4,R4,5.5,9,21.9,22.9
SKU-3251-RH,Важіль curved RH (R4),SKU-3251-LH,RH,curved,False,40.0,19.0,8.0,2.43,6.08,2.55,R4,R4,5.5,9,21.9,22.9
SKU-3252-LH,Важіль straight_link LH (R4),SKU-3252-RH,LH,straight_link,True,20.4,5.7,6.9,0.68,0.8,0.84,R4,R4,5.0,8,5.4,6.7
SKU-3252-RH,Важіль straight_link RH (R4),SKU-3252-LH,RH,straight_link,True,20.4,5.7,6.9,0.68,0.8,0.84,R4,R4,4.9,8,5.4,6.7
SKU-3253-LH,Важіль trailing LH (R4),SKU-3253-RH,LH,trailing,False,74.2,6.4,7.9,2.83,3.75,1.43,R4,R4,6.9,11,31.1,15.7
SKU-3253-RH,Важіль trailing RH (R4),SKU-3253-LH,RH,trailing,False,74.2,6.4,7.9,2.83,3.75,1.43,R4,R4,6.8,11,31.1,15.7
SKU-3254-LH,Важіль straight_link LH (R4),SKU-3254-RH,LH,straight_link,False,29.7,4.7,6.5,0.46,0.91,0.25,R4,R4,6.5,10,4.6,2.5
SKU-3254-RH,Важіль straight_link RH (R4),SKU-3254-LH,RH,straight_link,False,29.7,4.7,6.5,0.46,0.91,0.25,R4,R4,6.9,11,5.1,2.8
SKU-3255-LH,Важіль curved LH (R4),SKU-3255-RH,LH,curved,False,33.2,21.7,10.9,2.77,7.85,3.3,R4,R4,3.5,6,16.6,19.8
SKU-3255-RH,Важіль curved RH (R4),SKU-3255-LH,RH,curved,False,33.2,21.7,10.9,2.77,7.85,3.3,R4,R4,3.5,6,16.6,19.8
SKU-3256-LH,Важіль curved LH (R4),SKU-3256-RH,LH,curved,False,35.1,10.2,9.3,2.88,3.33,1.4,R4,R4,3.5,6,17.3,8.4
SKU-3256-RH,Важіль curved RH (R4),SKU-3256-LH,RH,curved,False,35.1,10.2,9.3,2.88,3.33,1.4,R4,R4,3.5,6,17.3,8.4
SKU-3257-LH,Важіль straight_link LH (R4),SKU-3257-RH,LH,straight_link,False,19.2,6.2,5.0,0.91,0.6,0.17,R4,R4,6.2,10,9.1,1.7
SKU-3257-RH,Важіль straight_link RH (R4),SKU-3257-LH,RH,straight_link,False,19.2,6.2,5.0,0.91,0.6,0.17,R4,R4,5.9,9,8.2,1.5
SKU-3258-LH,Важіль straight_link LH (R4),SKU-3258-RH,LH,straight_link,False,31.6,4.5,7.0,1.1,1.0,0.28,R4,R4,6.0,9,9.9,2.5
SKU-3258-RH,Важіль straight_link RH (R4),SKU-3258-LH,RH,straight_link,False,31.6,4.5,7.0,1.1,1.0,0.28,R4,R4,6.0,9,9.9,2.5
SKU-3259-LH,Важіль trailing LH (R4),SKU-3259-RH,LH,trailing,False,61.4,6.3,7.4,2.36,2.86,1.09,R4,R4,6.3,10,23.6,10.9
SKU-3259-RH,Важіль trailing RH (R4),SKU-3259-LH,RH,trailing,False,61.4,6.3,7.4,2.36,2.86,1.09,R4,R4,6.4,10,23.6,10.9
SKU-3260-LH,Важіль heavy_integral LH (R4),SKU-3260-RH,LH,heavy_integral,False,53.6,19.8,16.2,7.99,17.19,11.69,R4,R4,7.0,11,87.9,128.6
SKU-3260-RH,Важіль heavy_integral RH (R4),SKU-3260-LH,RH,heavy_integral,False,53.6,19.8,16.2,7.99,17.19,11.69,R4,R4,6.6,10,79.9,116.9
SKU-3261-LH,Важіль trailing LH (R4),SKU-3261-RH,LH,trailing,False,54.6,6.7,7.9,3.92,2.89,1.1,R4,R4,5.1,8,31.4,8.8
SKU-3261-RH,Важіль trailing RH (R4),SKU-3261-LH,RH,trailing,False,54.6,6.7,7.9,3.92,2.89,1.1,R4,R4,5.1,8,31.4,8.8
SKU-3262-LH,Важіль curved LH (R4),SKU-3262-RH,LH,curved,False,31.2,12.9,8.7,3.22,3.5,1.47,R4,R4,4.1,7,22.5,10.3
SKU-3262-RH,Важіль curved RH (R4),SKU-3262-LH,RH,curved,False,31.2,12.9,8.7,3.22,3.5,1.47,R4,R4,4.3,7,22.5,10.3
SKU-3263-LH,Важіль a_shaped LH (R4),SKU-3263-RH,LH,a_shaped,False,50.9,28.6,8.2,5.33,11.94,6.21,R4,R4,5.4,9,48.0,55.9
SKU-3263-RH,Важіль a_shaped RH (R4),SKU-3263-LH,RH,a_shaped,False,50.9,28.6,8.2,5.33,11.94,6.21,R4,R4,5.5,9,48.0,55.9
SKU-3264-LH,Важіль trailing LH (R4),SKU-3264-RH,LH,trailing,False,64.5,9.3,6.7,3.53,4.02,1.53,R4,R4,4.7,8,28.2,12.2
SKU-3264-RH,Важіль trailing RH (R4),SKU-3264-LH,RH,trailing,False,64.5,9.3,6.7,3.53,4.02,1.53,R4,R4,4.7,8,28.2,12.2
SKU-3265-LH,Важіль trailing LH (R4),SKU-3265-RH,LH,trailing,False,52.6,9.3,8.4,2.84,4.11,1.56,R4,R4,3.3,5,14.2,7.8
SKU-3265-RH,Важіль trailing RH (R4),SKU-3265-LH,RH,trailing,False,52.6,9.3,8.4,2.84,4.11,1.56,R4,R4,3.1,5,14.2,7.8
SKU-3266-LH,Важіль a_shaped LH (R4),SKU-3266-RH,LH,a_shaped,False,41.9,37.8,9.4,5.44,14.89,7.74,R4,R4,4.5,7,38.1,54.2
SKU-3266-RH,Важіль a_shaped RH (R4),SKU-3266-LH,RH,a_shaped,False,41.9,37.8,9.4,5.44,14.89,7.74,R4,R4,4.6,7,38.1,54.2
SKU-3267-LH,Важіль a_shaped LH (R4),SKU-3267-RH,LH,a_shaped,False,45.8,27.9,8.3,5.65,10.61,5.52,R4,R4,6.2,10,56.5,55.2
SKU-3267-RH,Важіль a_shaped RH (R4),SKU-3267-LH,RH,a_shaped,False,45.8,27.9,8.3,5.65,10.61,5.52,R4,R4,6.3,10,56.5,55.2
SKU-3268-LH,Важіль heavy_integral LH (R4),SKU-3268-RH,LH,heavy_integral,False,60.0,16.2,16.1,7.92,15.65,10.64,R4,R4,6.4,10,79.2,106.4
SKU-3268-RH,Важіль heavy_integral RH (R4),SKU-3268-LH,RH,heavy_integral,False,60.0,16.2,16.1,7.92,15.65,10.64,R4,R4,6.4,10,79.2,106.4
SKU-3269-LH,Важіль straight_link LH (R4),SKU-3269-RH,LH,straight_link,False,20.6,7.4,6.5,1.23,0.99,0.28,R4,R4,3.0,5,6.2,1.4
SKU-3269-RH,Важіль straight_link RH (R4),SKU-3269-LH,RH,straight_link,False,20.6,7.4,6.5,1.23,0.99,0.28,R4,R4,3.1,5,6.2,1.4
SKU-3270-LH,Важіль trailing LH (R4),SKU-3270-RH,LH,trailing,True,66.8,8.1,5.1,2.6,2.76,2.9,R4,R4,4.0,6,15.6,17.4
SKU-3270-RH,Важіль trailing RH (R4),SKU-3270-LH,RH,trailing,True,66.8,8.1,5.1,2.6,2.76,2.9,R4,R4,4.2,7,18.2,20.3
SKU-3271-LH,Важіль heavy_integral LH (R4),SKU-3271-RH,LH,heavy_integral,False,58.9,25.0,13.7,7.89,20.17,13.72,R4,R4,6.1,10,78.9,137.2
SKU-3271-RH,Важіль heavy_integral RH (R4),SKU-3271-LH,RH,heavy_integral,False,58.9,25.0,13.7,7.89,20.17,13.72,R4,R4,5.7,9,71.0,123.5
SKU-3272-LH,Важіль straight_link LH (R4),SKU-3272-RH,LH,straight_link,False,26.6,5.1,6.7,1.37,0.91,0.25,R4,R4,6.6,10,13.7,2.5
SKU-3272-RH,Важіль straight_link RH (R4),SKU-3272-LH,RH,straight_link,False,26.6,5.1,6.7,1.37,0.91,0.25,R4,R4,6.6,10,13.7,2.5
SKU-3273-LH,Важіль trailing LH (R4),SKU-3273-RH,LH,trailing,False,63.9,7.0,7.8,2.7,3.49,1.33,R4,R4,4.2,7,18.9,9.3
SKU-3273-RH,Важіль trailing RH (R4),SKU-3273-LH,RH,trailing,False,63.9,7.0,7.8,2.7,3.49,1.33,R4,R4,4.0,6,16.2,8.0
SKU-3274-LH,Важіль heavy_integral LH (R4),SKU-3274-RH,LH,heavy_integral,True,58.6,22.1,11.0,8.23,14.25,14.96,R4,R4,5.7,9,74.1,134.6
SKU-3274-RH,Важіль heavy_integral RH (R4),SKU-3274-LH,RH,heavy_integral,True,58.6,22.1,11.0,8.23,14.25,14.96,R4,R4,5.4,9,74.1,134.6
SKU-3275-LH,Важіль heavy_integral LH (R4),SKU-3275-RH,LH,heavy_integral,False,57.5,22.8,13.4,6.69,17.57,11.95,R4,R4,5.7,9,60.2,107.5
SKU-3275-RH,Важіль heavy_integral RH (R4),SKU-3275-LH,RH,heavy_integral,False,57.5,22.8,13.4,6.69,17.57,11.95,R4,R4,5.7,9,60.2,107.5
SKU-3276-LH,Важіль trailing LH (R4),SKU-3276-RH,LH,trailing,False,69.0,7.2,5.7,2.12,2.83,1.08,R4,R4,4.9,8,17.0,8.6
SKU-3276-RH,Важіль trailing RH (R4),SKU-3276-LH,RH,trailing,False,69.0,7.2,5.7,2.12,2.83,1.08,R4,R4,4.8,8,17.0,8.6
SKU-3277-LH,Важіль curved LH (R4),SKU-3277-RH,LH,curved,True,32.9,19.5,9.3,3.15,5.97,6.27,R4,R4,3.2,5,15.8,31.3
SKU-3277-RH,Важіль curved RH (R4),SKU-3277-LH,RH,curved,True,32.9,19.5,9.3,3.15,5.97,6.27,R4,R4,3.0,5,15.8,31.3
SKU-3278-LH,Важіль curved LH (R4),SKU-3278-RH,LH,curved,False,30.0,15.7,7.1,2.24,3.34,1.4,R4,R4,6.5,10,22.4,14.0
SKU-3278-RH,Важіль curved RH (R4),SKU-3278-LH,RH,curved,False,30.0,15.7,7.1,2.24,3.34,1.4,R4,R4,6.6,10,22.4,14.0
SKU-3279-LH,Важіль curved LH (R4),SKU-3279-RH,LH,curved,False,33.4,11.1,11.0,2.59,4.08,1.71,R4,R4,5.8,9,23.3,15.4
SKU-3279-RH,Важіль curved RH (R4),SKU-3279-LH,RH,curved,False,33.4,11.1,11.0,2.59,4.08,1.71,R4,R4,5.8,9,23.3,15.4
SKU-3280-LH,Важіль straight_link LH (R4),SKU-3280-RH,LH,straight_link,False,20.3,5.0,4.5,1.19,0.46,0.13,R4,R4,3.1,5,5.9,0.7
SKU-3280-RH,Важіль straight_link RH (R4),SKU-3280-LH,RH,straight_link,False,20.3,5.0,4.5,1.19,0.46,0.13,R4,R4,3.2,5,5.9,0.7
SKU-3281-LH,Важіль trailing LH (R4),SKU-3281-RH,LH,trailing,False,62.6,6.2,8.8,4.1,3.42,1.3,R4,R4,4.2,7,28.7,9.1
SKU-3281-RH,Важіль trailing RH (R4),SKU-3281-LH,RH,trailing,False,62.6,6.2,8.8,4.1,3.42,1.3,R4,R4,4.1,7,28.7,9.1
SKU-3282-LH,Важіль a_shaped LH (R4),SKU-3282-RH,LH,a_shaped,False,40.2,33.9,10.4,4.53,14.17,7.37,R4,R4,6.2,10,45.3,73.7
SKU-3282-RH,Важіль a_shaped RH (R4),SKU-3282-LH,RH,a_shaped,False,40.2,33.9,10.4,4.53,14.17,7.37,R4,R4,6.3,10,45.3,73.7
SKU-3283-LH,Важіль trailing LH (R4),SKU-3283-RH,LH,trailing,False,65.9,7.6,7.1,3.74,3.56,1.35,R4,R4,6.0,9,33.7,12.2
SKU-3283-RH,Важіль trailing RH (R4),SKU-3283-LH,RH,trailing,False,65.9,7.6,7.1,3.74,3.56,1.35,R4,R4,6.2,10,37.4,13.5
SKU-3284-LH,Важіль straight_link LH (R4),SKU-3284-RH,LH,straight_link,False,26.8,4.5,6.4,0.5,0.77,0.22,R4,R4,6.5,10,5.0,2.2
SKU-3284-RH,Важіль straight_link RH (R4),SKU-3284-LH,RH,straight_link,False,26.8,4.5,6.4,0.5,0.77,0.22,R4,R4,6.4,10,5.0,2.2
SKU-3285-LH,Важіль curved LH (R4),SKU-3285-RH,LH,curved,True,32.1,20.8,5.1,2.45,3.41,3.58,R4,R4,6.7,11,27.0,39.4
SKU-3285-RH,Важіль curved RH (R4),SKU-3285-LH,RH,curved,True,32.1,20.8,5.1,2.45,3.41,3.58,R4,R4,6.7,11,27.0,39.4
SKU-3286-LH,Важіль curved LH (R4),SKU-3286-RH,LH,curved,False,33.4,12.0,5.1,2.7,2.04,0.86,R4,R4,6.5,10,27.0,8.6
SKU-3286-RH,Важіль curved RH (R4),SKU-3286-LH,RH,curved,False,33.4,12.0,5.1,2.7,2.04,0.86,R4,R4,6.5,10,27.0,8.6
SKU-3287-LH,Важіль curved LH (R4),SKU-3287-RH,LH,curved,False,38.9,13.2,10.3,1.7,5.29,2.22,R4,R4,6.8,11,18.7,24.4
SKU-3287-RH,Важіль curved RH (R4),SKU-3287-LH,RH,curved,False,38.9,13.2,10.3,1.7,5.29,2.22,R4,R4,6.8,11,18.7,24.4
SKU-3288-LH,Важіль curved LH (R4),SKU-3288-RH,LH,curved,False,38.5,12.0,5.3,2.31,2.45,1.03,R4,R4,6.5,10,23.1,10.3
SKU-3288-RH,Важіль curved RH (R4),SKU-3288-LH,RH,curved,False,38.5,12.0,5.3,2.31,2.45,1.03,R4,R4,6.4,10,23.1,10.3
SKU-3289-LH,Важіль curved LH (R4),SKU-3289-RH,LH,curved,False,28.1,20.1,9.7,2.78,5.48,2.3,R4,R4,5.0,8,22.2,18.4
SKU-3289-RH,Важіль curved RH (R4),SKU-3289-LH,RH,curved,False,28.1,20.1,9.7,2.78,5.48,2.3,R4,R4,5.0,8,22.2,18.4
SKU-3290-LH,Важіль heavy_integral LH (R4),SKU-3290-RH,LH,heavy_integral,False,61.9,22.2,14.6,7.9,20.06,13.64,R4,R4,4.2,7,55.3,95.5
SKU-3290-RH,Важіль heavy_integral RH (R4),SKU-3290-LH,RH,heavy_integral,False,61.9,22.2,14.6,7.9,20.06,13.64,R4,R4,4.3,7,55.3,95.5
SKU-3291-LH,Важіль curved LH (R4),SKU-3291-RH,LH,curved,False,30.2,19.1,8.2,1.72,4.73,1.99,R4,R4,4.6,7,12.0,13.9
SKU-3291-RH,Важіль curved RH (R4),SKU-3291-LH,RH,curved,False,30.2,19.1,8.2,1.72,4.73,1.99,R4,R4,4.6,7,12.0,13.9
SKU-3292-LH,Важіль a_shaped LH (R4),SKU-3292-RH,LH,a_shaped,False,51.0,27.2,14.7,4.39,20.39,10.6,R4,R4,3.0,5,21.9,53.0
SKU-3292-RH,Важіль a_shaped RH (R4),SKU-3292-LH,RH,a_shaped,False,51.0,27.2,14.7,4.39,20.39,10.6,R4,R4,3.0,5,21.9,53.0
SKU-3293-LH,Важіль trailing LH (R4),SKU-3293-RH,LH,trailing,False,72.7,10.2,6.6,3.0,4.89,1.86,R4,R4,3.5,6,18.0,11.2
SKU-3293-RH,Важіль trailing RH (R4),SKU-3293-LH,RH,trailing,False,72.7,10.2,6.6,3.0,4.89,1.86,R4,R4,3.6,6,18.0,11.2
SKU-3294-LH,Важіль trailing LH (R4),SKU-3294-RH,LH,trailing,True,71.1,8.7,5.8,3.23,3.59,3.77,R4,R4,3.7,6,19.4,22.6
SKU-3294-RH,Важіль trailing RH (R4),SKU-3294-LH,RH,trailing,True,71.1,8.7,5.8,3.23,3.59,3.77,R4,R4,3.8,6,19.4,22.6
SKU-3295-LH,Важіль curved LH (R4),SKU-3295-RH,LH,curved,False,28.4,18.7,6.1,2.93,3.24,1.36,R4,R4,4.9,8,23.4,10.9
SKU-3295-RH,Важіль curved RH (R4),SKU-3295-LH,RH,curved,False,28.4,18.7,6.1,2.93,3.24,1.36,R4,R4,5.1,8,23.4,10.9
SKU-3296-LH,Важіль a_shaped LH (R4),SKU-3296-RH,LH,a_shaped,False,36.5,30.7,14.0,3.66,15.69,8.16,R4,R4,5.3,8,29.3,65.3
SKU-3296-RH,Важіль a_shaped RH (R4),SKU-3296-LH,RH,a_shaped,False,36.5,30.7,14.0,3.66,15.69,8.16,R4,R4,5.2,8,29.3,65.3
SKU-3297-LH,Важіль a_shaped LH (R4),SKU-3297-RH,LH,a_shaped,False,47.6,37.1,13.6,5.67,24.02,12.49,R4,R4,4.6,7,39.7,87.4
SKU-3297-RH,Важіль a_shaped RH (R4),SKU-3297-LH,RH,a_shaped,False,47.6,37.1,13.6,5.67,24.02,12.49,R4,R4,4.7,8,45.4,99.9
SKU-3298-LH,Важіль trailing LH (R4),SKU-3298-RH,LH,trailing,False,59.1,7.7,8.7,3.31,3.96,1.5,R4,R4,3.8,6,19.9,9.0
SKU-3298-RH,Важіль trailing RH (R4),SKU-3298-LH,RH,trailing,False,59.1,7.7,8.7,3.31,3.96,1.5,R4,R4,3.9,6,19.9,9.0
SKU-3299-LH,Важіль curved LH (R4),SKU-3299-RH,LH,curved,False,37.9,12.5,10.3,2.55,4.88,2.05,R4,R4,6.5,10,25.5,20.5
SKU-3299-RH,Важіль curved RH (R4),SKU-3299-LH,RH,curved,False,37.9,12.5,10.3,2.55,4.88,2.05,R4,R4,6.3,10,25.5,20.5
SKU-3300-LH,Важіль curved LH (R4),SKU-3300-RH,LH,curved,False,30.3,18.6,10.7,2.84,6.03,2.53,R4,R4,6.5,10,28.4,25.3
SKU-3300-RH,Важіль curved RH (R4),SKU-3300-LH,RH,curved,False,30.3,18.6,10.7,2.84,6.03,2.53,R4,R4,6.7,11,31.2,27.8
SKU-3301-LH,Важіль straight_link LH (R4),SKU-3301-RH,LH,straight_link,False,28.0,5.8,6.2,1.1,1.01,0.28,R4,R4,4.1,7,7.7,2.0
SKU-3301-RH,Важіль straight_link RH (R4),SKU-3301-LH,RH,straight_link,False,28.0,5.8,6.2,1.1,1.01,0.28,R4,R4,4.2,7,7.7,2.0
SKU-3302-LH,Важіль curved LH (R4),SKU-3302-RH,LH,curved,False,37.2,18.8,9.0,2.58,6.29,2.64,R4,R4,6.5,10,25.8,26.4
SKU-3302-RH,Важіль curved RH (R4),SKU-3302-LH,RH,curved,False,37.2,18.8,9.0,2.58,6.29,2.64,R4,R4,6.3,10,25.8,26.4
SKU-3303-LH,Важіль a_shaped LH (R4),SKU-3303-RH,LH,a_shaped,False,46.8,39.6,8.1,3.7,15.01,7.81,R4,R4,6.5,10,37.0,78.1
SKU-3303-RH,Важіль a_shaped RH (R4),SKU-3303-LH,RH,a_shaped,False,46.8,39.6,8.1,3.7,15.01,7.81,R4,R4,6.9,11,40.7,85.9
SKU-3304-LH,Важіль a_shaped LH (R4),SKU-3304-RH,LH,a_shaped,False,47.3,28.1,12.3,6.45,16.35,8.5,R4,R4,4.7,8,51.6,68.0
SKU-3304-RH,Важіль a_shaped RH (R4),SKU-3304-LH,RH,a_shaped,False,47.3,28.1,12.3,6.45,16.35,8.5,R4,R4,4.7,8,51.6,68.0
SKU-3305-LH,Важіль straight_link LH (R4),SKU-3305-RH,LH,straight_link,False,30.5,7.0,7.5,0.99,1.6,0.45,R4,R4,5.9,9,8.9,4.0
SKU-3305-RH,Важіль straight_link RH (R4),SKU-3305-LH,RH,straight_link,False,30.5,7.0,7.5,0.99,1.6,0.45,R4,R4,6.1,10,9.9,4.5
SKU-3306-LH,Важіль heavy_integral LH (R4),SKU-3306-RH,LH,heavy_integral,False,78.8,24.3,17.5,9.94,33.51,22.79,R4,R4,6.2,10,99.4,227.9
SKU-3306-RH,Важіль heavy_integral RH (R4),SKU-3306-LH,RH,heavy_integral,False,78.8,24.3,17.5,9.94,33.51,22.79,R4,R4,6.7,11,109.3,250.7
SKU-3307-LH,Важіль curved LH (R4),SKU-3307-RH,LH,curved,False,32.1,10.7,9.1,2.19,3.13,1.31,R4,R4,4.9,8,17.5,10.5
SKU-3307-RH,Важіль curved RH (R4),SKU-3307-LH,RH,curved,False,32.1,10.7,9.1,2.19,3.13,1.31,R4,R4,5.0,8,17.5,10.5
SKU-3308-LH,Важіль trailing LH (R4),SKU-3308-RH,LH,trailing,False,63.7,7.9,6.0,2.88,3.02,1.15,R4,R4,3.6,6,17.3,6.9
SKU-3308-RH,Важіль trailing RH (R4),SKU-3308-LH,RH,trailing,False,63.7,7.9,6.0,2.88,3.02,1.15,R4,R4,3.5,6,17.3,6.9
SKU-3309-LH,Важіль curved LH (R4),SKU-3309-RH,LH,curved,False,31.6,16.6,8.2,1.66,4.3,1.81,R4,R4,6.7,11,18.3,19.9
SKU-3309-RH,Важіль curved RH (R4),SKU-3309-LH,RH,curved,False,31.6,16.6,8.2,1.66,4.3,1.81,R4,R4,6.5,10,16.6,18.1
SKU-3310-LH,Важіль heavy_integral LH (R4),SKU-3310-RH,LH,heavy_integral,True,68.6,17.4,10.3,7.83,12.29,12.9,R4,R4,5.3,8,62.6,103.2
SKU-3310-RH,Важіль heavy_integral RH (R4),SKU-3310-LH,RH,heavy_integral,True,68.6,17.4,10.3,7.83,12.29,12.9,R4,R4,5.4,9,70.5,116.1
SKU-3311-LH,Важіль curved LH (R4),SKU-3311-RH,LH,curved,False,28.6,16.1,5.5,1.68,2.53,1.06,R4,R4,5.0,8,13.4,8.5
SKU-3311-RH,Важіль curved RH (R4),SKU-3311-LH,RH,curved,False,28.6,16.1,5.5,1.68,2.53,1.06,R4,R4,4.9,8,13.4,8.5
SKU-3312-LH,Важіль curved LH (R4),SKU-3312-RH,LH,curved,False,40.6,18.7,9.9,3.17,7.52,3.16,R4,R4,7.0,11,34.9,34.8
SKU-3312-RH,Важіль curved RH (R4),SKU-3312-LH,RH,curved,False,40.6,18.7,9.9,3.17,7.52,3.16,R4,R4,7.0,11,34.9,34.8
SKU-3313-LH,Важіль a_shaped LH (R4),SKU-3313-RH,LH,a_shaped,False,38.9,37.0,15.0,5.1,21.59,11.23,R4,R4,5.9,9,45.9,101.1
SKU-3313-RH,Важіль a_shaped RH (R4),SKU-3313-LH,RH,a_shaped,False,38.9,37.0,15.0,5.1,21.59,11.23,R4,R4,5.9,9,45.9,101.1
SKU-3314-LH,Важіль trailing LH (R4),SKU-3314-RH,LH,trailing,False,65.1,7.8,8.0,3.94,4.06,1.54,R4,R4,6.4,10,39.4,15.4
SKU-3314-RH,Важіль trailing RH (R4),SKU-3314-LH,RH,trailing,False,65.1,7.8,8.0,3.94,4.06,1.54,R4,R4,6.7,11,43.3,16.9
SKU-3315-LH,Важіль a_shaped LH (R4),SKU-3315-RH,LH,a_shaped,False,40.9,37.6,9.4,3.77,14.46,7.52,R4,R4,4.6,7,26.4,52.6
SKU-3315-RH,Важіль a_shaped RH (R4),SKU-3315-LH,RH,a_shaped,False,40.9,37.6,9.4,3.77,14.46,7.52,R4,R4,4.4,7,26.4,52.6
SKU-3316-LH,Важіль curved LH (R4),SKU-3316-RH,LH,curved,False,36.6,18.8,10.4,2.38,7.16,3.01,R4,R4,3.6,6,14.3,18.1
SKU-3316-RH,Важіль curved RH (R4),SKU-3316-LH,RH,curved,False,36.6,18.8,10.4,2.38,7.16,3.01,R4,R4,3.6,6,14.3,18.1
SKU-3317-LH,Важіль curved LH (R4),SKU-3317-RH,LH,curved,False,26.2,13.8,9.7,2.81,3.51,1.47,R4,R4,6.1,10,28.1,14.7
SKU-3317-RH,Важіль curved RH (R4),SKU-3317-LH,RH,curved,False,26.2,13.8,9.7,2.81,3.51,1.47,R4,R4,6.1,10,28.1,14.7
SKU-3318-LH,Важіль straight_link LH (R4),SKU-3318-RH,LH,straight_link,False,24.2,7.4,6.0,0.6,1.07,0.3,R4,R4,4.2,7,4.2,2.1
SKU-3318-RH,Важіль straight_link RH (R4),SKU-3318-LH,RH,straight_link,False,24.2,7.4,6.0,0.6,1.07,0.3,R4,R4,4.3,7,4.2,2.1
SKU-3319-LH,Важіль a_shaped LH (R4),SKU-3319-RH,LH,a_shaped,False,37.3,40.1,14.3,4.48,21.39,11.12,R4,R4,4.6,7,31.4,77.8
SKU-3319-RH,Важіль a_shaped RH (R4),SKU-3319-LH,RH,a_shaped,False,37.3,40.1,14.3,4.48,21.39,11.12,R4,R4,4.4,7,31.4,77.8
SKU-3320-LH,Важіль curved LH (R4),SKU-3320-RH,LH,curved,False,27.7,10.5,6.3,2.11,1.83,0.77,R4,R4,3.3,5,10.5,3.9
SKU-3320-RH,Важіль curved RH (R4),SKU-3320-LH,RH,curved,False,27.7,10.5,6.3,2.11,1.83,0.77,R4,R4,3.5,6,12.7,4.6
SKU-3321-LH,Важіль trailing LH (R4),SKU-3321-RH,LH,trailing,False,75.8,7.8,7.7,2.57,4.55,1.73,R4,R4,4.0,6,15.4,10.4
SKU-3321-RH,Важіль trailing RH (R4),SKU-3321-LH,RH,trailing,False,75.8,7.8,7.7,2.57,4.55,1.73,R4,R4,4.0,6,15.4,10.4
SKU-3322-LH,Важіль curved LH (R4),SKU-3322-RH,LH,curved,False,38.1,18.0,7.7,3.2,5.28,2.22,R4,R4,5.7,9,28.8,20.0
SKU-3322-RH,Важіль curved RH (R4),SKU-3322-LH,RH,curved,False,38.1,18.0,7.7,3.2,5.28,2.22,R4,R4,5.6,9,28.8,20.0
SKU-3323-LH,Важіль straight_link LH (R4),SKU-3323-RH,LH,straight_link,True,22.5,6.0,6.5,0.95,0.88,0.92,R4,R4,6.0,9,8.5,8.3
SKU-3323-RH,Важіль straight_link RH (R4),SKU-3323-LH,RH,straight_link,True,22.5,6.0,6.5,0.95,0.88,0.92,R4,R4,6.0,9,8.5,8.3
SKU-3324-LH,Важіль heavy_integral LH (R4),SKU-3324-RH,LH,heavy_integral,True,68.3,22.9,12.6,8.84,19.71,20.7,R4,R4,3.1,5,44.2,103.5
SKU-3324-RH,Важіль heavy_integral RH (R4),SKU-3324-LH,RH,heavy_integral,True,68.3,22.9,12.6,8.84,19.71,20.7,R4,R4,3.3,5,44.2,103.5
SKU-3325-LH,Важіль curved LH (R4),SKU-3325-RH,LH,curved,False,36.7,20.0,10.1,1.91,7.41,3.11,R4,R4,5.0,8,15.3,24.9
SKU-3325-RH,Важіль curved RH (R4),SKU-3325-LH,RH,curved,False,36.7,20.0,10.1,1.91,7.41,3.11,R4,R4,5.1,8,15.3,24.9
SKU-3326-LH,Важіль trailing LH (R4),SKU-3326-RH,LH,trailing,False,57.9,7.0,7.4,3.66,3.0,1.14,R4,R4,4.1,7,25.6,8.0
SKU-3326-RH,Важіль trailing RH (R4),SKU-3326-LH,RH,trailing,False,57.9,7.0,7.4,3.66,3.0,1.14,R4,R4,4.4,7,25.6,8.0
SKU-3327-LH,Важіль a_shaped LH (R4),SKU-3327-RH,LH,a_shaped,False,38.7,28.4,9.5,5.5,10.44,5.43,R4,R4,4.3,7,38.5,38.0
SKU-3327-RH,Важіль a_shaped RH (R4),SKU-3327-LH,RH,a_shaped,False,38.7,28.4,9.5,5.5,10.44,5.43,R4,R4,4.3,7,38.5,38.0
SKU-3328-LH,Важіль heavy_integral LH (R4),SKU-3328-RH,LH,heavy_integral,False,71.1,17.0,14.5,6.72,17.53,11.92,R4,R4,3.7,6,40.3,71.5
SKU-3328-RH,Важіль heavy_integral RH (R4),SKU-3328-LH,RH,heavy_integral,False,71.1,17.0,14.5,6.72,17.53,11.92,R4,R4,3.7,6,40.3,71.5
SKU-3329-LH,Важіль trailing LH (R4),SKU-3329-RH,LH,trailing,False,64.0,10.2,5.4,2.4,3.53,1.34,R4,R4,4.3,7,16.8,9.4
SKU-3329-RH,Важіль trailing RH (R4),SKU-3329-LH,RH,trailing,False,64.0,10.2,5.4,2.4,3.53,1.34,R4,R4,4.2,7,16.8,9.4
SKU-3330-LH,Важіль straight_link LH (R4),SKU-3330-RH,LH,straight_link,False,22.2,4.3,7.3,0.95,0.7,0.2,R4,R4,6.2,10,9.5,2.0
SKU-3330-RH,Важіль straight_link RH (R4),SKU-3330-LH,RH,straight_link,False,22.2,4.3,7.3,0.95,0.7,0.2,R4,R4,6.2,10,9.5,2.0
SKU-3331-LH,Важіль trailing LH (R4),SKU-3331-RH,LH,trailing,False,68.7,6.8,6.7,3.42,3.13,1.19,R4,R4,6.2,10,34.2,11.9
SKU-3331-RH,Важіль trailing RH (R4),SKU-3331-LH,RH,trailing,False,68.7,6.8,6.7,3.42,3.13,1.19,R4,R4,6.2,10,34.2,11.9
SKU-3332-LH,Важіль curved LH (R4),SKU-3332-RH,LH,curved,False,31.5,10.5,9.3,3.31,3.08,1.29,R4,R4,3.9,6,19.9,7.7
SKU-3332-RH,Важіль curved RH (R4),SKU-3332-LH,RH,curved,False,31.5,10.5,9.3,3.31,3.08,1.29,R4,R4,4.0,6,19.9,7.7
SKU-3333-LH,Важіль curved LH (R4),SKU-3333-RH,LH,curved,False,34.8,10.6,10.8,3.09,3.98,1.67,R4,R4,3.6,6,18.5,10.0
SKU-3333-RH,Важіль curved RH (R4),SKU-3333-LH,RH,curved,False,34.8,10.6,10.8,3.09,3.98,1.67,R4,R4,3.5,6,18.5,10.0
SKU-3334-LH,Важіль curved LH (R4),SKU-3334-RH,LH,curved,False,33.4,20.0,9.0,1.71,6.01,2.52,R4,R4,6.6,10,17.1,25.2
SKU-3334-RH,Важіль curved RH (R4),SKU-3334-LH,RH,curved,False,33.4,20.0,9.0,1.71,6.01,2.52,R4,R4,7.0,11,18.8,27.7
SKU-3335-LH,Важіль curved LH (R4),SKU-3335-RH,LH,curved,False,29.0,12.0,10.2,2.36,3.55,1.49,R4,R4,5.6,9,21.2,13.4
SKU-3335-RH,Важіль curved RH (R4),SKU-3335-LH,RH,curved,False,29.0,12.0,10.2,2.36,3.55,1.49,R4,R4,5.7,9,21.2,13.4
SKU-3336-LH,Важіль trailing LH (R4),SKU-3336-RH,LH,trailing,False,59.5,7.8,8.4,3.08,3.9,1.48,R4,R4,4.0,6,18.5,8.9
SKU-3336-RH,Важіль trailing RH (R4),SKU-3336-LH,RH,trailing,False,59.5,7.8,8.4,3.08,3.9,1.48,R4,R4,3.9,6,18.5,8.9
SKU-3337-LH,Важіль trailing LH (R4),SKU-3337-RH,LH,trailing,True,78.0,9.5,5.6,2.6,4.15,4.36,R4,R4,5.9,9,23.4,39.2
SKU-3337-RH,Важіль trailing RH (R4),SKU-3337-LH,RH,trailing,True,78.0,9.5,5.6,2.6,4.15,4.36,R4,R4,5.6,9,23.4,39.2
SKU-3338-LH,Важіль a_shaped LH (R4),SKU-3338-RH,LH,a_shaped,False,40.9,35.6,8.4,3.93,12.23,6.36,R4,R4,5.8,9,35.4,57.2
SKU-3338-RH,Важіль a_shaped RH (R4),SKU-3338-LH,RH,a_shaped,False,40.9,35.6,8.4,3.93,12.23,6.36,R4,R4,5.7,9,35.4,57.2
SKU-3339-LH,Важіль curved LH (R4),SKU-3339-RH,LH,curved,False,32.9,14.7,10.8,2.98,5.22,2.19,R4,R4,3.8,6,17.9,13.1
SKU-3339-RH,Важіль curved RH (R4),SKU-3339-LH,RH,curved,False,32.9,14.7,10.8,2.98,5.22,2.19,R4,R4,3.8,6,17.9,13.1
SKU-3340-LH,Важіль curved LH (R4),SKU-3340-RH,LH,curved,False,33.5,19.7,9.6,2.51,6.34,2.66,R4,R4,6.5,10,25.1,26.6
SKU-3340-RH,Важіль curved RH (R4),SKU-3340-LH,RH,curved,False,33.5,19.7,9.6,2.51,6.34,2.66,R4,R4,6.6,10,25.1,26.6
SKU-3341-LH,Важіль trailing LH (R4),SKU-3341-RH,LH,trailing,False,58.9,7.3,8.6,3.72,3.7,1.41,R4,R4,6.5,10,37.2,14.1
SKU-3341-RH,Важіль trailing RH (R4),SKU-3341-LH,RH,trailing,False,58.9,7.3,8.6,3.72,3.7,1.41,R4,R4,6.8,11,40.9,15.5
SKU-3342-LH,Важіль straight_link LH (R4),SKU-3342-RH,LH,straight_link,False,25.1,4.5,4.4,0.41,0.5,0.14,R4,R4,5.5,9,3.7,1.3
SKU-3342-RH,Важіль straight_link RH (R4),SKU-3342-LH,RH,straight_link,False,25.1,4.5,4.4,0.41,0.5,0.14,R4,R4,5.3,8,3.3,1.1
SKU-3343-LH,Важіль straight_link LH (R4),SKU-3343-RH,LH,straight_link,False,20.4,7.3,5.1,0.73,0.76,0.21,R4,R4,6.4,10,7.3,2.1
SKU-3343-RH,Важіль straight_link RH (R4),SKU-3343-LH,RH,straight_link,False,20.4,7.3,5.1,0.73,0.76,0.21,R4,R4,6.5,10,7.3,2.1
SKU-3344-LH,Важіль trailing LH (R4),SKU-3344-RH,LH,trailing,False,76.6,7.0,9.0,3.85,4.83,1.84,R4,R4,5.4,9,34.6,16.6
SKU-3344-RH,Важіль trailing RH (R4),SKU-3344-LH,RH,trailing,False,76.6,7.0,9.0,3.85,4.83,1.84,R4,R4,5.4,9,34.6,16.6
SKU-3345-LH,Важіль heavy_integral LH (R4),SKU-3345-RH,LH,heavy_integral,True,57.0,25.6,14.3,7.83,20.87,21.91,R4,R4,6.1,10,78.3,219.1
SKU-3345-RH,Важіль heavy_integral RH (R4),SKU-3345-LH,RH,heavy_integral,True,57.0,25.6,14.3,7.83,20.87,21.91,R4,R4,5.8,9,70.5,197.2
SKU-3346-LH,Важіль straight_link LH (R4),SKU-3346-RH,LH,straight_link,False,28.3,4.6,7.3,0.62,0.95,0.27,R4,R4,4.7,8,5.0,2.2
SKU-3346-RH,Важіль straight_link RH (R4),SKU-3346-LH,RH,straight_link,False,28.3,4.6,7.3,0.62,0.95,0.27,R4,R4,4.9,8,5.0,2.2
SKU-3347-LH,Важіль heavy_integral LH (R4),SKU-3347-RH,LH,heavy_integral,False,61.3,24.3,10.1,9.63,15.04,10.23,R4,R4,5.5,9,86.7,92.1
SKU-3347-RH,Важіль heavy_integral RH (R4),SKU-3347-LH,RH,heavy_integral,False,61.3,24.3,10.1,9.63,15.04,10.23,R4,R4,5.3,8,77.0,81.8
SKU-3348-LH,Важіль straight_link LH (R4),SKU-3348-RH,LH,straight_link,True,18.7,7.1,6.9,0.75,0.92,0.97,R4,R4,5.5,9,6.8,8.7
SKU-3348-RH,Важіль straight_link RH (R4),SKU-3348-LH,RH,straight_link,True,18.7,7.1,6.9,0.75,0.92,0.97,R4,R4,5.7,9,6.8,8.7
SKU-3349-LH,Важіль trailing LH (R4),SKU-3349-RH,LH,trailing,False,77.6,10.3,8.6,2.56,6.87,2.61,R4,R4,6.4,10,25.6,26.1
SKU-3349-RH,Важіль trailing RH (R4),SKU-3349-LH,RH,trailing,False,77.6,10.3,8.6,2.56,6.87,2.61,R4,R4,6.6,10,25.6,26.1
SKU-3350-LH,Важіль curved LH (R4),SKU-3350-RH,LH,curved,False,27.4,17.2,9.1,2.0,4.29,1.8,R4,R4,4.6,7,14.0,12.6
SKU-3350-RH,Важіль curved RH (R4),SKU-3350-LH,RH,curved,False,27.4,17.2,9.1,2.0,4.29,1.8,R4,R4,4.5,7,14.0,12.6
SKU-3351-LH,Важіль straight_link LH (R4),SKU-3351-RH,LH,straight_link,False,19.9,7.3,6.6,0.4,0.96,0.27,R4,R4,6.2,10,4.0,2.7
SKU-3351-RH,Важіль straight_link RH (R4),SKU-3351-LH,RH,straight_link,False,19.9,7.3,6.6,0.4,0.96,0.27,R4,R4,5.8,9,3.6,2.4
SKU-3352-LH,Важіль curved LH (R4),SKU-3352-RH,LH,curved,False,35.7,15.4,9.7,2.37,5.33,2.24,R4,R4,3.8,6,14.2,13.4
SKU-3352-RH,Важіль curved RH (R4),SKU-3352-LH,RH,curved,False,35.7,15.4,9.7,2.37,5.33,2.24,R4,R4,3.5,6,14.2,13.4
SKU-3353-LH,Важіль curved LH (R4),SKU-3353-RH,LH,curved,False,28.3,13.9,7.7,1.95,3.03,1.27,R4,R4,4.7,8,15.6,10.2
SKU-3353-RH,Важіль curved RH (R4),SKU-3353-LH,RH,curved,False,28.3,13.9,7.7,1.95,3.03,1.27,R4,R4,4.8,8,15.6,10.2
SKU-3354-LH,Важіль trailing LH (R4),SKU-3354-RH,LH,trailing,False,53.6,10.4,5.7,2.57,3.18,1.21,R4,R4,5.6,9,23.1,10.9
SKU-3354-RH,Важіль trailing RH (R4),SKU-3354-LH,RH,trailing,False,53.6,10.4,5.7,2.57,3.18,1.21,R4,R4,5.6,9,23.1,10.9
SKU-3355-LH,Важіль curved LH (R4),SKU-3355-RH,LH,curved,False,38.9,17.4,5.8,2.27,3.93,1.65,R4,R4,6.3,10,22.7,16.5
SKU-3355-RH,Важіль curved RH (R4),SKU-3355-LH,RH,curved,False,38.9,17.4,5.8,2.27,3.93,1.65,R4,R4,6.0,9,20.4,14.8
SKU-3356-LH,Важіль trailing LH (R4),SKU-3356-RH,LH,trailing,False,58.3,8.6,8.4,3.02,4.21,1.6,R4,R4,4.9,8,24.2,12.8
SKU-3356-RH,Важіль trailing RH (R4),SKU-3356-LH,RH,trailing,False,58.3,8.6,8.4,3.02,4.21,1.6,R4,R4,4.8,8,24.2,12.8
SKU-3357-LH,Важіль trailing LH (R4),SKU-3357-RH,LH,trailing,False,58.8,9.0,7.3,2.93,3.86,1.47,R4,R4,7.2,11,32.2,16.2
SKU-3357-RH,Важіль trailing RH (R4),SKU-3357-LH,RH,trailing,False,58.8,9.0,7.3,2.93,3.86,1.47,R4,R4,7.1,11,32.2,16.2
SKU-3358-LH,Важіль a_shaped LH (R4),SKU-3358-RH,LH,a_shaped,False,43.4,29.0,9.4,6.08,11.83,6.15,R4,R4,5.0,8,48.6,49.2
SKU-3358-RH,Важіль a_shaped RH (R4),SKU-3358-LH,RH,a_shaped,False,43.4,29.0,9.4,6.08,11.83,6.15,R4,R4,4.7,8,48.6,49.2
SKU-3359-LH,Важіль straight_link LH (R4),SKU-3359-RH,LH,straight_link,False,27.1,5.8,7.1,1.39,1.12,0.31,R4,R4,3.4,6,8.3,1.9
SKU-3359-RH,Важіль straight_link RH (R4),SKU-3359-LH,RH,straight_link,False,27.1,5.8,7.1,1.39,1.12,0.31,R4,R4,3.4,6,8.3,1.9
SKU-3360-LH,Важіль a_shaped LH (R4),SKU-3360-RH,LH,a_shaped,False,42.0,37.7,10.2,5.61,16.15,8.4,R4,R4,6.1,10,56.1,84.0
SKU-3360-RH,Важіль a_shaped RH (R4),SKU-3360-LH,RH,a_shaped,False,42.0,37.7,10.2,5.61,16.15,8.4,R4,R4,6.1,10,56.1,84.0
SKU-3361-LH,Важіль curved LH (R4),SKU-3361-RH,LH,curved,False,32.6,16.5,7.8,3.22,4.2,1.76,R4,R4,6.8,11,35.4,19.4
SKU-3361-RH,Важіль curved RH (R4),SKU-3361-LH,RH,curved,False,32.6,16.5,7.8,3.22,4.2,1.76,R4,R4,6.6,10,32.2,17.6
SKU-3362-LH,Важіль curved LH (R4),SKU-3362-RH,LH,curved,False,32.3,12.8,7.1,1.73,2.94,1.23,R4,R4,4.3,7,12.1,8.6
SKU-3362-RH,Важіль curved RH (R4),SKU-3362-LH,RH,curved,False,32.3,12.8,7.1,1.73,2.94,1.23,R4,R4,4.5,7,12.1,8.6
SKU-3363-LH,Важіль straight_link LH (R4),SKU-3363-RH,LH,straight_link,False,30.6,4.8,4.7,0.92,0.69,0.19,R4,R4,5.5,9,8.3,1.7
SKU-3363-RH,Важіль straight_link RH (R4),SKU-3363-LH,RH,straight_link,False,30.6,4.8,4.7,0.92,0.69,0.19,R4,R4,5.6,9,8.3,1.7
SKU-3364-LH,Важіль heavy_integral LH (R4),SKU-3364-RH,LH,heavy_integral,False,60.6,23.1,14.1,6.89,19.74,13.42,R4,R4,6.5,10,68.9,134.2
SKU-3364-RH,Важіль heavy_integral RH (R4),SKU-3364-LH,RH,heavy_integral,False,60.6,23.1,14.1,6.89,19.74,13.42,R4,R4,6.7,11,75.8,147.6
SKU-3365-LH,Важіль straight_link LH (R4),SKU-3365-RH,LH,straight_link,False,31.5,5.7,6.2,0.73,1.11,0.31,R4,R4,5.7,9,6.6,2.8
SKU-3365-RH,Важіль straight_link RH (R4),SKU-3365-LH,RH,straight_link,False,31.5,5.7,6.2,0.73,1.11,0.31,R4,R4,5.7,9,6.6,2.8
SKU-3366-LH,Важіль straight_link LH (R4),SKU-3366-RH,LH,straight_link,False,18.7,7.1,7.0,0.91,0.93,0.26,R4,R4,4.9,8,7.3,2.1
SKU-3366-RH,Важіль straight_link RH (R4),SKU-3366-LH,RH,straight_link,False,18.7,7.1,7.0,0.91,0.93,0.26,R4,R4,5.2,8,7.3,2.1
SKU-3367-LH,Важіль straight_link LH (R4),SKU-3367-RH,LH,straight_link,False,26.3,6.4,7.3,1.18,1.23,0.34,R4,R4,5.4,9,10.6,3.1
SKU-3367-RH,Важіль straight_link RH (R4),SKU-3367-LH,RH,straight_link,False,26.3,6.4,7.3,1.18,1.23,0.34,R4,R4,5.5,9,10.6,3.1
SKU-3368-LH,Важіль curved LH (R4),SKU-3368-RH,LH,curved,False,40.1,19.0,9.5,2.77,7.24,3.04,R4,R4,4.9,8,22.2,24.3
SKU-3368-RH,Важіль curved RH (R4),SKU-3368-LH,RH,curved,False,40.1,19.0,9.5,2.77,7.24,3.04,R4,R4,5.0,8,22.2,24.3
SKU-3369-LH,Важіль heavy_integral LH (R4),SKU-3369-RH,LH,heavy_integral,False,73.2,17.6,15.6,9.18,20.1,13.67,R4,R4,4.7,8,73.4,109.4
SKU-3369-RH,Важіль heavy_integral RH (R4),SKU-3369-LH,RH,heavy_integral,False,73.2,17.6,15.6,9.18,20.1,13.67,R4,R4,4.8,8,73.4,109.4
SKU-3370-LH,Важіль straight_link LH (R4),SKU-3370-RH,LH,straight_link,False,27.8,4.4,6.9,1.16,0.84,0.24,R4,R4,3.8,6,7.0,1.4
SKU-3370-RH,Важіль straight_link RH (R4),SKU-3370-LH,RH,straight_link,False,27.8,4.4,6.9,1.16,0.84,0.24,R4,R4,3.8,6,7.0,1.4
SKU-3371-LH,Важіль trailing LH (R4),SKU-3371-RH,LH,trailing,False,56.9,6.8,5.9,2.87,2.28,0.87,R4,R4,6.3,10,28.7,8.7
SKU-3371-RH,Важіль trailing RH (R4),SKU-3371-LH,RH,trailing,False,56.9,6.8,5.9,2.87,2.28,0.87,R4,R4,6.4,10,28.7,8.7
SKU-3372-LH,Важіль straight_link LH (R4),SKU-3372-RH,LH,straight_link,True,18.2,6.4,5.0,0.73,0.58,0.61,R4,R4,5.0,8,5.8,4.9
SKU-3372-RH,Важіль straight_link RH (R4),SKU-3372-LH,RH,straight_link,True,18.2,6.4,5.0,0.73,0.58,0.61,R4,R4,5.2,8,5.8,4.9
SKU-3373-LH,Важіль curved LH (R4),SKU-3373-RH,LH,curved,False,36.1,20.0,6.0,3.28,4.33,1.82,R4,R4,5.3,8,26.2,14.6
SKU-3373-RH,Важіль curved RH (R4),SKU-3373-LH,RH,curved,False,36.1,20.0,6.0,3.28,4.33,1.82,R4,R4,5.0,8,26.2,14.6
SKU-3374-LH,Важіль trailing LH (R4),SKU-3374-RH,LH,trailing,False,62.5,9.9,7.4,3.14,4.58,1.74,R4,R4,6.6,10,31.4,17.4
SKU-3374-RH,Важіль trailing RH (R4),SKU-3374-LH,RH,trailing,False,62.5,9.9,7.4,3.14,4.58,1.74,R4,R4,6.5,10,31.4,17.4
SKU-3375-LH,Важіль straight_link LH (R4),SKU-3375-RH,LH,straight_link,False,26.7,5.5,5.7,1.36,0.84,0.24,R4,R4,5.7,9,12.2,2.2
SKU-3375-RH,Важіль straight_link RH (R4),SKU-3375-LH,RH,straight_link,False,26.7,5.5,5.7,1.36,0.84,0.24,R4,R4,5.8,9,12.2,2.2
SKU-3376-LH,Важіль curved LH (R4),SKU-3376-RH,LH,curved,False,37.6,21.0,6.8,2.94,5.37,2.26,R4,R4,5.8,9,26.5,20.3
SKU-3376-RH,Важіль curved RH (R4),SKU-3376-LH,RH,curved,False,37.6,21.0,6.8,2.94,5.37,2.26,R4,R4,5.9,9,26.5,20.3
SKU-3377-LH,Важіль straight_link LH (R4),SKU-3377-RH,LH,straight_link,False,24.7,6.9,6.9,1.25,1.18,0.33,R4,R4,6.2,10,12.5,3.3
SKU-3377-RH,Важіль straight_link RH (R4),SKU-3377-LH,RH,straight_link,False,24.7,6.9,6.9,1.25,1.18,0.33,R4,R4,6.2,10,12.5,3.3
SKU-3378-LH,Важіль curved LH (R4),SKU-3378-RH,LH,curved,False,33.8,13.0,8.0,1.86,3.52,1.48,R4,R4,5.7,9,16.7,13.3
SKU-3378-RH,Важіль curved RH (R4),SKU-3378-LH,RH,curved,False,33.8,13.0,8.0,1.86,3.52,1.48,R4,R4,5.7,9,16.7,13.3
SKU-3379-LH,Важіль trailing LH (R4),SKU-3379-RH,LH,trailing,False,72.2,9.9,7.5,3.86,5.36,2.04,R4,R4,6.1,10,38.6,20.4
SKU-3379-RH,Важіль trailing RH (R4),SKU-3379-LH,RH,trailing,False,72.2,9.9,7.5,3.86,5.36,2.04,R4,R4,6.3,10,38.6,20.4
SKU-3380-LH,Важіль a_shaped LH (R4),SKU-3380-RH,LH,a_shaped,False,51.1,32.4,11.2,3.99,18.54,9.64,R4,R4,5.2,8,31.9,77.1
SKU-3380-RH,Важіль a_shaped RH (R4),SKU-3380-LH,RH,a_shaped,False,51.1,32.4,11.2,3.99,18.54,9.64,R4,R4,5.4,9,35.9,86.8
SKU-3381-LH,Важіль straight_link LH (R4),SKU-3381-RH,LH,straight_link,False,31.5,5.2,7.5,0.86,1.23,0.34,R4,R4,6.3,10,8.6,3.4
SKU-3381-RH,Важіль straight_link RH (R4),SKU-3381-LH,RH,straight_link,False,31.5,5.2,7.5,0.86,1.23,0.34,R4,R4,6.4,10,8.6,3.4
SKU-3382-LH,Важіль a_shaped LH (R4),SKU-3382-RH,LH,a_shaped,False,51.2,36.9,13.4,4.16,25.32,13.17,R4,R4,5.9,9,37.4,118.5
SKU-3382-RH,Важіль a_shaped RH (R4),SKU-3382-LH,RH,a_shaped,False,51.2,36.9,13.4,4.16,25.32,13.17,R4,R4,5.7,9,37.4,118.5
SKU-3383-LH,Важіль a_shaped LH (R4),SKU-3383-RH,LH,a_shaped,False,37.7,37.6,8.1,5.1,11.48,5.97,R4,R4,4.4,7,35.7,41.8
SKU-3383-RH,Важіль a_shaped RH (R4),SKU-3383-LH,RH,a_shaped,False,37.7,37.6,8.1,5.1,11.48,5.97,R4,R4,4.5,7,35.7,41.8
SKU-3384-LH,Важіль straight_link LH (R4),SKU-3384-RH,LH,straight_link,False,25.2,5.6,5.4,1.26,0.76,0.21,R4,R4,4.2,7,8.8,1.5
SKU-3384-RH,Важіль straight_link RH (R4),SKU-3384-LH,RH,straight_link,False,25.2,5.6,5.4,1.26,0.76,0.21,R4,R4,4.4,7,8.8,1.5
SKU-3385-LH,Важіль straight_link LH (R4),SKU-3385-RH,LH,straight_link,False,29.9,5.1,6.5,0.45,0.99,0.28,R4,R4,4.5,7,3.1,2.0
SKU-3385-RH,Важіль straight_link RH (R4),SKU-3385-LH,RH,straight_link,False,29.9,5.1,6.5,0.45,0.99,0.28,R4,R4,4.7,8,3.6,2.2
SKU-3386-LH,Важіль a_shaped LH (R4),SKU-3386-RH,LH,a_shaped,False,43.4,39.2,12.6,6.7,21.44,11.15,R4,R4,6.0,9,60.3,100.4
SKU-3386-RH,Важіль a_shaped RH (R4),SKU-3386-LH,RH,a_shaped,False,43.4,39.2,12.6,6.7,21.44,11.15,R4,R4,6.4,10,67.0,111.5
SKU-3387-LH,Важіль straight_link LH (R4),SKU-3387-RH,LH,straight_link,False,18.2,4.9,7.2,1.33,0.64,0.18,R4,R4,6.4,10,13.3,1.8
SKU-3387-RH,Важіль straight_link RH (R4),SKU-3387-LH,RH,straight_link,False,18.2,4.9,7.2,1.33,0.64,0.18,R4,R4,6.3,10,13.3,1.8
SKU-3388-LH,Важіль trailing LH (R4),SKU-3388-RH,LH,trailing,True,59.5,6.2,5.4,2.56,1.99,2.09,R4,R4,5.2,8,20.5,16.7
SKU-3388-RH,Важіль trailing RH (R4),SKU-3388-LH,RH,trailing,True,59.5,6.2,5.4,2.56,1.99,2.09,R4,R4,5.2,8,20.5,16.7
SKU-3389-LH,Важіль curved LH (R4),SKU-3389-RH,LH,curved,False,40.9,16.0,10.3,2.42,6.74,2.83,R4,R4,4.2,7,16.9,19.8
SKU-3389-RH,Важіль curved RH (R4),SKU-3389-LH,RH,curved,False,40.9,16.0,10.3,2.42,6.74,2.83,R4,R4,4.1,7,16.9,19.8
SKU-3390-LH,Важіль trailing LH (R4),SKU-3390-RH,LH,trailing,False,60.6,9.3,9.0,2.15,5.07,1.93,R4,R4,6.3,10,21.5,19.3
SKU-3390-RH,Важіль trailing RH (R4),SKU-3390-LH,RH,trailing,False,60.6,9.3,9.0,2.15,5.07,1.93,R4,R4,6.5,10,21.5,19.3
SKU-3391-LH,Важіль a_shaped LH (R4),SKU-3391-RH,LH,a_shaped,False,48.1,26.8,11.4,4.54,14.7,7.64,R4,R4,3.6,6,27.2,45.8
SKU-3391-RH,Важіль a_shaped RH (R4),SKU-3391-LH,RH,a_shaped,False,48.1,26.8,11.4,4.54,14.7,7.64,R4,R4,3.5,6,27.2,45.8
SKU-3392-LH,Важіль curved LH (R4),SKU-3392-RH,LH,curved,False,30.4,17.0,9.0,1.63,4.65,1.95,R4,R4,3.9,6,9.8,11.7
SKU-3392-RH,Важіль curved RH (R4),SKU-3392-LH,RH,curved,False,30.4,17.0,9.0,1.63,4.65,1.95,R4,R4,3.9,6,9.8,11.7
SKU-3393-LH,Важіль curved LH (R4),SKU-3393-RH,LH,curved,False,38.6,17.5,7.0,2.86,4.73,1.99,R4,R4,6.4,10,28.6,19.9
SKU-3393-RH,Важіль curved RH (R4),SKU-3393-LH,RH,curved,False,38.6,17.5,7.0,2.86,4.73,1.99,R4,R4,6.5,10,28.6,19.9
SKU-3394-LH,Важіль curved LH (R4),SKU-3394-RH,LH,curved,False,35.1,13.7,9.5,1.97,4.57,1.92,R4,R4,6.3,10,19.7,19.2
SKU-3394-RH,Важіль curved RH (R4),SKU-3394-LH,RH,curved,False,35.1,13.7,9.5,1.97,4.57,1.92,R4,R4,6.3,10,19.7,19.2
SKU-3395-LH,Важіль curved LH (R4),SKU-3395-RH,LH,curved,False,29.1,11.2,9.5,3.2,3.1,1.3,R4,R4,5.4,9,28.8,11.7
SKU-3395-RH,Важіль curved RH (R4),SKU-3395-LH,RH,curved,False,29.1,11.2,9.5,3.2,3.1,1.3,R4,R4,5.8,9,28.8,11.7
SKU-3396-LH,Важіль curved LH (R4),SKU-3396-RH,LH,curved,False,32.9,17.1,9.7,2.93,5.46,2.29,R4,R4,6.7,11,32.2,25.2
SKU-3396-RH,Важіль curved RH (R4),SKU-3396-LH,RH,curved,False,32.9,17.1,9.7,2.93,5.46,2.29,R4,R4,6.9,11,32.2,25.2
SKU-3397-LH,Важіль trailing LH (R4),SKU-3397-RH,LH,trailing,False,75.1,10.4,8.9,3.18,6.95,2.64,R4,R4,6.3,10,31.8,26.4
SKU-3397-RH,Важіль trailing RH (R4),SKU-3397-LH,RH,trailing,False,75.1,10.4,8.9,3.18,6.95,2.64,R4,R4,6.3,10,31.8,26.4
SKU-3398-LH,Важіль a_shaped LH (R4),SKU-3398-RH,LH,a_shaped,False,49.1,41.8,9.1,3.78,18.68,9.71,R4,R4,6.3,10,37.8,97.1
SKU-3398-RH,Важіль a_shaped RH (R4),SKU-3398-LH,RH,a_shaped,False,49.1,41.8,9.1,3.78,18.68,9.71,R4,R4,6.5,10,37.8,97.1
SKU-3399-LH,Важіль curved LH (R4),SKU-3399-RH,LH,curved,False,27.1,15.9,5.5,2.07,2.37,1.0,R4,R4,3.4,6,12.4,6.0
SKU-3399-RH,Важіль curved RH (R4),SKU-3399-LH,RH,curved,False,27.1,15.9,5.5,2.07,2.37,1.0,R4,R4,3.4,6,12.4,6.0
SKU-3400-UNI,Тяга/стійка trailing UNI (R4),,UNI,trailing,False,59.2,8.2,8.6,3.52,4.17,1.58,R4,R4,5.5,9,31.7,14.2
SKU-3401-UNI,Тяга/стійка straight_link UNI (R4),,UNI,straight_link,False,29.6,7.1,6.2,1.29,1.3,0.36,R4,R4,5.1,8,10.3,2.9
SKU-3402-UNI,Тяга/стійка straight_link UNI (R4),,UNI,straight_link,False,30.3,5.9,7.2,0.44,1.29,0.36,R4,R4,4.6,7,3.1,2.5
SKU-3403-UNI,Тяга/стійка straight_link UNI (R4),,UNI,straight_link,False,21.5,7.3,7.3,1.28,1.15,0.32,R4,R4,5.3,8,10.2,2.6
SKU-3404-UNI,Тяга/стійка straight_link UNI (R4),,UNI,straight_link,False,30.2,6.7,6.2,1.38,1.25,0.35,R4,R4,5.7,9,12.4,3.1
SKU-3405-UNI,Тяга/стійка straight_link UNI (R4),,UNI,straight_link,False,18.8,4.5,5.6,0.78,0.47,0.13,R4,R4,6.1,10,7.8,1.3
SKU-3406-UNI,Тяга/стійка straight_link UNI (R4),,UNI,straight_link,False,31.7,5.1,5.5,0.67,0.89,0.25,R4,R4,5.3,8,5.4,2.0
SKU-3407-UNI,Тяга/стійка straight_link UNI (R4),,UNI,straight_link,True,20.1,6.6,4.7,0.64,0.62,0.65,R4,R4,6.2,10,6.4,6.5
SKU-3408-UNI,Тяга/стійка straight_link UNI (R4),,UNI,straight_link,True,24.1,4.1,5.2,1.1,0.51,0.54,R4,R4,3.4,6,6.6,3.2
SKU-3409-UNI,Тяга/стійка straight_link UNI (R4),,UNI,straight_link,False,30.7,4.4,7.5,0.7,1.01,0.28,R4,R4,3.3,5,3.5,1.4
SKU-3410-UNI,Тяга/стійка straight_link UNI (R4),,UNI,straight_link,True,23.7,6.2,5.2,1.24,0.76,0.8,R4,R4,5.9,9,11.2,7.2
SKU-3411-UNI,Тяга/стійка straight_link UNI (R4),,UNI,straight_link,False,28.3,7.3,4.3,0.71,0.89,0.25,R4,R4,4.9,8,5.7,2.0
SKU-3412-UNI,Тяга/стійка straight_link UNI (R4),,UNI,straight_link,False,25.6,5.1,6.3,1.05,0.82,0.23,R4,R4,5.3,8,8.4,1.8
SKU-3413-UNI,Тяга/стійка straight_link UNI (R4),,UNI,straight_link,False,24.7,5.2,5.7,1.32,0.73,0.2,R4,R4,4.9,8,10.6,1.6
SKU-3414-UNI,Тяга/стійка straight_link UNI (R4),,UNI,straight_link,True,24.1,6.9,6.7,0.91,1.11,1.17,R4,R4,4.0,6,5.5,7.0
SKU-3415-UNI,Тяга/стійка straight_link UNI (R4),,UNI,straight_link,False,25.9,7.5,6.3,1.09,1.22,0.34,R4,R4,5.0,8,8.7,2.7
SKU-3416-UNI,Тяга/стійка straight_link UNI (R4),,UNI,straight_link,False,29.4,5.7,7.5,0.86,1.26,0.35,R4,R4,3.3,5,4.3,1.8
SKU-3417-UNI,Тяга/стійка straight_link UNI (R4),,UNI,straight_link,False,18.7,4.9,5.2,1.14,0.48,0.13,R4,R4,5.0,8,9.1,1.0
SKU-3418-UNI,Тяга/стійка trailing UNI (R4),,UNI,trailing,True,68.0,8.1,8.7,3.15,4.79,5.03,R4,R4,5.8,9,28.3,45.3
SKU-3419-UNI,Тяга/стійка straight_link UNI (R4),,UNI,straight_link,False,28.7,6.5,7.2,0.43,1.34,0.38,R4,R4,4.8,8,3.4,3.0
SKU-3420-UNI,Тяга/стійка straight_link UNI (R4),,UNI,straight_link,False,19.3,5.4,7.3,0.84,0.76,0.21,R4,R4,6.9,11,9.2,2.3
SKU-3421-UNI,Тяга/стійка straight_link UNI (R4),,UNI,straight_link,True,28.0,6.0,5.8,1.37,0.97,1.02,R4,R4,3.5,6,8.2,6.1
SKU-3422-UNI,Тяга/стійка straight_link UNI (R4),,UNI,straight_link,False,27.7,4.9,7.2,0.83,0.98,0.27,R4,R4,6.3,10,8.3,2.7
SKU-3423-UNI,Тяга/стійка straight_link UNI (R4),,UNI,straight_link,False,29.9,6.2,4.5,1.05,0.83,0.23,R4,R4,3.8,6,6.3,1.4
SKU-3424-UNI,Тяга/стійка straight_link UNI (R4),,UNI,straight_link,False,20.4,4.1,4.7,0.94,0.39,0.11,R4,R4,4.9,8,7.5,0.9
SKU-3425-UNI,Тяга/стійка straight_link UNI (R4),,UNI,straight_link,False,21.5,6.4,6.5,0.76,0.89,0.25,R4,R4,6.5,10,7.6,2.5
SKU-3426-UNI,Тяга/стійка straight_link UNI (R4),,UNI,straight_link,False,28.0,5.0,4.0,1.27,0.56,0.16,R4,R4,6.3,10,12.7,1.6
SKU-3427-UNI,Тяга/стійка straight_link UNI (R4),,UNI,straight_link,False,23.2,6.3,6.3,1.26,0.92,0.26,R4,R4,3.6,6,7.6,1.6
SKU-3428-UNI,Тяга/стійка trailing UNI (R4),,UNI,trailing,False,54.5,7.9,5.1,3.99,2.2,0.84,R4,R4,5.1,8,31.9,6.7
SKU-3429-UNI,Тяга/стійка trailing UNI (R4),,UNI,trailing,False,53.6,7.1,6.0,2.91,2.28,0.87,R4,R4,6.2,10,29.1,8.7
SKU-3430-UNI,Тяга/стійка straight_link UNI (R4),,UNI,straight_link,False,20.9,4.2,4.3,1.16,0.38,0.11,R4,R4,4.8,8,9.3,0.9
SKU-3431-UNI,Тяга/стійка straight_link UNI (R4),,UNI,straight_link,False,27.6,4.5,4.5,1.16,0.56,0.16,R4,R4,5.9,9,10.4,1.4
SKU-3432-UNI,Тяга/стійка straight_link UNI (R4),,UNI,straight_link,False,19.1,4.0,5.0,0.41,0.38,0.11,R4,R4,3.9,6,2.5,0.7
SKU-3433-UNI,Тяга/стійка straight_link UNI (R4),,UNI,straight_link,False,19.7,4.4,7.1,0.99,0.62,0.17,R4,R4,6.7,11,10.9,1.9
SKU-3434-UNI,Тяга/стійка trailing UNI (R4),,UNI,trailing,False,69.6,7.0,7.5,2.37,3.65,1.39,R4,R4,3.0,5,11.9,6.9
SKU-3435-UNI,Тяга/стійка straight_link UNI (R4),,UNI,straight_link,False,25.8,7.2,5.2,0.73,0.97,0.27,R4,R4,4.6,7,5.1,1.9
SKU-3436-UNI,Тяга/стійка straight_link UNI (R4),,UNI,straight_link,False,25.9,7.2,4.1,1.11,0.76,0.21,R4,R4,4.3,7,7.8,1.5
SKU-3437-UNI,Тяга/стійка straight_link UNI (R4),,UNI,straight_link,False,25.1,5.8,4.5,0.6,0.66,0.18,R4,R4,4.6,7,4.2,1.3
SKU-3438-UNI,Тяга/стійка straight_link UNI (R4),,UNI,straight_link,False,22.4,4.5,4.0,1.37,0.4,0.11,R4,R4,6.8,11,15.1,1.2
SKU-3439-UNI,Тяга/стійка straight_link UNI (R4),,UNI,straight_link,False,31.9,6.4,4.2,0.52,0.86,0.24,R4,R4,6.7,11,5.7,2.6
SKU-3440-UNI,Тяга/стійка straight_link UNI (R4),,UNI,straight_link,False,29.8,7.1,5.6,0.45,1.18,0.33,R4,R4,3.8,6,2.7,2.0
SKU-3441-UNI,Тяга/стійка straight_link UNI (R4),,UNI,straight_link,True,20.6,5.4,4.4,0.57,0.49,0.51,R4,R4,4.8,8,4.6,4.1
SKU-3442-UNI,Тяга/стійка straight_link UNI (R4),,UNI,straight_link,False,24.5,5.5,6.3,1.34,0.85,0.24,R4,R4,3.4,6,8.0,1.4
SKU-3443-UNI,Тяга/стійка straight_link UNI (R4),,UNI,straight_link,True,29.9,5.8,6.7,0.62,1.16,1.22,R4,R4,6.3,10,6.2,12.2
SKU-3444-UNI,Тяга/стійка straight_link UNI (R4),,UNI,straight_link,False,26.9,4.4,7.1,1.19,0.84,0.24,R4,R4,6.0,9,10.7,2.2
SKU-3445-UNI,Тяга/стійка straight_link UNI (R4),,UNI,straight_link,True,29.2,4.5,4.8,0.98,0.63,0.66,R4,R4,4.1,7,6.9,4.6
SKU-3446-UNI,Тяга/стійка straight_link UNI (R4),,UNI,straight_link,False,26.5,4.4,6.3,1.32,0.73,0.2,R4,R4,3.6,6,7.9,1.2
SKU-3447-UNI,Тяга/стійка straight_link UNI (R4),,UNI,straight_link,False,22.8,5.6,5.0,0.75,0.64,0.18,R4,R4,3.1,5,3.8,0.9
SKU-3448-UNI,Тяга/стійка straight_link UNI (R4),,UNI,straight_link,False,26.7,5.8,5.3,0.94,0.82,0.23,R4,R4,4.5,7,6.6,1.6
SKU-3449-UNI,Тяга/стійка straight_link UNI (R4),,UNI,straight_link,False,24.5,5.0,4.6,0.96,0.56,0.16,R4,R4,6.4,10,9.6,1.6
SKU-3450-UNI,Тяга/стійка trailing UNI (R4),,UNI,trailing,False,52.9,7.2,8.9,3.84,3.39,1.29,R4,R4,5.4,9,34.6,11.6
SKU-3451-UNI,Тяга/стійка straight_link UNI (R4),,UNI,straight_link,False,24.2,7.4,5.0,0.64,0.9,0.25,R4,R4,5.6,9,5.8,2.2
SKU-3452-UNI,Тяга/стійка trailing UNI (R4),,UNI,trailing,False,68.3,7.5,7.5,2.68,3.84,1.46,R4,R4,3.2,5,13.4,7.3
SKU-3453-UNI,Тяга/стійка straight_link UNI (R4),,UNI,straight_link,False,30.4,7.4,6.5,1.08,1.46,0.41,R4,R4,5.2,8,8.6,3.3
SKU-3454-UNI,Тяга/стійка straight_link UNI (R4),,UNI,straight_link,False,20.6,5.0,7.1,0.57,0.73,0.2,R4,R4,6.7,11,6.3,2.2
SKU-3455-UNI,Тяга/стійка straight_link UNI (R4),,UNI,straight_link,False,28.0,4.4,4.9,1.36,0.6,0.17,R4,R4,4.1,7,9.5,1.2
SKU-3456-UNI,Тяга/стійка trailing UNI (R4),,UNI,trailing,False,57.1,6.6,5.9,3.45,2.22,0.84,R4,R4,4.8,8,27.6,6.7
SKU-3457-UNI,Тяга/стійка straight_link UNI (R4),,UNI,straight_link,False,19.7,6.8,6.7,0.42,0.9,0.25,R4,R4,4.5,7,2.9,1.8
SKU-3458-UNI,Тяга/стійка trailing UNI (R4),,UNI,trailing,True,72.6,9.7,8.6,2.6,6.06,6.36,R4,R4,4.8,8,20.8,50.9
SKU-3459-UNI,Тяга/стійка straight_link UNI (R4),,UNI,straight_link,False,23.2,5.8,4.2,1.11,0.57,0.16,R4,R4,5.2,8,8.9,1.3
SKU-3460-UNI,Тяга/стійка straight_link UNI (R4),,UNI,straight_link,False,21.8,7.2,7.5,1.32,1.18,0.33,R4,R4,6.1,10,13.2,3.3
SKU-3461-UNI,Тяга/стійка trailing UNI (R4),,UNI,trailing,False,66.9,7.0,7.7,3.6,3.61,1.37,R4,R4,6.9,11,39.6,15.1
SKU-3462-UNI,Тяга/стійка straight_link UNI (R4),,UNI,straight_link,False,21.8,6.4,7.4,0.58,1.03,0.29,R4,R4,4.3,7,4.1,2.0
SKU-3463-UNI,Тяга/стійка straight_link UNI (R4),,UNI,straight_link,False,20.4,4.1,5.2,1.27,0.43,0.12,R4,R4,3.2,5,6.3,0.6
SKU-3464-UNI,Тяга/стійка trailing UNI (R4),,UNI,trailing,False,71.8,10.8,8.9,2.99,6.9,2.62,R4,R4,6.8,11,32.9,28.8
SKU-3465-UNI,Тяга/стійка straight_link UNI (R4),,UNI,straight_link,True,28.4,6.2,4.9,0.91,0.86,0.9,R4,R4,3.5,6,5.5,5.4
SKU-3466-UNI,Тяга/стійка trailing UNI (R4),,UNI,trailing,False,61.3,9.1,5.6,2.53,3.12,1.19,R4,R4,7.0,11,27.8,13.1
SKU-3467-UNI,Тяга/стійка straight_link UNI (R4),,UNI,straight_link,False,31.5,5.0,4.6,0.9,0.72,0.2,R4,R4,5.0,8,7.2,1.6
SKU-3468-UNI,Тяга/стійка straight_link UNI (R4),,UNI,straight_link,False,28.3,5.3,4.7,0.73,0.7,0.2,R4,R4,5.3,8,5.8,1.6
SKU-3469-UNI,Тяга/стійка trailing UNI (R4),,UNI,trailing,False,64.5,8.6,5.6,4.02,3.11,1.18,R4,R4,6.7,11,44.2,13.0
SKU-3470-UNI,Тяга/стійка straight_link UNI (R4),,UNI,straight_link,False,18.2,5.9,6.2,1.39,0.67,0.19,R4,R4,7.0,11,15.3,2.1
SKU-3471-UNI,Тяга/стійка straight_link UNI (R4),,UNI,straight_link,False,18.9,7.3,6.1,1.2,0.84,0.24,R4,R4,4.6,7,8.4,1.7
SKU-3472-UNI,Тяга/стійка straight_link UNI (R4),,UNI,straight_link,False,24.5,4.5,5.2,1.26,0.57,0.16,R4,R4,3.2,5,6.3,0.8
SKU-3473-UNI,Тяга/стійка straight_link UNI (R4),,UNI,straight_link,False,19.8,5.4,7.5,0.57,0.8,0.22,R4,R4,3.6,6,3.4,1.3
SKU-3474-UNI,Тяга/стійка straight_link UNI (R4),,UNI,straight_link,False,30.3,4.1,6.6,1.06,0.82,0.23,R4,R4,6.1,10,10.6,2.3
SKU-3475-UNI,Тяга/стійка straight_link UNI (R4),,UNI,straight_link,False,31.9,4.2,4.8,0.8,0.64,0.18,R4,R4,4.8,8,6.4,1.4
SKU-3476-UNI,Тяга/стійка straight_link UNI (R4),,UNI,straight_link,False,25.8,4.2,5.4,0.82,0.59,0.17,R4,R4,6.9,11,9.0,1.9
SKU-3477-UNI,Тяга/стійка straight_link UNI (R4),,UNI,straight_link,False,26.9,6.5,6.7,1.04,1.17,0.33,R4,R4,3.9,6,6.2,2.0
SKU-3478-UNI,Тяга/стійка straight_link UNI (R4),,UNI,straight_link,False,28.2,6.6,7.5,1.2,1.4,0.39,R4,R4,6.3,10,12.0,3.9
SKU-3479-UNI,Тяга/стійка straight_link UNI (R4),,UNI,straight_link,False,20.1,5.7,6.0,0.73,0.69,0.19,R4,R4,6.4,10,7.3,1.9
SKU-3480-UNI,Тяга/стійка straight_link UNI (R4),,UNI,straight_link,False,28.1,7.5,4.9,1.14,1.03,0.29,R4,R4,5.2,8,9.1,2.3
SKU-3481-UNI,Тяга/стійка straight_link UNI (R4),,UNI,straight_link,False,20.2,7.1,6.1,1.22,0.87,0.24,R4,R4,5.2,8,9.8,1.9
SKU-3482-UNI,Тяга/стійка straight_link UNI (R4),,UNI,straight_link,False,22.7,5.3,7.4,0.41,0.89,0.25,R4,R4,6.9,11,4.5,2.8
SKU-3483-UNI,Тяга/стійка straight_link UNI (R4),,UNI,straight_link,False,31.9,5.7,7.4,0.8,1.35,0.38,R4,R4,3.1,5,4.0,1.9
SKU-3484-UNI,Тяга/стійка straight_link UNI (R4),,UNI,straight_link,False,31.2,4.0,5.9,0.48,0.74,0.21,R4,R4,4.1,7,3.4,1.5
SKU-3485-UNI,Тяга/стійка straight_link UNI (R4),,UNI,straight_link,True,30.0,6.1,7.2,1.09,1.32,1.39,R4,R4,6.9,11,12.0,15.3
SKU-3486-UNI,Тяга/стійка trailing UNI (R4),,UNI,trailing,False,68.6,8.9,6.9,3.88,4.21,1.6,R4,R4,5.6,9,34.9,14.4
SKU-3487-UNI,Тяга/стійка trailing UNI (R4),,UNI,trailing,False,72.4,7.0,7.6,2.52,3.85,1.46,R4,R4,5.3,8,20.2,11.7
SKU-3488-UNI,Тяга/стійка straight_link UNI (R4),,UNI,straight_link,False,32.0,4.1,4.3,0.48,0.56,0.16,R4,R4,4.6,7,3.4,1.1
SKU-3489-UNI,Тяга/стійка straight_link UNI (R4),,UNI,straight_link,False,29.8,6.6,7.1,0.72,1.4,0.39,R4,R4,3.4,6,4.3,2.3
SKU-3490-UNI,Тяга/стійка trailing UNI (R4),,UNI,trailing,True,74.2,9.7,7.8,2.81,5.61,5.89,R4,R4,4.5,7,19.7,41.2
SKU-3491-UNI,Тяга/стійка straight_link UNI (R4),,UNI,straight_link,False,18.9,6.7,5.1,0.44,0.65,0.18,R4,R4,6.0,9,4.0,1.6
SKU-3492-UNI,Тяга/стійка trailing UNI (R4),,UNI,trailing,False,70.8,9.5,7.1,3.73,4.78,1.82,R4,R4,5.3,8,29.8,14.6
SKU-3493-UNI,Тяга/стійка trailing UNI (R4),,UNI,trailing,False,71.1,8.9,5.1,3.99,3.23,1.23,R4,R4,5.2,8,31.9,9.8
SKU-3494-UNI,Тяга/стійка trailing UNI (R4),,UNI,trailing,False,75.0,8.2,7.0,2.97,4.3,1.63,R4,R4,4.8,8,23.8,13.0
SKU-3495-UNI,Тяга/стійка straight_link UNI (R4),,UNI,straight_link,False,29.0,4.4,6.1,1.4,0.78,0.22,R4,R4,5.4,9,12.6,2.0
SKU-3496-UNI,Тяга/стійка trailing UNI (R4),,UNI,trailing,False,72.0,7.8,6.5,3.62,3.65,1.39,R4,R4,5.0,8,29.0,11.1
SKU-3497-UNI,Тяга/стійка straight_link UNI (R4),,UNI,straight_link,False,28.0,6.7,5.0,0.55,0.94,0.26,R4,R4,4.2,7,3.9,1.8
SKU-3498-UNI,Тяга/стійка straight_link UNI (R4),,UNI,straight_link,False,22.8,6.0,4.2,0.91,0.57,0.16,R4,R4,4.5,7,6.4,1.1
SKU-3499-UNI,Тяга/стійка trailing UNI (R4),,UNI,trailing,False,63.0,7.4,8.6,2.49,4.01,1.52,R4,R4,5.7,9,22.4,13.7
SKU-3500-LH,Важіль a_shaped LH (R5),SKU-3500-RH,LH,a_shaped,False,44.6,40.0,8.0,5.18,14.27,7.42,R5,R5,1.4,3,15.5,22.3
SKU-3500-RH,Важіль a_shaped RH (R5),SKU-3500-LH,RH,a_shaped,False,44.6,40.0,8.0,5.18,14.27,7.42,R5,R5,1.5,3,15.5,22.3
SKU-3501-LH,Важіль curved LH (R5),SKU-3501-RH,LH,curved,False,36.7,21.3,5.5,2.19,4.3,1.81,R5,R5,1.4,3,6.6,5.4
SKU-3501-RH,Важіль curved RH (R5),SKU-3501-LH,RH,curved,False,36.7,21.3,5.5,2.19,4.3,1.81,R5,R5,1.5,3,6.6,5.4
SKU-3502-LH,Важіль curved LH (R5),SKU-3502-RH,LH,curved,False,26.4,18.5,10.3,2.53,5.03,2.11,R5,R5,1.5,3,7.6,6.3
SKU-3502-RH,Важіль curved RH (R5),SKU-3502-LH,RH,curved,False,26.4,18.5,10.3,2.53,5.03,2.11,R5,R5,1.5,3,7.6,6.3
SKU-3503-LH,Важіль curved LH (R5),SKU-3503-RH,LH,curved,False,32.9,21.1,8.1,1.95,5.62,2.36,R5,R5,1.3,2,3.9,4.7
SKU-3503-RH,Важіль curved RH (R5),SKU-3503-LH,RH,curved,False,32.9,21.1,8.1,1.95,5.62,2.36,R5,R5,1.3,2,3.9,4.7
SKU-3504-LH,Важіль trailing LH (R5),SKU-3504-RH,LH,trailing,False,62.2,8.8,6.0,2.27,3.28,1.25,R5,R5,1.0,2,4.5,2.5
SKU-3504-RH,Важіль trailing RH (R5),SKU-3504-LH,RH,trailing,False,62.2,8.8,6.0,2.27,3.28,1.25,R5,R5,1.0,2,4.5,2.5
SKU-3505-LH,Важіль trailing LH (R5),SKU-3505-RH,LH,trailing,False,72.1,9.6,7.4,3.89,5.12,1.95,R5,R5,1.3,2,7.8,3.9
SKU-3505-RH,Важіль trailing RH (R5),SKU-3505-LH,RH,trailing,False,72.1,9.6,7.4,3.89,5.12,1.95,R5,R5,1.3,2,7.8,3.9
SKU-3506-LH,Важіль curved LH (R5),SKU-3506-RH,LH,curved,False,32.5,11.2,10.9,1.85,3.97,1.67,R5,R5,1.3,2,3.7,3.3
SKU-3506-RH,Важіль curved RH (R5),SKU-3506-LH,RH,curved,False,32.5,11.2,10.9,1.85,3.97,1.67,R5,R5,1.3,2,3.7,3.3
SKU-3507-LH,Важіль curved LH (R5),SKU-3507-RH,LH,curved,False,26.7,13.5,10.2,2.21,3.68,1.55,R5,R5,1.1,2,4.4,3.1
SKU-3507-RH,Важіль curved RH (R5),SKU-3507-LH,RH,curved,False,26.7,13.5,10.2,2.21,3.68,1.55,R5,R5,1.2,2,4.4,3.1
SKU-3508-LH,Важіль a_shaped LH (R5),SKU-3508-RH,LH,a_shaped,False,40.5,41.5,8.4,5.24,14.12,7.34,R5,R5,1.3,2,10.5,14.7
SKU-3508-RH,Важіль a_shaped RH (R5),SKU-3508-LH,RH,a_shaped,False,40.5,41.5,8.4,5.24,14.12,7.34,R5,R5,1.3,2,10.5,14.7
SKU-3509-LH,Важіль straight_link LH (R5),SKU-3509-RH,LH,straight_link,False,22.4,5.4,4.8,1.29,0.58,0.16,R5,R5,1.9,3,3.9,0.5
SKU-3509-RH,Важіль straight_link RH (R5),SKU-3509-LH,RH,straight_link,False,22.4,5.4,4.8,1.29,0.58,0.16,R5,R5,1.9,3,3.9,0.5
SKU-3510-LH,Важіль curved LH (R5),SKU-3510-RH,LH,curved,False,33.0,17.6,7.3,2.24,4.24,1.78,R5,R5,1.0,2,4.5,3.6
SKU-3510-RH,Важіль curved RH (R5),SKU-3510-LH,RH,curved,False,33.0,17.6,7.3,2.24,4.24,1.78,R5,R5,1.0,2,4.5,3.6
SKU-3511-LH,Важіль trailing LH (R5),SKU-3511-RH,LH,trailing,False,70.7,8.7,6.1,4.2,3.75,1.43,R5,R5,1.6,3,12.6,4.3
SKU-3511-RH,Важіль trailing RH (R5),SKU-3511-LH,RH,trailing,False,70.7,8.7,6.1,4.2,3.75,1.43,R5,R5,1.6,3,12.6,4.3
SKU-3512-LH,Важіль heavy_integral LH (R5),SKU-3512-RH,LH,heavy_integral,False,50.3,18.2,15.3,10.05,14.01,9.53,R5,R5,1.7,3,30.2,28.6
SKU-3512-RH,Важіль heavy_integral RH (R5),SKU-3512-LH,RH,heavy_integral,False,50.3,18.2,15.3,10.05,14.01,9.53,R5,R5,1.7,3,30.2,28.6
SKU-3513-LH,Важіль trailing LH (R5),SKU-3513-RH,LH,trailing,False,71.3,9.0,6.2,4.04,3.98,1.51,R5,R5,1.6,3,12.1,4.5
SKU-3513-RH,Важіль trailing RH (R5),SKU-3513-LH,RH,trailing,False,71.3,9.0,6.2,4.04,3.98,1.51,R5,R5,1.5,3,12.1,4.5
SKU-3514-LH,Важіль heavy_integral LH (R5),SKU-3514-RH,LH,heavy_integral,False,78.0,16.5,14.1,8.27,18.15,12.34,R5,R5,1.7,3,24.8,37.0
SKU-3514-RH,Важіль heavy_integral RH (R5),SKU-3514-LH,RH,heavy_integral,False,78.0,16.5,14.1,8.27,18.15,12.34,R5,R5,1.7,3,24.8,37.0
SKU-3515-LH,Важіль trailing LH (R5),SKU-3515-RH,LH,trailing,False,66.9,6.5,5.8,4.2,2.52,0.96,R5,R5,1.2,2,8.4,1.9
SKU-3515-RH,Важіль trailing RH (R5),SKU-3515-LH,RH,trailing,False,66.9,6.5,5.8,4.2,2.52,0.96,R5,R5,1.2,2,8.4,1.9
SKU-3516-LH,Важіль straight_link LH (R5),SKU-3516-RH,LH,straight_link,False,28.6,6.1,4.0,1.28,0.7,0.2,R5,R5,1.5,3,3.8,0.6
SKU-3516-RH,Важіль straight_link RH (R5),SKU-3516-LH,RH,straight_link,False,28.6,6.1,4.0,1.28,0.7,0.2,R5,R5,1.4,3,3.8,0.6
SKU-3517-LH,Важіль a_shaped LH (R5),SKU-3517-RH,LH,a_shaped,False,37.1,37.9,9.7,4.72,13.64,7.09,R5,R5,1.1,2,9.4,14.2
SKU-3517-RH,Важіль a_shaped RH (R5),SKU-3517-LH,RH,a_shaped,False,37.1,37.9,9.7,4.72,13.64,7.09,R5,R5,1.1,2,9.4,14.2
SKU-3518-LH,Важіль a_shaped LH (R5),SKU-3518-RH,LH,a_shaped,False,50.3,31.9,12.8,3.86,20.54,10.68,R5,R5,1.6,3,11.6,32.0
SKU-3518-RH,Важіль a_shaped RH (R5),SKU-3518-LH,RH,a_shaped,False,50.3,31.9,12.8,3.86,20.54,10.68,R5,R5,1.7,3,11.6,32.0
SKU-3519-LH,Важіль a_shaped LH (R5),SKU-3519-RH,LH,a_shaped,False,43.3,38.4,8.5,5.4,14.13,7.35,R5,R5,1.1,2,10.8,14.7
SKU-3519-RH,Важіль a_shaped RH (R5),SKU-3519-LH,RH,a_shaped,False,43.3,38.4,8.5,5.4,14.13,7.35,R5,R5,1.1,2,10.8,14.7
SKU-3520-LH,Важіль curved LH (R5),SKU-3520-RH,LH,curved,False,33.8,19.0,8.1,1.76,5.2,2.18,R5,R5,1.8,3,5.3,6.5
SKU-3520-RH,Важіль curved RH (R5),SKU-3520-LH,RH,curved,False,33.8,19.0,8.1,1.76,5.2,2.18,R5,R5,1.8,3,5.3,6.5
SKU-3521-LH,Важіль curved LH (R5),SKU-3521-RH,LH,curved,False,38.1,19.0,5.9,1.9,4.27,1.79,R5,R5,1.1,2,3.8,3.6
SKU-3521-RH,Важіль curved RH (R5),SKU-3521-LH,RH,curved,False,38.1,19.0,5.9,1.9,4.27,1.79,R5,R5,1.1,2,3.8,3.6
SKU-3522-LH,Важіль trailing LH (R5),SKU-3522-RH,LH,trailing,False,63.2,9.6,7.8,2.53,4.73,1.8,R5,R5,1.1,2,5.1,3.6
SKU-3522-RH,Важіль trailing RH (R5),SKU-3522-LH,RH,trailing,False,63.2,9.6,7.8,2.53,4.73,1.8,R5,R5,1.1,2,5.1,3.6
SKU-3523-LH,Важіль straight_link LH (R5),SKU-3523-RH,LH,straight_link,False,23.0,7.1,5.3,1.09,0.87,0.24,R5,R5,1.5,3,3.3,0.7
SKU-3523-RH,Важіль straight_link RH (R5),SKU-3523-LH,RH,straight_link,False,23.0,7.1,5.3,1.09,0.87,0.24,R5,R5,1.5,3,3.3,0.7
SKU-3524-LH,Важіль curved LH (R5),SKU-3524-RH,LH,curved,True,31.9,18.9,6.0,2.69,3.62,3.8,R5,R5,1.3,2,5.4,7.6
SKU-3524-RH,Важіль curved RH (R5),SKU-3524-LH,RH,curved,True,31.9,18.9,6.0,2.69,3.62,3.8,R5,R5,1.3,2,5.4,7.6
SKU-3525-LH,Важіль straight_link LH (R5),SKU-3525-RH,LH,straight_link,False,25.3,5.0,6.8,0.59,0.86,0.24,R5,R5,1.3,2,1.2,0.5
SKU-3525-RH,Важіль straight_link RH (R5),SKU-3525-LH,RH,straight_link,False,25.3,5.0,6.8,0.59,0.86,0.24,R5,R5,1.3,2,1.2,0.5
SKU-3526-LH,Важіль trailing LH (R5),SKU-3526-RH,LH,trailing,False,69.0,8.1,5.4,4.01,3.02,1.15,R5,R5,1.5,3,12.0,3.4
SKU-3526-RH,Важіль trailing RH (R5),SKU-3526-LH,RH,trailing,False,69.0,8.1,5.4,4.01,3.02,1.15,R5,R5,1.5,3,12.0,3.4
SKU-3527-LH,Важіль straight_link LH (R5),SKU-3527-RH,LH,straight_link,False,19.9,5.4,4.8,0.64,0.52,0.15,R5,R5,1.9,3,1.9,0.4
SKU-3527-RH,Важіль straight_link RH (R5),SKU-3527-LH,RH,straight_link,False,19.9,5.4,4.8,0.64,0.52,0.15,R5,R5,1.9,3,1.9,0.4
SKU-3528-LH,Важіль trailing LH (R5),SKU-3528-RH,LH,trailing,False,76.7,6.6,8.3,3.33,4.2,1.6,R5,R5,1.1,2,6.7,3.2
SKU-3528-RH,Важіль trailing RH (R5),SKU-3528-LH,RH,trailing,False,76.7,6.6,8.3,3.33,4.2,1.6,R5,R5,1.1,2,6.7,3.2
SKU-3529-LH,Важіль a_shaped LH (R5),SKU-3529-RH,LH,a_shaped,False,39.9,34.6,12.5,5.04,17.26,8.98,R5,R5,1.9,3,15.1,26.9
SKU-3529-RH,Важіль a_shaped RH (R5),SKU-3529-LH,RH,a_shaped,False,39.9,34.6,12.5,5.04,17.26,8.98,R5,R5,1.9,3,15.1,26.9
SKU-3530-LH,Важіль trailing LH (R5),SKU-3530-RH,LH,trailing,False,54.0,6.0,6.5,3.36,2.11,0.8,R5,R5,1.6,3,10.1,2.4
SKU-3530-RH,Важіль trailing RH (R5),SKU-3530-LH,RH,trailing,False,54.0,6.0,6.5,3.36,2.11,0.8,R5,R5,1.6,3,10.1,2.4
SKU-3531-LH,Важіль curved LH (R5),SKU-3531-RH,LH,curved,False,39.6,20.4,9.0,2.8,7.27,3.05,R5,R5,1.6,3,8.4,9.1
SKU-3531-RH,Важіль curved RH (R5),SKU-3531-LH,RH,curved,False,39.6,20.4,9.0,2.8,7.27,3.05,R5,R5,1.6,3,8.4,9.1
SKU-3532-LH,Важіль curved LH (R5),SKU-3532-RH,LH,curved,False,34.6,10.2,10.7,3.12,3.78,1.59,R5,R5,1.3,2,6.2,3.2
SKU-3532-RH,Важіль curved RH (R5),SKU-3532-LH,RH,curved,False,34.6,10.2,10.7,3.12,3.78,1.59,R5,R5,1.3,2,6.2,3.2
SKU-3533-LH,Важіль curved LH (R5),SKU-3533-RH,LH,curved,False,34.0,15.5,7.5,3.1,3.95,1.66,R5,R5,1.3,2,6.2,3.3
SKU-3533-RH,Важіль curved RH (R5),SKU-3533-LH,RH,curved,False,34.0,15.5,7.5,3.1,3.95,1.66,R5,R5,1.3,2,6.2,3.3
SKU-3534-LH,Важіль trailing LH (R5),SKU-3534-RH,LH,trailing,True,62.6,9.6,5.8,3.46,3.49,3.66,R5,R5,1.7,3,10.4,11.0
SKU-3534-RH,Важіль trailing RH (R5),SKU-3534-LH,RH,trailing,True,62.6,9.6,5.8,3.46,3.49,3.66,R5,R5,1.7,3,10.4,11.0
SKU-3535-LH,Важіль curved LH (R5),SKU-3535-RH,LH,curved,False,33.5,14.0,8.7,3.36,4.08,1.71,R5,R5,1.4,3,10.1,5.1
SKU-3535-RH,Важіль curved RH (R5),SKU-3535-LH,RH,curved,False,33.5,14.0,8.7,3.36,4.08,1.71,R5,R5,1.4,3,10.1,5.1
SKU-3536-LH,Важіль straight_link LH (R5),SKU-3536-RH,LH,straight_link,True,25.7,5.2,4.4,0.87,0.59,0.62,R5,R5,1.0,2,1.7,1.2
SKU-3536-RH,Важіль straight_link RH (R5),SKU-3536-LH,RH,straight_link,True,25.7,5.2,4.4,0.87,0.59,0.62,R5,R5,1.0,2,1.7,1.2
SKU-3537-LH,Важіль straight_link LH (R5),SKU-3537-RH,LH,straight_link,True,29.5,7.2,4.7,0.94,1.0,1.05,R5,R5,1.3,2,1.9,2.1
SKU-3537-RH,Важіль straight_link RH (R5),SKU-3537-LH,RH,straight_link,True,29.5,7.2,4.7,0.94,1.0,1.05,R5,R5,1.3,2,1.9,2.1
SKU-3538-LH,Важіль a_shaped LH (R5),SKU-3538-RH,LH,a_shaped,False,47.2,28.0,7.4,6.06,9.78,5.09,R5,R5,1.7,3,18.2,15.3
SKU-3538-RH,Важіль a_shaped RH (R5),SKU-3538-LH,RH,a_shaped,False,47.2,28.0,7.4,6.06,9.78,5.09,R5,R5,1.7,3,18.2,15.3
SKU-3539-LH,Важіль curved LH (R5),SKU-3539-RH,LH,curved,False,33.0,14.7,8.0,2.55,3.88,1.63,R5,R5,1.7,3,7.6,4.9
SKU-3539-RH,Важіль curved RH (R5),SKU-3539-LH,RH,curved,False,33.0,14.7,8.0,2.55,3.88,1.63,R5,R5,1.7,3,7.6,4.9
SKU-3540-LH,Важіль straight_link LH (R5),SKU-3540-RH,LH,straight_link,False,23.2,5.9,5.6,1.29,0.77,0.22,R5,R5,1.8,3,3.9,0.7
SKU-3540-RH,Важіль straight_link RH (R5),SKU-3540-LH,RH,straight_link,False,23.2,5.9,5.6,1.29,0.77,0.22,R5,R5,1.7,3,3.9,0.7
SKU-3541-LH,Важіль a_shaped LH (R5),SKU-3541-RH,LH,a_shaped,False,46.2,41.4,8.3,3.77,15.88,8.26,R5,R5,1.6,3,11.3,24.8
SKU-3541-RH,Важіль a_shaped RH (R5),SKU-3541-LH,RH,a_shaped,False,46.2,41.4,8.3,3.77,15.88,8.26,R5,R5,1.6,3,11.3,24.8
SKU-3542-LH,Важіль trailing LH (R5),SKU-3542-RH,LH,trailing,False,65.6,9.2,6.3,3.6,3.8,1.44,R5,R5,2.0,3,10.8,4.3
SKU-3542-RH,Важіль trailing RH (R5),SKU-3542-LH,RH,trailing,False,65.6,9.2,6.3,3.6,3.8,1.44,R5,R5,1.9,3,10.8,4.3
SKU-3543-LH,Важіль straight_link LH (R5),SKU-3543-RH,LH,straight_link,False,23.2,5.4,4.4,1.16,0.55,0.15,R5,R5,1.4,3,3.5,0.4
SKU-3543-RH,Важіль straight_link RH (R5),SKU-3543-LH,RH,straight_link,False,23.2,5.4,4.4,1.16,0.55,0.15,R5,R5,1.4,3,3.5,0.4
SKU-3544-LH,Важіль heavy_integral LH (R5),SKU-3544-RH,LH,heavy_integral,True,81.6,23.1,14.2,7.87,26.77,28.11,R5,R5,1.5,3,23.6,84.3
SKU-3544-RH,Важіль heavy_integral RH (R5),SKU-3544-LH,RH,heavy_integral,True,81.6,23.1,14.2,7.87,26.77,28.11,R5,R5,1.5,3,23.6,84.3
SKU-3545-LH,Важіль straight_link LH (R5),SKU-3545-RH,LH,straight_link,False,26.7,5.0,4.1,0.95,0.55,0.15,R5,R5,1.6,3,2.8,0.4
SKU-3545-RH,Важіль straight_link RH (R5),SKU-3545-LH,RH,straight_link,False,26.7,5.0,4.1,0.95,0.55,0.15,R5,R5,1.5,3,2.8,0.4
SKU-3546-LH,Важіль curved LH (R5),SKU-3546-RH,LH,curved,False,35.8,11.4,8.1,2.5,3.31,1.39,R5,R5,1.1,2,5.0,2.8
SKU-3546-RH,Важіль curved RH (R5),SKU-3546-LH,RH,curved,False,35.8,11.4,8.1,2.5,3.31,1.39,R5,R5,1.1,2,5.0,2.8
SKU-3547-LH,Важіль straight_link LH (R5),SKU-3547-RH,LH,straight_link,False,20.8,7.0,5.2,1.35,0.76,0.21,R5,R5,1.1,2,2.7,0.4
SKU-3547-RH,Важіль straight_link RH (R5),SKU-3547-LH,RH,straight_link,False,20.8,7.0,5.2,1.35,0.76,0.21,R5,R5,1.1,2,2.7,0.4
SKU-3548-LH,Важіль curved LH (R5),SKU-3548-RH,LH,curved,False,38.3,17.5,5.1,2.7,3.42,1.44,R5,R5,1.5,3,8.1,4.3
SKU-3548-RH,Важіль curved RH (R5),SKU-3548-LH,RH,curved,False,38.3,17.5,5.1,2.7,3.42,1.44,R5,R5,1.6,3,8.1,4.3
SKU-3549-LH,Важіль straight_link LH (R5),SKU-3549-RH,LH,straight_link,False,22.1,5.9,5.1,1.18,0.66,0.18,R5,R5,1.9,3,3.5,0.5
SKU-3549-RH,Важіль straight_link RH (R5),SKU-3549-LH,RH,straight_link,False,22.1,5.9,5.1,1.18,0.66,0.18,R5,R5,2.0,3,3.5,0.5
SKU-3550-LH,Важіль heavy_integral LH (R5),SKU-3550-RH,LH,heavy_integral,False,62.7,25.4,14.1,8.21,22.46,15.27,R5,R5,1.6,3,24.6,45.8
SKU-3550-RH,Важіль heavy_integral RH (R5),SKU-3550-LH,RH,heavy_integral,False,62.7,25.4,14.1,8.21,22.46,15.27,R5,R5,1.6,3,24.6,45.8
SKU-3551-LH,Важіль trailing LH (R5),SKU-3551-RH,LH,trailing,False,69.6,10.1,6.1,3.24,4.29,1.63,R5,R5,1.9,3,9.7,4.9
SKU-3551-RH,Важіль trailing RH (R5),SKU-3551-LH,RH,trailing,False,69.6,10.1,6.1,3.24,4.29,1.63,R5,R5,1.9,3,9.7,4.9
SKU-3552-LH,Важіль curved LH (R5),SKU-3552-RH,LH,curved,False,32.2,11.9,10.3,3.38,3.95,1.66,R5,R5,1.6,3,10.1,5.0
SKU-3552-RH,Важіль curved RH (R5),SKU-3552-LH,RH,curved,False,32.2,11.9,10.3,3.38,3.95,1.66,R5,R5,1.6,3,10.1,5.0
SKU-3553-LH,Важіль trailing LH (R5),SKU-3553-RH,LH,trailing,False,53.1,6.8,5.3,2.12,1.91,0.73,R5,R5,1.3,2,4.2,1.5
SKU-3553-RH,Важіль trailing RH (R5),SKU-3553-LH,RH,trailing,False,53.1,6.8,5.3,2.12,1.91,0.73,R5,R5,1.3,2,4.2,1.5
SKU-3554-LH,Важіль trailing LH (R5),SKU-3554-RH,LH,trailing,True,65.8,7.4,8.2,2.12,3.99,4.19,R5,R5,1.9,3,6.4,12.6
SKU-3554-RH,Важіль trailing RH (R5),SKU-3554-LH,RH,trailing,True,65.8,7.4,8.2,2.12,3.99,4.19,R5,R5,1.9,3,6.4,12.6
SKU-3555-LH,Важіль heavy_integral LH (R5),SKU-3555-RH,LH,heavy_integral,False,79.9,18.1,18.0,9.53,26.03,17.7,R5,R5,1.7,3,28.6,53.1
SKU-3555-RH,Важіль heavy_integral RH (R5),SKU-3555-LH,RH,heavy_integral,False,79.9,18.1,18.0,9.53,26.03,17.7,R5,R5,1.7,3,28.6,53.1
SKU-3556-LH,Важіль straight_link LH (R5),SKU-3556-RH,LH,straight_link,False,26.7,6.5,4.3,0.76,0.75,0.21,R5,R5,1.4,3,2.3,0.6
SKU-3556-RH,Важіль straight_link RH (R5),SKU-3556-LH,RH,straight_link,False,26.7,6.5,4.3,0.76,0.75,0.21,R5,R5,1.4,3,2.3,0.6
SKU-3557-LH,Важіль trailing LH (R5),SKU-3557-RH,LH,trailing,False,61.5,8.5,5.3,4.09,2.77,1.05,R5,R5,1.8,3,12.3,3.2
SKU-3557-RH,Важіль trailing RH (R5),SKU-3557-LH,RH,trailing,False,61.5,8.5,5.3,4.09,2.77,1.05,R5,R5,1.7,3,12.3,3.2
SKU-3558-LH,Важіль trailing LH (R5),SKU-3558-RH,LH,trailing,False,65.8,10.9,8.0,3.31,5.74,2.18,R5,R5,1.8,3,9.9,6.5
SKU-3558-RH,Важіль trailing RH (R5),SKU-3558-LH,RH,trailing,False,65.8,10.9,8.0,3.31,5.74,2.18,R5,R5,1.8,3,9.9,6.5
SKU-3559-LH,Важіль curved LH (R5),SKU-3559-RH,LH,curved,False,27.6,11.4,9.5,2.09,2.99,1.26,R5,R5,1.7,3,6.3,3.8
SKU-3559-RH,Важіль curved RH (R5),SKU-3559-LH,RH,curved,False,27.6,11.4,9.5,2.09,2.99,1.26,R5,R5,1.6,3,6.3,3.8
SKU-3560-LH,Важіль straight_link LH (R5),SKU-3560-RH,LH,straight_link,False,19.5,4.5,4.2,0.49,0.37,0.1,R5,R5,1.4,3,1.5,0.3
SKU-3560-RH,Важіль straight_link RH (R5),SKU-3560-LH,RH,straight_link,False,19.5,4.5,4.2,0.49,0.37,0.1,R5,R5,1.5,3,1.5,0.3
SKU-3561-LH,Важіль curved LH (R5),SKU-3561-RH,LH,curved,False,38.6,16.4,5.6,2.88,3.55,1.49,R5,R5,1.3,2,5.8,3.0
SKU-3561-RH,Важіль curved RH (R5),SKU-3561-LH,RH,curved,False,38.6,16.4,5.6,2.88,3.55,1.49,R5,R5,1.4,3,8.6,4.5
SKU-3562-LH,Важіль a_shaped LH (R5),SKU-3562-RH,LH,a_shaped,False,39.5,39.9,14.2,4.68,22.38,11.64,R5,R5,1.4,3,14.0,34.9
SKU-3562-RH,Важіль a_shaped RH (R5),SKU-3562-LH,RH,a_shaped,False,39.5,39.9,14.2,4.68,22.38,11.64,R5,R5,1.4,3,14.0,34.9
SKU-3563-LH,Важіль straight_link LH (R5),SKU-3563-RH,LH,straight_link,True,26.3,7.3,4.9,1.31,0.94,0.99,R5,R5,1.9,3,3.9,3.0
SKU-3563-RH,Важіль straight_link RH (R5),SKU-3563-LH,RH,straight_link,True,26.3,7.3,4.9,1.31,0.94,0.99,R5,R5,2.0,3,3.9,3.0
SKU-3564-LH,Важіль curved LH (R5),SKU-3564-RH,LH,curved,False,37.8,19.6,6.5,2.89,4.82,2.02,R5,R5,1.8,3,8.7,6.1
SKU-3564-RH,Важіль curved RH (R5),SKU-3564-LH,RH,curved,False,37.8,19.6,6.5,2.89,4.82,2.02,R5,R5,1.8,3,8.7,6.1
SKU-3565-LH,Важіль straight_link LH (R5),SKU-3565-RH,LH,straight_link,False,26.1,7.4,6.9,0.84,1.33,0.37,R5,R5,1.5,3,2.5,1.1
SKU-3565-RH,Важіль straight_link RH (R5),SKU-3565-LH,RH,straight_link,False,26.1,7.4,6.9,0.84,1.33,0.37,R5,R5,1.5,3,2.5,1.1
SKU-3566-LH,Важіль straight_link LH (R5),SKU-3566-RH,LH,straight_link,False,24.5,5.8,7.3,1.0,1.04,0.29,R5,R5,1.6,3,3.0,0.9
SKU-3566-RH,Важіль straight_link RH (R5),SKU-3566-LH,RH,straight_link,False,24.5,5.8,7.3,1.0,1.04,0.29,R5,R5,1.7,3,3.0,0.9
SKU-3567-LH,Важіль curved LH (R5),SKU-3567-RH,LH,curved,False,40.0,15.0,8.0,2.54,4.8,2.02,R5,R5,1.2,2,5.1,4.0
SKU-3567-RH,Важіль curved RH (R5),SKU-3567-LH,RH,curved,False,40.0,15.0,8.0,2.54,4.8,2.02,R5,R5,1.2,2,5.1,4.0
SKU-3568-LH,Важіль straight_link LH (R5),SKU-3568-RH,LH,straight_link,False,19.2,6.6,5.0,1.02,0.63,0.18,R5,R5,1.7,3,3.1,0.5
SKU-3568-RH,Важіль straight_link RH (R5),SKU-3568-LH,RH,straight_link,False,19.2,6.6,5.0,1.02,0.63,0.18,R5,R5,1.7,3,3.1,0.5
SKU-3569-LH,Важіль curved LH (R5),SKU-3569-RH,LH,curved,False,39.9,19.2,10.2,1.64,7.81,3.28,R5,R5,1.2,2,3.3,6.6
SKU-3569-RH,Важіль curved RH (R5),SKU-3569-LH,RH,curved,False,39.9,19.2,10.2,1.64,7.81,3.28,R5,R5,1.2,2,3.3,6.6
SKU-3570-LH,Важіль a_shaped LH (R5),SKU-3570-RH,LH,a_shaped,False,43.5,39.6,9.6,4.69,16.54,8.6,R5,R5,1.9,3,14.1,25.8
SKU-3570-RH,Важіль a_shaped RH (R5),SKU-3570-LH,RH,a_shaped,False,43.5,39.6,9.6,4.69,16.54,8.6,R5,R5,1.9,3,14.1,25.8
SKU-3571-LH,Важіль heavy_integral LH (R5),SKU-3571-RH,LH,heavy_integral,False,80.4,21.7,16.1,6.58,28.09,19.1,R5,R5,1.5,3,19.7,57.3
SKU-3571-RH,Важіль heavy_integral RH (R5),SKU-3571-LH,RH,heavy_integral,False,80.4,21.7,16.1,6.58,28.09,19.1,R5,R5,1.5,3,19.7,57.3
SKU-3572-LH,Важіль trailing LH (R5),SKU-3572-RH,LH,trailing,True,59.9,8.2,5.7,3.63,2.8,2.94,R5,R5,1.2,2,7.3,5.9
SKU-3572-RH,Важіль trailing RH (R5),SKU-3572-LH,RH,trailing,True,59.9,8.2,5.7,3.63,2.8,2.94,R5,R5,1.2,2,7.3,5.9
SKU-3573-LH,Важіль straight_link LH (R5),SKU-3573-RH,LH,straight_link,False,28.3,7.4,4.4,1.11,0.92,0.26,R5,R5,1.2,2,2.2,0.5
SKU-3573-RH,Важіль straight_link RH (R5),SKU-3573-LH,RH,straight_link,False,28.3,7.4,4.4,1.11,0.92,0.26,R5,R5,1.2,2,2.2,0.5
SKU-3574-LH,Важіль straight_link LH (R5),SKU-3574-RH,LH,straight_link,False,22.5,5.2,7.1,1.14,0.83,0.23,R5,R5,2.0,3,3.4,0.7
SKU-3574-RH,Важіль straight_link RH (R5),SKU-3574-LH,RH,straight_link,False,22.5,5.2,7.1,1.14,0.83,0.23,R5,R5,1.9,3,3.4,0.7
SKU-3575-LH,Важіль trailing LH (R5),SKU-3575-RH,LH,trailing,False,60.3,7.6,7.7,3.21,3.53,1.34,R5,R5,1.3,2,6.4,2.7
SKU-3575-RH,Важіль trailing RH (R5),SKU-3575-LH,RH,trailing,False,60.3,7.6,7.7,3.21,3.53,1.34,R5,R5,1.3,2,6.4,2.7
SKU-3576-LH,Важіль a_shaped LH (R5),SKU-3576-RH,LH,a_shaped,False,37.7,38.6,7.9,5.92,11.5,5.98,R5,R5,1.3,2,11.8,12.0
SKU-3576-RH,Важіль a_shaped RH (R5),SKU-3576-LH,RH,a_shaped,False,37.7,38.6,7.9,5.92,11.5,5.98,R5,R5,1.4,3,17.8,17.9
SKU-3577-LH,Важіль straight_link LH (R5),SKU-3577-RH,LH,straight_link,False,21.3,7.1,4.2,0.6,0.64,0.18,R5,R5,1.8,3,1.8,0.5
SKU-3577-RH,Важіль straight_link RH (R5),SKU-3577-LH,RH,straight_link,False,21.3,7.1,4.2,0.6,0.64,0.18,R5,R5,1.7,3,1.8,0.5
SKU-3578-LH,Важіль trailing LH (R5),SKU-3578-RH,LH,trailing,True,74.3,7.6,5.8,3.18,3.28,3.44,R5,R5,1.8,3,9.5,10.3
SKU-3578-RH,Важіль trailing RH (R5),SKU-3578-LH,RH,trailing,True,74.3,7.6,5.8,3.18,3.28,3.44,R5,R5,2.0,3,9.5,10.3
SKU-3579-LH,Важіль a_shaped LH (R5),SKU-3579-RH,LH,a_shaped,False,42.8,37.9,14.7,4.33,23.85,12.4,R5,R5,1.2,2,8.7,24.8
SKU-3579-RH,Важіль a_shaped RH (R5),SKU-3579-LH,RH,a_shaped,False,42.8,37.9,14.7,4.33,23.85,12.4,R5,R5,1.2,2,8.7,24.8
SKU-3580-LH,Важіль straight_link LH (R5),SKU-3580-RH,LH,straight_link,False,26.0,6.6,6.7,1.32,1.15,0.32,R5,R5,1.4,3,4.0,1.0
SKU-3580-RH,Важіль straight_link RH (R5),SKU-3580-LH,RH,straight_link,False,26.0,6.6,6.7,1.32,1.15,0.32,R5,R5,1.4,3,4.0,1.0
SKU-3581-LH,Важіль a_shaped LH (R5),SKU-3581-RH,LH,a_shaped,False,45.5,32.7,8.2,5.1,12.2,6.34,R5,R5,1.7,3,15.3,19.0
SKU-3581-RH,Важіль a_shaped RH (R5),SKU-3581-LH,RH,a_shaped,False,45.5,32.7,8.2,5.1,12.2,6.34,R5,R5,1.7,3,15.3,19.0
SKU-3582-LH,Важіль a_shaped LH (R5),SKU-3582-RH,LH,a_shaped,False,42.6,38.6,10.3,5.83,16.94,8.81,R5,R5,1.5,3,17.5,26.4
SKU-3582-RH,Важіль a_shaped RH (R5),SKU-3582-LH,RH,a_shaped,False,42.6,38.6,10.3,5.83,16.94,8.81,R5,R5,1.5,3,17.5,26.4
SKU-3583-LH,Важіль straight_link LH (R5),SKU-3583-RH,LH,straight_link,False,25.3,4.7,4.2,0.9,0.5,0.14,R5,R5,1.5,3,2.7,0.4
SKU-3583-RH,Важіль straight_link RH (R5),SKU-3583-LH,RH,straight_link,False,25.3,4.7,4.2,0.9,0.5,0.14,R5,R5,1.5,3,2.7,0.4
SKU-3584-LH,Важіль heavy_integral LH (R5),SKU-3584-RH,LH,heavy_integral,False,63.1,22.3,14.6,8.01,20.54,13.97,R5,R5,1.7,3,24.0,41.9
SKU-3584-RH,Важіль heavy_integral RH (R5),SKU-3584-LH,RH,heavy_integral,False,63.1,22.3,14.6,8.01,20.54,13.97,R5,R5,1.6,3,24.0,41.9
SKU-3585-LH,Важіль straight_link LH (R5),SKU-3585-RH,LH,straight_link,False,18.7,5.1,5.0,1.03,0.48,0.13,R5,R5,1.2,2,2.1,0.3
SKU-3585-RH,Важіль straight_link RH (R5),SKU-3585-LH,RH,straight_link,False,18.7,5.1,5.0,1.03,0.48,0.13,R5,R5,1.2,2,2.1,0.3
SKU-3586-LH,Важіль curved LH (R5),SKU-3586-RH,LH,curved,False,33.3,21.2,10.0,2.5,7.06,2.97,R5,R5,1.7,3,7.5,8.9
SKU-3586-RH,Важіль curved RH (R5),SKU-3586-LH,RH,curved,False,33.3,21.2,10.0,2.5,7.06,2.97,R5,R5,1.7,3,7.5,8.9
SKU-3587-LH,Важіль straight_link LH (R5),SKU-3587-RH,LH,straight_link,False,24.5,4.3,5.3,1.1,0.56,0.16,R5,R5,2.0,3,3.3,0.5
SKU-3587-RH,Важіль straight_link RH (R5),SKU-3587-LH,RH,straight_link,False,24.5,4.3,5.3,1.1,0.56,0.16,R5,R5,2.0,3,3.3,0.5
SKU-3588-LH,Важіль curved LH (R5),SKU-3588-RH,LH,curved,False,29.0,18.3,5.4,2.11,2.87,1.21,R5,R5,1.6,3,6.3,3.6
SKU-3588-RH,Важіль curved RH (R5),SKU-3588-LH,RH,curved,False,29.0,18.3,5.4,2.11,2.87,1.21,R5,R5,1.6,3,6.3,3.6
SKU-3589-LH,Важіль trailing LH (R5),SKU-3589-RH,LH,trailing,False,60.1,6.3,5.3,2.63,2.01,0.76,R5,R5,1.2,2,5.3,1.5
SKU-3589-RH,Важіль trailing RH (R5),SKU-3589-LH,RH,trailing,False,60.1,6.3,5.3,2.63,2.01,0.76,R5,R5,1.2,2,5.3,1.5
SKU-3590-LH,Важіль a_shaped LH (R5),SKU-3590-RH,LH,a_shaped,False,38.8,33.9,12.5,5.69,16.44,8.55,R5,R5,1.7,3,17.1,25.7
SKU-3590-RH,Важіль a_shaped RH (R5),SKU-3590-LH,RH,a_shaped,False,38.8,33.9,12.5,5.69,16.44,8.55,R5,R5,1.6,3,17.1,25.7
SKU-3591-LH,Важіль curved LH (R5),SKU-3591-RH,LH,curved,False,40.1,10.9,5.3,2.02,2.32,0.97,R5,R5,1.6,3,6.1,2.9
SKU-3591-RH,Важіль curved RH (R5),SKU-3591-LH,RH,curved,False,40.1,10.9,5.3,2.02,2.32,0.97,R5,R5,1.6,3,6.1,2.9
SKU-3592-LH,Важіль straight_link LH (R5),SKU-3592-RH,LH,straight_link,False,26.6,4.9,5.1,1.01,0.66,0.18,R5,R5,2.0,3,3.0,0.5
SKU-3592-RH,Важіль straight_link RH (R5),SKU-3592-LH,RH,straight_link,False,26.6,4.9,5.1,1.01,0.66,0.18,R5,R5,2.0,3,3.0,0.5
SKU-3593-LH,Важіль trailing LH (R5),SKU-3593-RH,LH,trailing,False,59.1,8.3,8.2,3.06,4.02,1.53,R5,R5,1.9,3,9.2,4.6
SKU-3593-RH,Важіль trailing RH (R5),SKU-3593-LH,RH,trailing,False,59.1,8.3,8.2,3.06,4.02,1.53,R5,R5,1.8,3,9.2,4.6
SKU-3594-LH,Важіль curved LH (R5),SKU-3594-RH,LH,curved,True,28.4,14.6,5.8,3.17,2.4,2.52,R5,R5,1.0,2,6.3,5.0
SKU-3594-RH,Важіль curved RH (R5),SKU-3594-LH,RH,curved,True,28.4,14.6,5.8,3.17,2.4,2.52,R5,R5,1.0,2,6.3,5.0
SKU-3595-LH,Важіль a_shaped LH (R5),SKU-3595-RH,LH,a_shaped,False,46.7,40.6,14.8,5.19,28.06,14.59,R5,R5,1.2,2,10.4,29.2
SKU-3595-RH,Важіль a_shaped RH (R5),SKU-3595-LH,RH,a_shaped,False,46.7,40.6,14.8,5.19,28.06,14.59,R5,R5,1.2,2,10.4,29.2
SKU-3596-LH,Важіль straight_link LH (R5),SKU-3596-RH,LH,straight_link,False,18.6,4.2,6.1,1.04,0.48,0.13,R5,R5,1.6,3,3.1,0.4
SKU-3596-RH,Важіль straight_link RH (R5),SKU-3596-LH,RH,straight_link,False,18.6,4.2,6.1,1.04,0.48,0.13,R5,R5,1.7,3,3.1,0.4
SKU-3597-LH,Важіль straight_link LH (R5),SKU-3597-RH,LH,straight_link,False,19.5,6.8,7.3,0.46,0.97,0.27,R5,R5,1.4,3,1.4,0.8
SKU-3597-RH,Важіль straight_link RH (R5),SKU-3597-LH,RH,straight_link,False,19.5,6.8,7.3,0.46,0.97,0.27,R5,R5,1.4,3,1.4,0.8
SKU-3598-LH,Важіль a_shaped LH (R5),SKU-3598-RH,LH,a_shaped,False,40.5,38.5,12.4,5.51,19.33,10.05,R5,R5,1.2,2,11.0,20.1
SKU-3598-RH,Важіль a_shaped RH (R5),SKU-3598-LH,RH,a_shaped,False,40.5,38.5,12.4,5.51,19.33,10.05,R5,R5,1.1,2,11.0,20.1
SKU-3599-LH,Важіль curved LH (R5),SKU-3599-RH,LH,curved,False,31.5,20.0,7.2,2.96,4.54,1.91,R5,R5,1.5,3,8.9,5.7
SKU-3599-RH,Важіль curved RH (R5),SKU-3599-LH,RH,curved,False,31.5,20.0,7.2,2.96,4.54,1.91,R5,R5,1.5,3,8.9,5.7
SKU-3600-LH,Важіль trailing LH (R5),SKU-3600-RH,LH,trailing,False,74.4,9.1,8.3,3.47,5.62,2.14,R5,R5,1.4,3,10.4,6.4
SKU-3600-RH,Важіль trailing RH (R5),SKU-3600-LH,RH,trailing,False,74.4,9.1,8.3,3.47,5.62,2.14,R5,R5,1.4,3,10.4,6.4
SKU-3601-LH,Важіль heavy_integral LH (R5),SKU-3601-RH,LH,heavy_integral,False,81.7,23.4,12.6,9.76,24.09,16.38,R5,R5,1.7,3,29.3,49.1
SKU-3601-RH,Важіль heavy_integral RH (R5),SKU-3601-LH,RH,heavy_integral,False,81.7,23.4,12.6,9.76,24.09,16.38,R5,R5,1.7,3,29.3,49.1
SKU-3602-LH,Важіль trailing LH (R5),SKU-3602-RH,LH,trailing,False,74.8,10.2,6.2,2.7,4.73,1.8,R5,R5,1.9,3,8.1,5.4
SKU-3602-RH,Важіль trailing RH (R5),SKU-3602-LH,RH,trailing,False,74.8,10.2,6.2,2.7,4.73,1.8,R5,R5,1.8,3,8.1,5.4
SKU-3603-LH,Важіль straight_link LH (R5),SKU-3603-RH,LH,straight_link,False,21.4,5.8,4.8,1.21,0.6,0.17,R5,R5,1.4,3,3.6,0.5
SKU-3603-RH,Важіль straight_link RH (R5),SKU-3603-LH,RH,straight_link,False,21.4,5.8,4.8,1.21,0.6,0.17,R5,R5,1.4,3,3.6,0.5
SKU-3604-LH,Важіль trailing LH (R5),SKU-3604-RH,LH,trailing,False,60.7,8.2,7.5,2.25,3.73,1.42,R5,R5,2.0,3,6.8,4.3
SKU-3604-RH,Важіль trailing RH (R5),SKU-3604-LH,RH,trailing,False,60.7,8.2,7.5,2.25,3.73,1.42,R5,R5,1.9,3,6.8,4.3
SKU-3605-LH,Важіль straight_link LH (R5),SKU-3605-RH,LH,straight_link,False,30.1,5.8,7.2,0.46,1.26,0.35,R5,R5,1.1,2,0.9,0.7
SKU-3605-RH,Важіль straight_link RH (R5),SKU-3605-LH,RH,straight_link,False,30.1,5.8,7.2,0.46,1.26,0.35,R5,R5,1.1,2,0.9,0.7
SKU-3606-LH,Важіль curved LH (R5),SKU-3606-RH,LH,curved,False,31.2,14.9,9.9,2.67,4.6,1.93,R5,R5,2.0,3,8.0,5.8
SKU-3606-RH,Важіль curved RH (R5),SKU-3606-LH,RH,curved,False,31.2,14.9,9.9,2.67,4.6,1.93,R5,R5,2.0,3,8.0,5.8
SKU-3607-LH,Важіль curved LH (R5),SKU-3607-RH,LH,curved,False,31.4,20.1,5.2,2.01,3.28,1.38,R5,R5,1.9,3,6.0,4.1
SKU-3607-RH,Важіль curved RH (R5),SKU-3607-LH,RH,curved,False,31.4,20.1,5.2,2.01,3.28,1.38,R5,R5,1.9,3,6.0,4.1
SKU-3608-LH,Важіль curved LH (R5),SKU-3608-RH,LH,curved,False,39.8,20.7,6.5,2.36,5.36,2.25,R5,R5,1.9,3,7.1,6.8
SKU-3608-RH,Важіль curved RH (R5),SKU-3608-LH,RH,curved,False,39.8,20.7,6.5,2.36,5.36,2.25,R5,R5,1.9,3,7.1,6.8
SKU-3609-LH,Важіль a_shaped LH (R5),SKU-3609-RH,LH,a_shaped,False,50.6,31.2,8.3,5.87,13.1,6.81,R5,R5,1.6,3,17.6,20.4
SKU-3609-RH,Важіль a_shaped RH (R5),SKU-3609-LH,RH,a_shaped,False,50.6,31.2,8.3,5.87,13.1,6.81,R5,R5,1.5,3,17.6,20.4
SKU-3610-LH,Важіль curved LH (R5),SKU-3610-RH,LH,curved,False,30.7,17.9,5.2,2.7,2.86,1.2,R5,R5,1.7,3,8.1,3.6
SKU-3610-RH,Важіль curved RH (R5),SKU-3610-LH,RH,curved,False,30.7,17.9,5.2,2.7,2.86,1.2,R5,R5,1.7,3,8.1,3.6
SKU-3611-LH,Важіль a_shaped LH (R5),SKU-3611-RH,LH,a_shaped,False,49.3,31.2,9.0,4.49,13.84,7.2,R5,R5,1.9,3,13.5,21.6
SKU-3611-RH,Важіль a_shaped RH (R5),SKU-3611-LH,RH,a_shaped,False,49.3,31.2,9.0,4.49,13.84,7.2,R5,R5,1.9,3,13.5,21.6
SKU-3612-LH,Важіль curved LH (R5),SKU-3612-RH,LH,curved,False,37.2,11.5,10.9,2.69,4.66,1.96,R5,R5,1.5,3,8.1,5.9
SKU-3612-RH,Важіль curved RH (R5),SKU-3612-LH,RH,curved,False,37.2,11.5,10.9,2.69,4.66,1.96,R5,R5,1.5,3,8.1,5.9
SKU-3613-LH,Важіль trailing LH (R5),SKU-3613-RH,LH,trailing,False,59.4,6.6,8.0,3.35,3.14,1.19,R5,R5,1.6,3,10.1,3.6
SKU-3613-RH,Важіль trailing RH (R5),SKU-3613-LH,RH,trailing,False,59.4,6.6,8.0,3.35,3.14,1.19,R5,R5,1.6,3,10.1,3.6
SKU-3614-LH,Важіль curved LH (R5),SKU-3614-RH,LH,curved,False,31.7,19.6,7.1,2.96,4.41,1.85,R5,R5,1.0,2,5.9,3.7
SKU-3614-RH,Важіль curved RH (R5),SKU-3614-LH,RH,curved,False,31.7,19.6,7.1,2.96,4.41,1.85,R5,R5,1.1,2,5.9,3.7
SKU-3615-LH,Важіль curved LH (R5),SKU-3615-RH,LH,curved,False,30.5,15.3,5.4,3.17,2.52,1.06,R5,R5,1.6,3,9.5,3.2
SKU-3615-RH,Важіль curved RH (R5),SKU-3615-LH,RH,curved,False,30.5,15.3,5.4,3.17,2.52,1.06,R5,R5,1.5,3,9.5,3.2
SKU-3616-LH,Важіль a_shaped LH (R5),SKU-3616-RH,LH,a_shaped,False,44.5,30.5,9.8,4.47,13.3,6.92,R5,R5,1.7,3,13.4,20.8
SKU-3616-RH,Важіль a_shaped RH (R5),SKU-3616-LH,RH,a_shaped,False,44.5,30.5,9.8,4.47,13.3,6.92,R5,R5,1.6,3,13.4,20.8
SKU-3617-LH,Важіль trailing LH (R5),SKU-3617-RH,LH,trailing,False,73.5,8.1,6.0,4.17,3.57,1.36,R5,R5,1.3,2,8.3,2.7
SKU-3617-RH,Важіль trailing RH (R5),SKU-3617-LH,RH,trailing,False,73.5,8.1,6.0,4.17,3.57,1.36,R5,R5,1.4,3,12.5,4.1
SKU-3618-LH,Важіль straight_link LH (R5),SKU-3618-RH,LH,straight_link,False,28.6,7.3,5.8,0.4,1.21,0.34,R5,R5,1.3,2,0.8,0.7
SKU-3618-RH,Важіль straight_link RH (R5),SKU-3618-LH,RH,straight_link,False,28.6,7.3,5.8,0.4,1.21,0.34,R5,R5,1.4,3,1.2,1.0
SKU-3619-LH,Важіль a_shaped LH (R5),SKU-3619-RH,LH,a_shaped,False,43.0,32.9,11.5,5.46,16.27,8.46,R5,R5,1.8,3,16.4,25.4
SKU-3619-RH,Важіль a_shaped RH (R5),SKU-3619-LH,RH,a_shaped,False,43.0,32.9,11.5,5.46,16.27,8.46,R5,R5,1.9,3,16.4,25.4
SKU-3620-LH,Важіль heavy_integral LH (R5),SKU-3620-RH,LH,heavy_integral,False,59.6,19.0,12.9,8.88,14.61,9.93,R5,R5,1.3,2,17.8,19.9
SKU-3620-RH,Важіль heavy_integral RH (R5),SKU-3620-LH,RH,heavy_integral,False,59.6,19.0,12.9,8.88,14.61,9.93,R5,R5,1.2,2,17.8,19.9
SKU-3621-LH,Важіль curved LH (R5),SKU-3621-RH,LH,curved,False,26.7,14.1,5.1,2.09,1.92,0.81,R5,R5,1.8,3,6.3,2.4
SKU-3621-RH,Важіль curved RH (R5),SKU-3621-LH,RH,curved,False,26.7,14.1,5.1,2.09,1.92,0.81,R5,R5,1.9,3,6.3,2.4
SKU-3622-LH,Важіль straight_link LH (R5),SKU-3622-RH,LH,straight_link,False,23.8,6.9,6.2,1.14,1.02,0.29,R5,R5,1.4,3,3.4,0.9
SKU-3622-RH,Важіль straight_link RH (R5),SKU-3622-LH,RH,straight_link,False,23.8,6.9,6.2,1.14,1.02,0.29,R5,R5,1.4,3,3.4,0.9
SKU-3623-LH,Важіль curved LH (R5),SKU-3623-RH,LH,curved,False,32.8,21.0,8.5,2.87,5.85,2.46,R5,R5,1.4,3,8.6,7.4
SKU-3623-RH,Важіль curved RH (R5),SKU-3623-LH,RH,curved,False,32.8,21.0,8.5,2.87,5.85,2.46,R5,R5,1.4,3,8.6,7.4
SKU-3624-LH,Важіль curved LH (R5),SKU-3624-RH,LH,curved,False,34.0,17.5,6.2,3.03,3.69,1.55,R5,R5,2.0,3,9.1,4.7
SKU-3624-RH,Важіль curved RH (R5),SKU-3624-LH,RH,curved,False,34.0,17.5,6.2,3.03,3.69,1.55,R5,R5,1.9,3,9.1,4.7
SKU-3625-LH,Важіль curved LH (R5),SKU-3625-RH,LH,curved,False,38.9,17.1,8.3,3.27,5.52,2.32,R5,R5,1.5,3,9.8,7.0
SKU-3625-RH,Важіль curved RH (R5),SKU-3625-LH,RH,curved,False,38.9,17.1,8.3,3.27,5.52,2.32,R5,R5,1.5,3,9.8,7.0
SKU-3626-LH,Важіль heavy_integral LH (R5),SKU-3626-RH,LH,heavy_integral,True,50.2,25.1,13.3,8.21,16.76,17.6,R5,R5,1.9,3,24.6,52.8
SKU-3626-RH,Важіль heavy_integral RH (R5),SKU-3626-LH,RH,heavy_integral,True,50.2,25.1,13.3,8.21,16.76,17.6,R5,R5,1.9,3,24.6,52.8
SKU-3627-LH,Важіль heavy_integral LH (R5),SKU-3627-RH,LH,heavy_integral,False,76.7,17.7,10.4,7.02,14.12,9.6,R5,R5,1.2,2,14.0,19.2
SKU-3627-RH,Важіль heavy_integral RH (R5),SKU-3627-LH,RH,heavy_integral,False,76.7,17.7,10.4,7.02,14.12,9.6,R5,R5,1.3,2,14.0,19.2
SKU-3628-LH,Важіль heavy_integral LH (R5),SKU-3628-RH,LH,heavy_integral,False,71.7,16.9,11.2,8.39,13.57,9.23,R5,R5,2.0,3,25.2,27.7
SKU-3628-RH,Важіль heavy_integral RH (R5),SKU-3628-LH,RH,heavy_integral,False,71.7,16.9,11.2,8.39,13.57,9.23,R5,R5,2.0,3,25.2,27.7
SKU-3629-LH,Важіль straight_link LH (R5),SKU-3629-RH,LH,straight_link,False,27.5,6.2,6.2,0.55,1.06,0.3,R5,R5,1.5,3,1.7,0.9
SKU-3629-RH,Важіль straight_link RH (R5),SKU-3629-LH,RH,straight_link,False,27.5,6.2,6.2,0.55,1.06,0.3,R5,R5,1.5,3,1.7,0.9
SKU-3630-LH,Важіль a_shaped LH (R5),SKU-3630-RH,LH,a_shaped,False,38.1,31.8,7.5,6.73,9.09,4.73,R5,R5,1.1,2,13.5,9.5
SKU-3630-RH,Важіль a_shaped RH (R5),SKU-3630-LH,RH,a_shaped,False,38.1,31.8,7.5,6.73,9.09,4.73,R5,R5,1.2,2,13.5,9.5
SKU-3631-LH,Важіль curved LH (R5),SKU-3631-RH,LH,curved,False,28.2,14.6,5.7,1.96,2.35,0.99,R5,R5,1.0,2,3.9,2.0
SKU-3631-RH,Важіль curved RH (R5),SKU-3631-LH,RH,curved,False,28.2,14.6,5.7,1.96,2.35,0.99,R5,R5,1.1,2,3.9,2.0
SKU-3632-LH,Важіль trailing LH (R5),SKU-3632-RH,LH,trailing,False,67.8,7.0,6.4,3.88,3.04,1.16,R5,R5,1.1,2,7.8,2.3
SKU-3632-RH,Важіль trailing RH (R5),SKU-3632-LH,RH,trailing,False,67.8,7.0,6.4,3.88,3.04,1.16,R5,R5,1.1,2,7.8,2.3
SKU-3633-LH,Важіль curved LH (R5),SKU-3633-RH,LH,curved,False,31.1,14.1,9.5,3.01,4.17,1.75,R5,R5,1.3,2,6.0,3.5
SKU-3633-RH,Важіль curved RH (R5),SKU-3633-LH,RH,curved,False,31.1,14.1,9.5,3.01,4.17,1.75,R5,R5,1.2,2,6.0,3.5
SKU-3634-LH,Важіль a_shaped LH (R5),SKU-3634-RH,LH,a_shaped,True,45.5,37.6,14.7,4.9,25.15,26.41,R5,R5,1.0,2,9.8,52.8
SKU-3634-RH,Важіль a_shaped RH (R5),SKU-3634-LH,RH,a_shaped,True,45.5,37.6,14.7,4.9,25.15,26.41,R5,R5,1.0,2,9.8,52.8
SKU-3635-LH,Важіль heavy_integral LH (R5),SKU-3635-RH,LH,heavy_integral,False,65.6,16.6,13.9,8.03,15.14,10.3,R5,R5,1.7,3,24.1,30.9
SKU-3635-RH,Важіль heavy_integral RH (R5),SKU-3635-LH,RH,heavy_integral,False,65.6,16.6,13.9,8.03,15.14,10.3,R5,R5,1.7,3,24.1,30.9
SKU-3636-LH,Важіль a_shaped LH (R5),SKU-3636-RH,LH,a_shaped,False,40.0,28.9,12.3,6.78,14.22,7.39,R5,R5,1.7,3,20.3,22.2
SKU-3636-RH,Важіль a_shaped RH (R5),SKU-3636-LH,RH,a_shaped,False,40.0,28.9,12.3,6.78,14.22,7.39,R5,R5,1.6,3,20.3,22.2
SKU-3637-LH,Важіль straight_link LH (R5),SKU-3637-RH,LH,straight_link,False,30.8,7.4,5.7,0.69,1.3,0.36,R5,R5,1.7,3,2.1,1.1
SKU-3637-RH,Важіль straight_link RH (R5),SKU-3637-LH,RH,straight_link,False,30.8,7.4,5.7,0.69,1.3,0.36,R5,R5,1.8,3,2.1,1.1
SKU-3638-LH,Важіль straight_link LH (R5),SKU-3638-RH,LH,straight_link,False,19.7,7.4,7.4,1.34,1.08,0.3,R5,R5,1.5,3,4.0,0.9
SKU-3638-RH,Важіль straight_link RH (R5),SKU-3638-LH,RH,straight_link,False,19.7,7.4,7.4,1.34,1.08,0.3,R5,R5,1.5,3,4.0,0.9
SKU-3639-LH,Важіль trailing LH (R5),SKU-3639-RH,LH,trailing,False,57.4,8.1,7.7,2.25,3.58,1.36,R5,R5,1.3,2,4.5,2.7
SKU-3639-RH,Важіль trailing RH (R5),SKU-3639-LH,RH,trailing,False,57.4,8.1,7.7,2.25,3.58,1.36,R5,R5,1.4,3,6.8,4.1
SKU-3640-LH,Важіль straight_link LH (R5),SKU-3640-RH,LH,straight_link,False,18.9,7.4,4.1,0.99,0.57,0.16,R5,R5,1.8,3,3.0,0.5
SKU-3640-RH,Важіль straight_link RH (R5),SKU-3640-LH,RH,straight_link,False,18.9,7.4,4.1,0.99,0.57,0.16,R5,R5,1.7,3,3.0,0.5
SKU-3641-LH,Важіль straight_link LH (R5),SKU-3641-RH,LH,straight_link,False,30.9,6.0,5.7,0.44,1.06,0.3,R5,R5,1.6,3,1.3,0.9
SKU-3641-RH,Важіль straight_link RH (R5),SKU-3641-LH,RH,straight_link,False,30.9,6.0,5.7,0.44,1.06,0.3,R5,R5,1.6,3,1.3,0.9
SKU-3642-LH,Важіль a_shaped LH (R5),SKU-3642-RH,LH,a_shaped,False,46.9,27.6,8.1,4.05,10.48,5.45,R5,R5,1.0,2,8.1,10.9
SKU-3642-RH,Важіль a_shaped RH (R5),SKU-3642-LH,RH,a_shaped,False,46.9,27.6,8.1,4.05,10.48,5.45,R5,R5,1.1,2,8.1,10.9
SKU-3643-LH,Важіль curved LH (R5),SKU-3643-RH,LH,curved,False,35.2,18.2,7.0,2.25,4.48,1.88,R5,R5,1.3,2,4.5,3.8
SKU-3643-RH,Важіль curved RH (R5),SKU-3643-LH,RH,curved,False,35.2,18.2,7.0,2.25,4.48,1.88,R5,R5,1.3,2,4.5,3.8
SKU-3644-LH,Важіль curved LH (R5),SKU-3644-RH,LH,curved,True,35.5,21.3,8.7,3.01,6.58,6.91,R5,R5,1.7,3,9.0,20.7
SKU-3644-RH,Важіль curved RH (R5),SKU-3644-LH,RH,curved,True,35.5,21.3,8.7,3.01,6.58,6.91,R5,R5,1.7,3,9.0,20.7
SKU-3645-LH,Важіль curved LH (R5),SKU-3645-RH,LH,curved,False,29.6,14.0,6.3,2.41,2.61,1.1,R5,R5,1.9,3,7.2,3.3
SKU-3645-RH,Важіль curved RH (R5),SKU-3645-LH,RH,curved,False,29.6,14.0,6.3,2.41,2.61,1.1,R5,R5,1.9,3,7.2,3.3
SKU-3646-LH,Важіль trailing LH (R5),SKU-3646-RH,LH,trailing,False,65.4,8.7,8.4,3.13,4.78,1.82,R5,R5,1.6,3,9.4,5.5
SKU-3646-RH,Важіль trailing RH (R5),SKU-3646-LH,RH,trailing,False,65.4,8.7,8.4,3.13,4.78,1.82,R5,R5,1.6,3,9.4,5.5
SKU-3647-LH,Важіль a_shaped LH (R5),SKU-3647-RH,LH,a_shaped,False,43.9,41.5,14.8,6.32,26.96,14.02,R5,R5,1.4,3,19.0,42.1
SKU-3647-RH,Важіль a_shaped RH (R5),SKU-3647-LH,RH,a_shaped,False,43.9,41.5,14.8,6.32,26.96,14.02,R5,R5,1.3,2,12.6,28.0
SKU-3648-LH,Важіль straight_link LH (R5),SKU-3648-RH,LH,straight_link,False,27.8,4.1,4.5,1.23,0.51,0.14,R5,R5,1.6,3,3.7,0.4
SKU-3648-RH,Важіль straight_link RH (R5),SKU-3648-LH,RH,straight_link,False,27.8,4.1,4.5,1.23,0.51,0.14,R5,R5,1.6,3,3.7,0.4
SKU-3649-LH,Важіль curved LH (R5),SKU-3649-RH,LH,curved,False,36.1,14.8,5.7,2.13,3.05,1.28,R5,R5,2.0,3,6.4,3.8
SKU-3649-RH,Важіль curved RH (R5),SKU-3649-LH,RH,curved,False,36.1,14.8,5.7,2.13,3.05,1.28,R5,R5,2.0,3,6.4,3.8
SKU-3650-LH,Важіль curved LH (R5),SKU-3650-RH,LH,curved,False,40.1,17.2,9.2,2.3,6.35,2.67,R5,R5,1.1,2,4.6,5.3
SKU-3650-RH,Важіль curved RH (R5),SKU-3650-LH,RH,curved,False,40.1,17.2,9.2,2.3,6.35,2.67,R5,R5,1.1,2,4.6,5.3
SKU-3651-LH,Важіль trailing LH (R5),SKU-3651-RH,LH,trailing,False,76.5,10.1,7.7,3.87,5.95,2.26,R5,R5,1.6,3,11.6,6.8
SKU-3651-RH,Важіль trailing RH (R5),SKU-3651-LH,RH,trailing,False,76.5,10.1,7.7,3.87,5.95,2.26,R5,R5,1.6,3,11.6,6.8
SKU-3652-LH,Важіль trailing LH (R5),SKU-3652-RH,LH,trailing,False,61.1,10.3,5.4,2.8,3.4,1.29,R5,R5,1.3,2,5.6,2.6
SKU-3652-RH,Важіль trailing RH (R5),SKU-3652-LH,RH,trailing,False,61.1,10.3,5.4,2.8,3.4,1.29,R5,R5,1.3,2,5.6,2.6
SKU-3653-LH,Важіль curved LH (R5),SKU-3653-RH,LH,curved,False,39.4,10.8,6.8,1.62,2.89,1.21,R5,R5,1.7,3,4.9,3.6
SKU-3653-RH,Важіль curved RH (R5),SKU-3653-LH,RH,curved,False,39.4,10.8,6.8,1.62,2.89,1.21,R5,R5,1.7,3,4.9,3.6
SKU-3654-LH,Важіль straight_link LH (R5),SKU-3654-RH,LH,straight_link,False,20.9,6.5,6.8,0.54,0.92,0.26,R5,R5,1.5,3,1.6,0.8
SKU-3654-RH,Важіль straight_link RH (R5),SKU-3654-LH,RH,straight_link,False,20.9,6.5,6.8,0.54,0.92,0.26,R5,R5,1.4,3,1.6,0.8
SKU-3655-LH,Важіль a_shaped LH (R5),SKU-3655-RH,LH,a_shaped,False,44.6,29.5,9.5,6.69,12.5,6.5,R5,R5,1.9,3,20.1,19.5
SKU-3655-RH,Важіль a_shaped RH (R5),SKU-3655-LH,RH,a_shaped,False,44.6,29.5,9.5,6.69,12.5,6.5,R5,R5,1.8,3,20.1,19.5
SKU-3656-LH,Важіль curved LH (R5),SKU-3656-RH,LH,curved,False,32.0,10.9,7.4,2.67,2.58,1.08,R5,R5,1.3,2,5.3,2.2
SKU-3656-RH,Важіль curved RH (R5),SKU-3656-LH,RH,curved,False,32.0,10.9,7.4,2.67,2.58,1.08,R5,R5,1.3,2,5.3,2.2
SKU-3657-LH,Важіль trailing LH (R5),SKU-3657-RH,LH,trailing,False,55.2,8.0,5.2,2.67,2.3,0.87,R5,R5,1.4,3,8.0,2.6
SKU-3657-RH,Важіль trailing RH (R5),SKU-3657-LH,RH,trailing,False,55.2,8.0,5.2,2.67,2.3,0.87,R5,R5,1.4,3,8.0,2.6
SKU-3658-LH,Важіль curved LH (R5),SKU-3658-RH,LH,curved,False,34.4,16.1,6.9,3.09,3.82,1.6,R5,R5,1.5,3,9.3,4.8
SKU-3658-RH,Важіль curved RH (R5),SKU-3658-LH,RH,curved,False,34.4,16.1,6.9,3.09,3.82,1.6,R5,R5,1.6,3,9.3,4.8
SKU-3659-LH,Важіль a_shaped LH (R5),SKU-3659-RH,LH,a_shaped,False,51.7,37.1,10.0,4.5,19.18,9.97,R5,R5,1.7,3,13.5,29.9
SKU-3659-RH,Важіль a_shaped RH (R5),SKU-3659-LH,RH,a_shaped,False,51.7,37.1,10.0,4.5,19.18,9.97,R5,R5,1.7,3,13.5,29.9
SKU-3660-LH,Важіль curved LH (R5),SKU-3660-RH,LH,curved,False,31.3,14.9,10.4,2.96,4.85,2.04,R5,R5,2.0,3,8.9,6.1
SKU-3660-RH,Важіль curved RH (R5),SKU-3660-LH,RH,curved,False,31.3,14.9,10.4,2.96,4.85,2.04,R5,R5,2.0,3,8.9,6.1
SKU-3661-LH,Важіль straight_link LH (R5),SKU-3661-RH,LH,straight_link,False,30.6,5.9,4.9,0.84,0.88,0.25,R5,R5,1.5,3,2.5,0.8
SKU-3661-RH,Важіль straight_link RH (R5),SKU-3661-LH,RH,straight_link,False,30.6,5.9,4.9,0.84,0.88,0.25,R5,R5,1.5,3,2.5,0.8
SKU-3662-LH,Важіль curved LH (R5),SKU-3662-RH,LH,curved,False,32.5,19.7,7.8,3.12,4.99,2.1,R5,R5,1.4,3,9.4,6.3
SKU-3662-RH,Важіль curved RH (R5),SKU-3662-LH,RH,curved,False,32.5,19.7,7.8,3.12,4.99,2.1,R5,R5,1.3,2,6.2,4.2
SKU-3663-LH,Важіль a_shaped LH (R5),SKU-3663-RH,LH,a_shaped,True,50.0,38.0,8.9,6.75,16.91,17.76,R5,R5,1.6,3,20.2,53.3
SKU-3663-RH,Важіль a_shaped RH (R5),SKU-3663-LH,RH,a_shaped,True,50.0,38.0,8.9,6.75,16.91,17.76,R5,R5,1.5,3,20.2,53.3
SKU-3664-LH,Важіль a_shaped LH (R5),SKU-3664-RH,LH,a_shaped,False,43.2,31.4,11.3,5.05,15.33,7.97,R5,R5,1.0,2,10.1,15.9
SKU-3664-RH,Важіль a_shaped RH (R5),SKU-3664-LH,RH,a_shaped,False,43.2,31.4,11.3,5.05,15.33,7.97,R5,R5,1.0,2,10.1,15.9
SKU-3665-LH,Важіль straight_link LH (R5),SKU-3665-RH,LH,straight_link,False,26.4,6.7,7.3,1.04,1.29,0.36,R5,R5,2.0,3,3.1,1.1
SKU-3665-RH,Важіль straight_link RH (R5),SKU-3665-LH,RH,straight_link,False,26.4,6.7,7.3,1.04,1.29,0.36,R5,R5,1.9,3,3.1,1.1
SKU-3666-LH,Важіль straight_link LH (R5),SKU-3666-RH,LH,straight_link,False,24.6,7.1,6.0,0.69,1.05,0.29,R5,R5,1.7,3,2.1,0.9
SKU-3666-RH,Важіль straight_link RH (R5),SKU-3666-LH,RH,straight_link,False,24.6,7.1,6.0,0.69,1.05,0.29,R5,R5,1.7,3,2.1,0.9
SKU-3667-LH,Важіль trailing LH (R5),SKU-3667-RH,LH,trailing,False,75.7,10.2,7.3,2.89,5.64,2.14,R5,R5,1.1,2,5.8,4.3
SKU-3667-RH,Важіль trailing RH (R5),SKU-3667-LH,RH,trailing,False,75.7,10.2,7.3,2.89,5.64,2.14,R5,R5,1.1,2,5.8,4.3
SKU-3668-LH,Важіль curved LH (R5),SKU-3668-RH,LH,curved,False,29.8,21.2,9.9,2.75,6.25,2.62,R5,R5,1.1,2,5.5,5.2
SKU-3668-RH,Важіль curved RH (R5),SKU-3668-LH,RH,curved,False,29.8,21.2,9.9,2.75,6.25,2.62,R5,R5,1.1,2,5.5,5.2
SKU-3669-LH,Важіль curved LH (R5),SKU-3669-RH,LH,curved,False,27.8,20.1,11.0,2.26,6.15,2.58,R5,R5,1.5,3,6.8,7.7
SKU-3669-RH,Важіль curved RH (R5),SKU-3669-LH,RH,curved,False,27.8,20.1,11.0,2.26,6.15,2.58,R5,R5,1.5,3,6.8,7.7
SKU-3670-LH,Важіль trailing LH (R5),SKU-3670-RH,LH,trailing,False,53.5,6.8,8.0,3.55,2.91,1.11,R5,R5,1.1,2,7.1,2.2
SKU-3670-RH,Важіль trailing RH (R5),SKU-3670-LH,RH,trailing,False,53.5,6.8,8.0,3.55,2.91,1.11,R5,R5,1.2,2,7.1,2.2
SKU-3671-LH,Важіль a_shaped LH (R5),SKU-3671-RH,LH,a_shaped,False,49.9,26.8,13.3,5.57,17.79,9.25,R5,R5,1.3,2,11.1,18.5
SKU-3671-RH,Важіль a_shaped RH (R5),SKU-3671-LH,RH,a_shaped,False,49.9,26.8,13.3,5.57,17.79,9.25,R5,R5,1.3,2,11.1,18.5
SKU-3672-LH,Важіль a_shaped LH (R5),SKU-3672-RH,LH,a_shaped,False,41.9,37.0,11.8,5.28,18.29,9.51,R5,R5,1.8,3,15.8,28.5
SKU-3672-RH,Важіль a_shaped RH (R5),SKU-3672-LH,RH,a_shaped,False,41.9,37.0,11.8,5.28,18.29,9.51,R5,R5,1.9,3,15.8,28.5
SKU-3673-LH,Важіль straight_link LH (R5),SKU-3673-RH,LH,straight_link,False,20.5,7.2,6.3,0.88,0.93,0.26,R5,R5,1.8,3,2.6,0.8
SKU-3673-RH,Важіль straight_link RH (R5),SKU-3673-LH,RH,straight_link,False,20.5,7.2,6.3,0.88,0.93,0.26,R5,R5,1.8,3,2.6,0.8
SKU-3674-LH,Важіль a_shaped LH (R5),SKU-3674-RH,LH,a_shaped,True,41.9,28.2,12.5,5.13,14.77,15.51,R5,R5,1.3,2,10.3,31.0
SKU-3674-RH,Важіль a_shaped RH (R5),SKU-3674-LH,RH,a_shaped,True,41.9,28.2,12.5,5.13,14.77,15.51,R5,R5,1.3,2,10.3,31.0
SKU-3675-LH,Важіль a_shaped LH (R5),SKU-3675-RH,LH,a_shaped,False,36.9,39.8,11.1,5.58,16.3,8.48,R5,R5,1.4,3,16.7,25.4
SKU-3675-RH,Важіль a_shaped RH (R5),SKU-3675-LH,RH,a_shaped,False,36.9,39.8,11.1,5.58,16.3,8.48,R5,R5,1.3,2,11.2,17.0
SKU-3676-LH,Важіль straight_link LH (R5),SKU-3676-RH,LH,straight_link,False,31.9,7.1,5.9,1.39,1.34,0.38,R5,R5,1.7,3,4.2,1.1
SKU-3676-RH,Важіль straight_link RH (R5),SKU-3676-LH,RH,straight_link,False,31.9,7.1,5.9,1.39,1.34,0.38,R5,R5,1.7,3,4.2,1.1
SKU-3677-LH,Важіль heavy_integral LH (R5),SKU-3677-RH,LH,heavy_integral,False,61.0,23.6,14.7,6.36,21.16,14.39,R5,R5,1.8,3,19.1,43.2
SKU-3677-RH,Важіль heavy_integral RH (R5),SKU-3677-LH,RH,heavy_integral,False,61.0,23.6,14.7,6.36,21.16,14.39,R5,R5,2.0,3,19.1,43.2
SKU-3678-LH,Важіль curved LH (R5),SKU-3678-RH,LH,curved,False,41.0,19.7,6.3,2.56,5.09,2.14,R5,R5,1.2,2,5.1,4.3
SKU-3678-RH,Важіль curved RH (R5),SKU-3678-LH,RH,curved,False,41.0,19.7,6.3,2.56,5.09,2.14,R5,R5,1.2,2,5.1,4.3
SKU-3679-LH,Важіль a_shaped LH (R5),SKU-3679-RH,LH,a_shaped,True,51.5,40.7,10.0,5.25,20.96,22.01,R5,R5,1.5,3,15.8,66.0
SKU-3679-RH,Важіль a_shaped RH (R5),SKU-3679-LH,RH,a_shaped,True,51.5,40.7,10.0,5.25,20.96,22.01,R5,R5,1.5,3,15.8,66.0
SKU-3680-LH,Важіль a_shaped LH (R5),SKU-3680-RH,LH,a_shaped,False,43.1,32.9,14.7,4.16,20.84,10.84,R5,R5,1.1,2,8.3,21.7
SKU-3680-RH,Важіль a_shaped RH (R5),SKU-3680-LH,RH,a_shaped,False,43.1,32.9,14.7,4.16,20.84,10.84,R5,R5,1.1,2,8.3,21.7
SKU-3681-LH,Важіль straight_link LH (R5),SKU-3681-RH,LH,straight_link,False,25.2,6.3,6.0,0.47,0.95,0.27,R5,R5,1.5,3,1.4,0.8
SKU-3681-RH,Важіль straight_link RH (R5),SKU-3681-LH,RH,straight_link,False,25.2,6.3,6.0,0.47,0.95,0.27,R5,R5,1.6,3,1.4,0.8
SKU-3682-LH,Важіль straight_link LH (R5),SKU-3682-RH,LH,straight_link,False,22.3,7.3,4.9,0.71,0.8,0.22,R5,R5,1.7,3,2.1,0.7
SKU-3682-RH,Важіль straight_link RH (R5),SKU-3682-LH,RH,straight_link,False,22.3,7.3,4.9,0.71,0.8,0.22,R5,R5,1.6,3,2.1,0.7
SKU-3683-LH,Важіль a_shaped LH (R5),SKU-3683-RH,LH,a_shaped,False,36.6,40.8,8.6,6.43,12.84,6.68,R5,R5,1.4,3,19.3,20.0
SKU-3683-RH,Важіль a_shaped RH (R5),SKU-3683-LH,RH,a_shaped,False,36.6,40.8,8.6,6.43,12.84,6.68,R5,R5,1.4,3,19.3,20.0
SKU-3684-LH,Важіль trailing LH (R5),SKU-3684-RH,LH,trailing,False,75.9,7.2,6.0,3.81,3.28,1.25,R5,R5,1.1,2,7.6,2.5
SKU-3684-RH,Важіль trailing RH (R5),SKU-3684-LH,RH,trailing,False,75.9,7.2,6.0,3.81,3.28,1.25,R5,R5,1.1,2,7.6,2.5
SKU-3685-LH,Важіль a_shaped LH (R5),SKU-3685-RH,LH,a_shaped,False,38.4,34.8,12.7,6.35,16.97,8.82,R5,R5,2.0,3,19.0,26.5
SKU-3685-RH,Важіль a_shaped RH (R5),SKU-3685-LH,RH,a_shaped,False,38.4,34.8,12.7,6.35,16.97,8.82,R5,R5,2.0,3,19.0,26.5
SKU-3686-LH,Важіль a_shaped LH (R5),SKU-3686-RH,LH,a_shaped,False,37.8,37.4,14.9,5.96,21.06,10.95,R5,R5,1.0,2,11.9,21.9
SKU-3686-RH,Важіль a_shaped RH (R5),SKU-3686-LH,RH,a_shaped,False,37.8,37.4,14.9,5.96,21.06,10.95,R5,R5,1.0,2,11.9,21.9
SKU-3687-LH,Важіль straight_link LH (R5),SKU-3687-RH,LH,straight_link,False,28.1,6.0,4.8,1.34,0.81,0.23,R5,R5,1.7,3,4.0,0.7
SKU-3687-RH,Важіль straight_link RH (R5),SKU-3687-LH,RH,straight_link,False,28.1,6.0,4.8,1.34,0.81,0.23,R5,R5,1.7,3,4.0,0.7
SKU-3688-LH,Важіль a_shaped LH (R5),SKU-3688-RH,LH,a_shaped,False,50.2,32.5,7.3,3.76,11.91,6.19,R5,R5,1.3,2,7.5,12.4
SKU-3688-RH,Важіль a_shaped RH (R5),SKU-3688-LH,RH,a_shaped,False,50.2,32.5,7.3,3.76,11.91,6.19,R5,R5,1.3,2,7.5,12.4
SKU-3689-LH,Важіль trailing LH (R5),SKU-3689-RH,LH,trailing,False,70.6,6.1,5.4,2.85,2.33,0.89,R5,R5,1.1,2,5.7,1.8
SKU-3689-RH,Важіль trailing RH (R5),SKU-3689-LH,RH,trailing,False,70.6,6.1,5.4,2.85,2.33,0.89,R5,R5,1.2,2,5.7,1.8
SKU-3690-LH,Важіль straight_link LH (R5),SKU-3690-RH,LH,straight_link,False,28.5,6.9,6.3,1.14,1.24,0.35,R5,R5,1.3,2,2.3,0.7
SKU-3690-RH,Важіль straight_link RH (R5),SKU-3690-LH,RH,straight_link,False,28.5,6.9,6.3,1.14,1.24,0.35,R5,R5,1.2,2,2.3,0.7
SKU-3691-LH,Важіль a_shaped LH (R5),SKU-3691-RH,LH,a_shaped,False,40.6,41.6,14.9,6.14,25.17,13.09,R5,R5,1.6,3,18.4,39.3
SKU-3691-RH,Важіль a_shaped RH (R5),SKU-3691-LH,RH,a_shaped,False,40.6,41.6,14.9,6.14,25.17,13.09,R5,R5,1.7,3,18.4,39.3
SKU-3692-LH,Важіль curved LH (R5),SKU-3692-RH,LH,curved,False,41.1,13.8,7.0,3.14,3.97,1.67,R5,R5,1.2,2,6.3,3.3
SKU-3692-RH,Важіль curved RH (R5),SKU-3692-LH,RH,curved,False,41.1,13.8,7.0,3.14,3.97,1.67,R5,R5,1.2,2,6.3,3.3
SKU-3693-LH,Важіль straight_link LH (R5),SKU-3693-RH,LH,straight_link,False,22.7,6.5,5.7,1.03,0.84,0.24,R5,R5,1.6,3,3.1,0.7
SKU-3693-RH,Важіль straight_link RH (R5),SKU-3693-LH,RH,straight_link,False,22.7,6.5,5.7,1.03,0.84,0.24,R5,R5,1.5,3,3.1,0.7
SKU-3694-LH,Важіль curved LH (R5),SKU-3694-RH,LH,curved,False,40.6,13.5,7.2,1.78,3.95,1.66,R5,R5,1.9,3,5.3,5.0
SKU-3694-RH,Важіль curved RH (R5),SKU-3694-LH,RH,curved,False,40.6,13.5,7.2,1.78,3.95,1.66,R5,R5,1.9,3,5.3,5.0
SKU-3695-LH,Важіль trailing LH (R5),SKU-3695-RH,LH,trailing,False,72.9,6.7,8.1,4.02,3.96,1.5,R5,R5,1.1,2,8.0,3.0
SKU-3695-RH,Важіль trailing RH (R5),SKU-3695-LH,RH,trailing,False,72.9,6.7,8.1,4.02,3.96,1.5,R5,R5,1.1,2,8.0,3.0
SKU-3696-LH,Важіль curved LH (R5),SKU-3696-RH,LH,curved,False,33.9,18.4,5.2,2.97,3.24,1.36,R5,R5,1.0,2,5.9,2.7
SKU-3696-RH,Важіль curved RH (R5),SKU-3696-LH,RH,curved,False,33.9,18.4,5.2,2.97,3.24,1.36,R5,R5,1.0,2,5.9,2.7
SKU-3697-LH,Важіль curved LH (R5),SKU-3697-RH,LH,curved,False,31.0,15.4,7.6,2.99,3.63,1.52,R5,R5,1.5,3,9.0,4.6
SKU-3697-RH,Важіль curved RH (R5),SKU-3697-LH,RH,curved,False,31.0,15.4,7.6,2.99,3.63,1.52,R5,R5,1.4,3,9.0,4.6
SKU-3698-LH,Важіль trailing LH (R5),SKU-3698-RH,LH,trailing,False,66.3,10.7,5.3,2.19,3.76,1.43,R5,R5,1.2,2,4.4,2.9
SKU-3698-RH,Важіль trailing RH (R5),SKU-3698-LH,RH,trailing,False,66.3,10.7,5.3,2.19,3.76,1.43,R5,R5,1.1,2,4.4,2.9
SKU-3699-LH,Важіль trailing LH (R5),SKU-3699-RH,LH,trailing,False,53.9,7.0,6.2,3.42,2.34,0.89,R5,R5,1.6,3,10.3,2.7
SKU-3699-RH,Важіль trailing RH (R5),SKU-3699-LH,RH,trailing,False,53.9,7.0,6.2,3.42,2.34,0.89,R5,R5,1.7,3,10.3,2.7
SKU-3700-UNI,Тяга/стійка straight_link UNI (R5),,UNI,straight_link,False,28.0,5.8,4.8,1.25,0.78,0.22,R5,R5,1.8,3,3.8,0.7
SKU-3701-UNI,Тяга/стійка straight_link UNI (R5),,UNI,straight_link,False,26.2,4.9,6.4,0.71,0.82,0.23,R5,R5,1.8,3,2.1,0.7
SKU-3702-UNI,Тяга/стійка straight_link UNI (R5),,UNI,straight_link,False,18.2,4.9,4.7,0.91,0.42,0.12,R5,R5,1.2,2,1.8,0.2
SKU-3703-UNI,Тяга/стійка straight_link UNI (R5),,UNI,straight_link,False,21.4,6.5,6.0,1.39,0.83,0.23,R5,R5,2.0,3,4.2,0.7
SKU-3704-UNI,Тяга/стійка straight_link UNI (R5),,UNI,straight_link,False,28.6,5.4,6.6,1.36,1.02,0.29,R5,R5,1.0,2,2.7,0.6
SKU-3705-UNI,Тяга/стійка straight_link UNI (R5),,UNI,straight_link,False,21.1,6.0,5.6,0.98,0.71,0.2,R5,R5,1.6,3,2.9,0.6
SKU-3706-UNI,Тяга/стійка trailing UNI (R5),,UNI,trailing,False,66.4,10.2,6.3,3.02,4.27,1.62,R5,R5,1.5,3,9.1,4.9
SKU-3707-UNI,Тяга/стійка straight_link UNI (R5),,UNI,straight_link,False,23.3,6.1,6.0,1.04,0.85,0.24,R5,R5,1.4,3,3.1,0.7
SKU-3708-UNI,Тяга/стійка straight_link UNI (R5),,UNI,straight_link,False,26.6,4.5,4.9,0.44,0.59,0.17,R5,R5,1.1,2,0.9,0.3
SKU-3709-UNI,Тяга/стійка straight_link UNI (R5),,UNI,straight_link,False,18.3,4.9,6.3,0.46,0.56,0.16,R5,R5,1.4,3,1.4,0.5
SKU-3710-UNI,Тяга/стійка straight_link UNI (R5),,UNI,straight_link,False,29.1,5.1,7.2,0.73,1.07,0.3,R5,R5,1.1,2,1.5,0.6
SKU-3711-UNI,Тяга/стійка trailing UNI (R5),,UNI,trailing,False,74.6,8.3,7.7,3.51,4.77,1.81,R5,R5,1.2,2,7.0,3.6
SKU-3712-UNI,Тяга/стійка trailing UNI (R5),,UNI,trailing,False,64.2,10.6,5.0,3.74,3.4,1.29,R5,R5,1.1,2,7.5,2.6
SKU-3713-UNI,Тяга/стійка straight_link UNI (R5),,UNI,straight_link,False,26.9,6.4,4.2,0.82,0.72,0.2,R5,R5,1.6,3,2.5,0.6
SKU-3714-UNI,Тяга/стійка trailing UNI (R5),,UNI,trailing,True,55.5,9.3,7.1,2.44,3.66,3.84,R5,R5,1.5,3,7.3,11.5
SKU-3715-UNI,Тяга/стійка straight_link UNI (R5),,UNI,straight_link,False,18.2,6.2,4.3,0.41,0.49,0.14,R5,R5,1.2,2,0.8,0.3
SKU-3716-UNI,Тяга/стійка straight_link UNI (R5),,UNI,straight_link,False,29.2,5.0,6.2,0.81,0.91,0.25,R5,R5,1.2,2,1.6,0.5
SKU-3717-UNI,Тяга/стійка straight_link UNI (R5),,UNI,straight_link,False,29.2,6.9,7.0,0.74,1.41,0.39,R5,R5,1.8,3,2.2,1.2
SKU-3718-UNI,Тяга/стійка straight_link UNI (R5),,UNI,straight_link,False,28.3,7.3,4.0,0.84,0.83,0.23,R5,R5,1.6,3,2.5,0.7
SKU-3719-UNI,Тяга/стійка straight_link UNI (R5),,UNI,straight_link,False,20.5,7.4,6.2,0.56,0.94,0.26,R5,R5,1.0,2,1.1,0.5
SKU-3720-UNI,Тяга/стійка straight_link UNI (R5),,UNI,straight_link,False,19.1,4.5,6.0,1.0,0.52,0.15,R5,R5,1.7,3,3.0,0.4
SKU-3721-UNI,Тяга/стійка straight_link UNI (R5),,UNI,straight_link,False,28.8,7.4,4.9,1.1,1.04,0.29,R5,R5,1.9,3,3.3,0.9
SKU-3722-UNI,Тяга/стійка straight_link UNI (R5),,UNI,straight_link,False,27.5,4.8,5.9,0.96,0.78,0.22,R5,R5,1.7,3,2.9,0.7
SKU-3723-UNI,Тяга/стійка straight_link UNI (R5),,UNI,straight_link,False,18.5,4.2,4.3,1.14,0.33,0.1,R5,R5,1.1,2,2.3,0.2
SKU-3724-UNI,Тяга/стійка trailing UNI (R5),,UNI,trailing,False,60.4,8.3,5.9,3.92,2.96,1.12,R5,R5,1.6,3,11.8,3.4
SKU-3725-UNI,Тяга/стійка straight_link UNI (R5),,UNI,straight_link,False,26.0,4.4,4.6,1.39,0.53,0.15,R5,R5,1.7,3,4.2,0.4
SKU-3726-UNI,Тяга/стійка trailing UNI (R5),,UNI,trailing,True,70.3,8.1,6.2,2.42,3.53,3.71,R5,R5,1.8,3,7.3,11.1
SKU-3727-UNI,Тяга/стійка trailing UNI (R5),,UNI,trailing,True,59.5,7.5,5.6,3.17,2.5,2.62,R5,R5,1.0,2,6.3,5.2
SKU-3728-UNI,Тяга/стійка trailing UNI (R5),,UNI,trailing,False,76.3,7.6,6.4,3.09,3.71,1.41,R5,R5,1.6,3,9.3,4.2
SKU-3729-UNI,Тяга/стійка straight_link UNI (R5),,UNI,straight_link,False,20.7,7.1,6.7,1.12,0.98,0.27,R5,R5,1.1,2,2.2,0.5
SKU-3730-UNI,Тяга/стійка straight_link UNI (R5),,UNI,straight_link,True,26.3,7.0,6.0,0.61,1.1,1.16,R5,R5,1.1,2,1.2,2.3
SKU-3731-UNI,Тяга/стійка straight_link UNI (R5),,UNI,straight_link,False,28.1,4.6,4.1,0.81,0.53,0.15,R5,R5,1.6,3,2.4,0.4
SKU-3732-UNI,Тяга/стійка trailing UNI (R5),,UNI,trailing,False,73.1,9.1,5.4,3.53,3.59,1.36,R5,R5,2.0,3,10.6,4.1
SKU-3733-UNI,Тяга/стійка straight_link UNI (R5),,UNI,straight_link,False,30.2,5.1,6.6,1.25,1.02,0.29,R5,R5,1.7,3,3.8,0.9
SKU-3734-UNI,Тяга/стійка straight_link UNI (R5),,UNI,straight_link,False,31.4,5.6,4.5,0.51,0.79,0.22,R5,R5,1.6,3,1.5,0.7
SKU-3735-UNI,Тяга/стійка straight_link UNI (R5),,UNI,straight_link,False,19.3,6.6,6.8,1.13,0.87,0.24,R5,R5,1.2,2,2.3,0.5
SKU-3736-UNI,Тяга/стійка straight_link UNI (R5),,UNI,straight_link,False,18.2,5.1,5.4,1.24,0.5,0.14,R5,R5,1.4,3,3.7,0.4
SKU-3737-UNI,Тяга/стійка straight_link UNI (R5),,UNI,straight_link,True,22.9,5.7,7.3,1.34,0.95,1.0,R5,R5,1.2,2,2.7,2.0
SKU-3738-UNI,Тяга/стійка straight_link UNI (R5),,UNI,straight_link,False,20.3,6.8,4.0,0.53,0.55,0.15,R5,R5,1.5,3,1.6,0.4
SKU-3739-UNI,Тяга/стійка straight_link UNI (R5),,UNI,straight_link,False,19.3,5.3,5.0,0.91,0.51,0.14,R5,R5,2.0,3,2.7,0.4
SKU-3740-LH,Важіль curved LH (RN),SKU-3740-RH,LH,curved,False,32.0,21.2,10.3,2.31,6.99,2.94,RN,RN,0.0,5,11.6,14.7
SKU-3740-RH,Важіль curved RH (RN),SKU-3740-LH,RH,curved,False,32.0,21.2,10.3,2.31,6.99,2.94,RN,RN,0.0,5,11.6,14.7
SKU-3741-LH,Важіль curved LH (RN),SKU-3741-RH,LH,curved,False,38.0,17.0,5.7,2.86,3.68,1.55,RN,RN,0.0,4,11.4,6.2
SKU-3741-RH,Важіль curved RH (RN),SKU-3741-LH,RH,curved,False,38.0,17.0,5.7,2.86,3.68,1.55,RN,RN,0.0,4,11.4,6.2
SKU-3742-LH,Важіль curved LH (RN),SKU-3742-RH,LH,curved,False,36.1,17.1,8.9,1.65,5.49,2.31,RN,RN,0.0,3,4.9,6.9
SKU-3742-RH,Важіль curved RH (RN),SKU-3742-LH,RH,curved,False,36.1,17.1,8.9,1.65,5.49,2.31,RN,RN,0.0,3,4.9,6.9
SKU-3743-LH,Важіль a_shaped LH (RN),SKU-3743-RH,LH,a_shaped,False,36.0,30.3,13.4,3.63,14.62,7.6,RN,RN,0.0,4,14.5,30.4
SKU-3743-RH,Важіль a_shaped RH (RN),SKU-3743-LH,RH,a_shaped,False,36.0,30.3,13.4,3.63,14.62,7.6,RN,RN,0.0,4,14.5,30.4
SKU-3744-LH,Важіль straight_link LH (RN),SKU-3744-RH,LH,straight_link,False,29.8,5.0,7.2,1.14,1.07,0.3,RN,RN,0.0,5,5.7,1.5
SKU-3744-RH,Важіль straight_link RH (RN),SKU-3744-LH,RH,straight_link,False,29.8,5.0,7.2,1.14,1.07,0.3,RN,RN,0.0,5,5.7,1.5
SKU-3745-LH,Важіль heavy_integral LH (RN),SKU-3745-RH,LH,heavy_integral,True,60.0,19.4,11.3,7.65,13.15,13.81,RN,RN,0.0,3,23.0,41.4
SKU-3745-RH,Важіль heavy_integral RH (RN),SKU-3745-LH,RH,heavy_integral,True,60.0,19.4,11.3,7.65,13.15,13.81,RN,RN,0.0,3,23.0,41.4
SKU-3746-LH,Важіль a_shaped LH (RN),SKU-3746-RH,LH,a_shaped,False,40.4,31.3,10.3,4.99,13.02,6.77,RN,RN,0.0,5,25.0,33.8
SKU-3746-RH,Важіль a_shaped RH (RN),SKU-3746-LH,RH,a_shaped,False,40.4,31.3,10.3,4.99,13.02,6.77,RN,RN,0.0,5,25.0,33.8
SKU-3747-LH,Важіль straight_link LH (RN),SKU-3747-RH,LH,straight_link,False,22.0,4.5,6.6,0.45,0.65,0.18,RN,RN,0.0,3,1.4,0.5
SKU-3747-RH,Важіль straight_link RH (RN),SKU-3747-LH,RH,straight_link,False,22.0,4.5,6.6,0.45,0.65,0.18,RN,RN,0.0,3,1.4,0.5
SKU-3748-LH,Важіль straight_link LH (RN),SKU-3748-RH,LH,straight_link,False,19.7,4.4,7.3,1.22,0.63,0.18,RN,RN,0.0,4,4.9,0.7
SKU-3748-RH,Важіль straight_link RH (RN),SKU-3748-LH,RH,straight_link,False,19.7,4.4,7.3,1.22,0.63,0.18,RN,RN,0.0,4,4.9,0.7
SKU-3749-LH,Важіль trailing LH (RN),SKU-3749-RH,LH,trailing,False,77.7,9.1,7.5,3.68,5.3,2.01,RN,RN,0.0,4,14.7,8.0
SKU-3749-RH,Важіль trailing RH (RN),SKU-3749-LH,RH,trailing,False,77.7,9.1,7.5,3.68,5.3,2.01,RN,RN,0.0,4,14.7,8.0
SKU-3750-LH,Важіль straight_link LH (RN),SKU-3750-RH,LH,straight_link,False,28.6,5.2,4.5,0.71,0.67,0.19,RN,RN,0.0,3,2.1,0.6
SKU-3750-RH,Важіль straight_link RH (RN),SKU-3750-LH,RH,straight_link,False,28.6,5.2,4.5,0.71,0.67,0.19,RN,RN,0.0,3,2.1,0.6
SKU-3751-LH,Важіль trailing LH (RN),SKU-3751-RH,LH,trailing,False,64.0,9.3,8.3,2.93,4.94,1.88,RN,RN,0.0,3,8.8,5.6
SKU-3751-RH,Важіль trailing RH (RN),SKU-3751-LH,RH,trailing,False,64.0,9.3,8.3,2.93,4.94,1.88,RN,RN,0.0,3,8.8,5.6
SKU-3752-LH,Важіль a_shaped LH (RN),SKU-3752-RH,LH,a_shaped,False,51.3,36.0,8.5,4.39,15.7,8.16,RN,RN,0.0,3,13.2,24.5
SKU-3752-RH,Важіль a_shaped RH (RN),SKU-3752-LH,RH,a_shaped,False,51.3,36.0,8.5,4.39,15.7,8.16,RN,RN,0.0,3,13.2,24.5
SKU-3753-LH,Важіль a_shaped LH (RN),SKU-3753-RH,LH,a_shaped,False,46.5,37.0,7.2,3.77,12.39,6.44,RN,RN,0.0,5,18.9,32.2
SKU-3753-RH,Важіль a_shaped RH (RN),SKU-3753-LH,RH,a_shaped,False,46.5,37.0,7.2,3.77,12.39,6.44,RN,RN,0.0,5,18.9,32.2
SKU-3754-LH,Важіль heavy_integral LH (RN),SKU-3754-RH,LH,heavy_integral,False,75.4,19.3,12.8,8.15,18.63,12.67,RN,RN,0.0,3,24.5,38.0
SKU-3754-RH,Важіль heavy_integral RH (RN),SKU-3754-LH,RH,heavy_integral,False,75.4,19.3,12.8,8.15,18.63,12.67,RN,RN,0.0,3,24.5,38.0
SKU-3755-LH,Важіль straight_link LH (RN),SKU-3755-RH,LH,straight_link,False,29.6,7.5,6.9,0.96,1.53,0.43,RN,RN,0.0,4,3.8,1.7
SKU-3755-RH,Важіль straight_link RH (RN),SKU-3755-LH,RH,straight_link,False,29.6,7.5,6.9,0.96,1.53,0.43,RN,RN,0.0,4,3.8,1.7
SKU-3756-LH,Важіль curved LH (RN),SKU-3756-RH,LH,curved,False,30.0,19.0,8.6,2.62,4.9,2.06,RN,RN,0.0,5,13.1,10.3
SKU-3756-RH,Важіль curved RH (RN),SKU-3756-LH,RH,curved,False,30.0,19.0,8.6,2.62,4.9,2.06,RN,RN,0.0,5,13.1,10.3
SKU-3757-LH,Важіль a_shaped LH (RN),SKU-3757-RH,LH,a_shaped,False,42.5,27.0,14.0,5.38,16.07,8.36,RN,RN,0.0,3,16.1,25.1
SKU-3757-RH,Важіль a_shaped RH (RN),SKU-3757-LH,RH,a_shaped,False,42.5,27.0,14.0,5.38,16.07,8.36,RN,RN,0.0,3,16.1,25.1
SKU-3758-LH,Важіль a_shaped LH (RN),SKU-3758-RH,LH,a_shaped,False,44.3,31.2,14.1,5.74,19.49,10.13,RN,RN,0.0,4,23.0,40.5
SKU-3758-RH,Важіль a_shaped RH (RN),SKU-3758-LH,RH,a_shaped,False,44.3,31.2,14.1,5.74,19.49,10.13,RN,RN,0.0,4,23.0,40.5
SKU-3759-LH,Важіль straight_link LH (RN),SKU-3759-RH,LH,straight_link,False,19.2,4.5,4.9,0.82,0.42,0.12,RN,RN,0.0,4,3.3,0.5
SKU-3759-RH,Важіль straight_link RH (RN),SKU-3759-LH,RH,straight_link,False,19.2,4.5,4.9,0.82,0.42,0.12,RN,RN,0.0,4,3.3,0.5
SKU-3760-LH,Важіль curved LH (RN),SKU-3760-RH,LH,curved,True,34.9,17.7,6.3,2.94,3.89,4.08,RN,RN,0.0,4,11.8,16.3
SKU-3760-RH,Важіль curved RH (RN),SKU-3760-LH,RH,curved,True,34.9,17.7,6.3,2.94,3.89,4.08,RN,RN,0.0,4,11.8,16.3
SKU-3761-LH,Важіль straight_link LH (RN),SKU-3761-RH,LH,straight_link,False,30.2,4.4,6.7,0.98,0.89,0.25,RN,RN,0.0,5,4.9,1.2
SKU-3761-RH,Важіль straight_link RH (RN),SKU-3761-LH,RH,straight_link,False,30.2,4.4,6.7,0.98,0.89,0.25,RN,RN,0.0,5,4.9,1.2
SKU-3762-LH,Важіль curved LH (RN),SKU-3762-RH,LH,curved,False,32.2,20.1,5.0,2.54,3.24,1.36,RN,RN,0.0,4,10.2,5.4
SKU-3762-RH,Важіль curved RH (RN),SKU-3762-LH,RH,curved,False,32.2,20.1,5.0,2.54,3.24,1.36,RN,RN,0.0,4,10.2,5.4
SKU-3763-LH,Важіль straight_link LH (RN),SKU-3763-RH,LH,straight_link,False,24.0,4.4,7.3,0.92,0.77,0.22,RN,RN,0.0,3,2.8,0.7
SKU-3763-RH,Важіль straight_link RH (RN),SKU-3763-LH,RH,straight_link,False,24.0,4.4,7.3,0.92,0.77,0.22,RN,RN,0.0,3,2.8,0.7
SKU-3764-LH,Важіль heavy_integral LH (RN),SKU-3764-RH,LH,heavy_integral,False,70.2,16.1,16.8,9.31,18.99,12.91,RN,RN,0.0,4,37.2,51.6
SKU-3764-RH,Важіль heavy_integral RH (RN),SKU-3764-LH,RH,heavy_integral,False,70.2,16.1,16.8,9.31,18.99,12.91,RN,RN,0.0,4,37.2,51.6
SKU-3765-LH,Важіль a_shaped LH (RN),SKU-3765-RH,LH,a_shaped,False,39.9,41.2,12.5,6.64,20.55,10.69,RN,RN,0.0,3,19.9,32.1
SKU-3765-RH,Важіль a_shaped RH (RN),SKU-3765-LH,RH,a_shaped,False,39.9,41.2,12.5,6.64,20.55,10.69,RN,RN,0.0,3,19.9,32.1
SKU-3766-LH,Важіль straight_link LH (RN),SKU-3766-RH,LH,straight_link,False,28.3,7.3,5.2,1.3,1.07,0.3,RN,RN,0.0,3,3.9,0.9
SKU-3766-RH,Важіль straight_link RH (RN),SKU-3766-LH,RH,straight_link,False,28.3,7.3,5.2,1.3,1.07,0.3,RN,RN,0.0,3,3.9,0.9
SKU-3767-LH,Важіль heavy_integral LH (RN),SKU-3767-RH,LH,heavy_integral,False,73.6,16.2,12.9,6.28,15.38,10.46,RN,RN,0.0,3,18.8,31.4
SKU-3767-RH,Важіль heavy_integral RH (RN),SKU-3767-LH,RH,heavy_integral,False,73.6,16.2,12.9,6.28,15.38,10.46,RN,RN,0.0,3,18.8,31.4
SKU-3768-LH,Важіль a_shaped LH (RN),SKU-3768-RH,LH,a_shaped,False,44.7,38.6,8.6,5.15,14.84,7.72,RN,RN,0.0,5,25.8,38.6
SKU-3768-RH,Важіль a_shaped RH (RN),SKU-3768-LH,RH,a_shaped,False,44.7,38.6,8.6,5.15,14.84,7.72,RN,RN,0.0,5,25.8,38.6
SKU-3769-LH,Важіль curved LH (RN),SKU-3769-RH,LH,curved,False,28.4,21.4,6.1,3.15,3.71,1.56,RN,RN,0.0,5,15.8,7.8
SKU-3769-RH,Важіль curved RH (RN),SKU-3769-LH,RH,curved,False,28.4,21.4,6.1,3.15,3.71,1.56,RN,RN,0.0,5,15.8,7.8
SKU-3770-LH,Важіль a_shaped LH (RN),SKU-3770-RH,LH,a_shaped,False,50.7,40.1,10.9,4.75,22.16,11.52,RN,RN,0.0,5,23.8,57.6
SKU-3770-RH,Важіль a_shaped RH (RN),SKU-3770-LH,RH,a_shaped,False,50.7,40.1,10.9,4.75,22.16,11.52,RN,RN,0.0,5,23.8,57.6
SKU-3771-LH,Важіль trailing LH (RN),SKU-3771-RH,LH,trailing,False,67.2,9.6,6.7,4.02,4.32,1.64,RN,RN,0.0,4,16.1,6.6
SKU-3771-RH,Важіль trailing RH (RN),SKU-3771-LH,RH,trailing,False,67.2,9.6,6.7,4.02,4.32,1.64,RN,RN,0.0,4,16.1,6.6
SKU-3772-LH,Важіль heavy_integral LH (RN),SKU-3772-RH,LH,heavy_integral,False,52.2,23.0,14.1,8.33,16.93,11.51,RN,RN,0.0,4,33.3,46.0
SKU-3772-RH,Важіль heavy_integral RH (RN),SKU-3772-LH,RH,heavy_integral,False,52.2,23.0,14.1,8.33,16.93,11.51,RN,RN,0.0,4,33.3,46.0
SKU-3773-LH,Важіль straight_link LH (RN),SKU-3773-RH,LH,straight_link,False,23.1,5.8,4.8,0.79,0.64,0.18,RN,RN,0.0,4,3.2,0.7
SKU-3773-RH,Важіль straight_link RH (RN),SKU-3773-LH,RH,straight_link,False,23.1,5.8,4.8,0.79,0.64,0.18,RN,RN,0.0,4,3.2,0.7
SKU-3774-LH,Важіль straight_link LH (RN),SKU-3774-RH,LH,straight_link,False,19.5,6.9,6.4,0.43,0.86,0.24,RN,RN,0.0,5,2.1,1.2
SKU-3774-RH,Важіль straight_link RH (RN),SKU-3774-LH,RH,straight_link,False,19.5,6.9,6.4,0.43,0.86,0.24,RN,RN,0.0,5,2.1,1.2
SKU-3775-LH,Важіль straight_link LH (RN),SKU-3775-RH,LH,straight_link,False,25.1,4.2,7.2,0.69,0.76,0.21,RN,RN,0.0,3,2.1,0.6
SKU-3775-RH,Важіль straight_link RH (RN),SKU-3775-LH,RH,straight_link,False,25.1,4.2,7.2,0.69,0.76,0.21,RN,RN,0.0,3,2.1,0.6
SKU-3776-LH,Важіль a_shaped LH (RN),SKU-3776-RH,LH,a_shaped,False,45.2,30.2,14.3,3.66,19.52,10.15,RN,RN,0.0,5,18.3,50.8
SKU-3776-RH,Важіль a_shaped RH (RN),SKU-3776-LH,RH,a_shaped,False,45.2,30.2,14.3,3.66,19.52,10.15,RN,RN,0.0,5,18.3,50.8
SKU-3777-LH,Важіль straight_link LH (RN),SKU-3777-RH,LH,straight_link,False,28.4,5.2,6.6,1.31,0.97,0.27,RN,RN,0.0,3,3.9,0.8
SKU-3777-RH,Важіль straight_link RH (RN),SKU-3777-LH,RH,straight_link,False,28.4,5.2,6.6,1.31,0.97,0.27,RN,RN,0.0,3,3.9,0.8
SKU-3778-LH,Важіль curved LH (RN),SKU-3778-RH,LH,curved,False,34.1,13.8,6.5,1.64,3.06,1.29,RN,RN,0.0,3,4.9,3.9
SKU-3778-RH,Важіль curved RH (RN),SKU-3778-LH,RH,curved,False,34.1,13.8,6.5,1.64,3.06,1.29,RN,RN,0.0,3,4.9,3.9
SKU-3779-LH,Важіль trailing LH (RN),SKU-3779-RH,LH,trailing,False,77.8,6.7,7.2,3.5,3.75,1.43,RN,RN,0.0,4,14.0,5.7
SKU-3779-RH,Важіль trailing RH (RN),SKU-3779-LH,RH,trailing,False,77.8,6.7,7.2,3.5,3.75,1.43,RN,RN,0.0,4,14.0,5.7
SKU-3780-LH,Важіль heavy_integral LH (RN),SKU-3780-RH,LH,heavy_integral,False,69.8,16.5,15.9,6.67,18.31,12.45,RN,RN,0.0,4,26.7,49.8
SKU-3780-RH,Важіль heavy_integral RH (RN),SKU-3780-LH,RH,heavy_integral,False,69.8,16.5,15.9,6.67,18.31,12.45,RN,RN,0.0,4,26.7,49.8
SKU-3781-LH,Важіль straight_link LH (RN),SKU-3781-RH,LH,straight_link,False,28.2,7.3,6.6,1.09,1.36,0.38,RN,RN,0.0,5,5.5,1.9
SKU-3781-RH,Важіль straight_link RH (RN),SKU-3781-LH,RH,straight_link,False,28.2,7.3,6.6,1.09,1.36,0.38,RN,RN,0.0,5,5.5,1.9
SKU-3782-LH,Важіль trailing LH (RN),SKU-3782-RH,LH,trailing,False,52.5,8.1,6.1,2.52,2.59,0.98,RN,RN,0.0,3,7.6,2.9
SKU-3782-RH,Важіль trailing RH (RN),SKU-3782-LH,RH,trailing,False,52.5,8.1,6.1,2.52,2.59,0.98,RN,RN,0.0,3,7.6,2.9
SKU-3783-LH,Важіль trailing LH (RN),SKU-3783-RH,LH,trailing,False,52.1,10.2,6.0,3.96,3.19,1.21,RN,RN,0.0,3,11.9,3.6
SKU-3783-RH,Важіль trailing RH (RN),SKU-3783-LH,RH,trailing,False,52.1,10.2,6.0,3.96,3.19,1.21,RN,RN,0.0,3,11.9,3.6
SKU-3784-LH,Важіль a_shaped LH (RN),SKU-3784-RH,LH,a_shaped,False,41.9,38.2,8.5,4.61,13.6,7.07,RN,RN,0.0,5,23.1,35.4
SKU-3784-RH,Важіль a_shaped RH (RN),SKU-3784-LH,RH,a_shaped,False,41.9,38.2,8.5,4.61,13.6,7.07,RN,RN,0.0,5,23.1,35.4
SKU-3785-LH,Важіль a_shaped LH (RN),SKU-3785-RH,LH,a_shaped,False,45.6,33.7,8.6,4.05,13.22,6.87,RN,RN,0.0,3,12.1,20.6
SKU-3785-RH,Важіль a_shaped RH (RN),SKU-3785-LH,RH,a_shaped,False,45.6,33.7,8.6,4.05,13.22,6.87,RN,RN,0.0,3,12.1,20.6
SKU-3786-LH,Важіль a_shaped LH (RN),SKU-3786-RH,LH,a_shaped,False,51.5,28.4,13.1,3.71,19.16,9.96,RN,RN,0.0,4,14.8,39.8
SKU-3786-RH,Важіль a_shaped RH (RN),SKU-3786-LH,RH,a_shaped,False,51.5,28.4,13.1,3.71,19.16,9.96,RN,RN,0.0,4,14.8,39.8
SKU-3787-LH,Важіль trailing LH (RN),SKU-3787-RH,LH,trailing,True,67.7,10.3,5.2,3.78,3.63,3.81,RN,RN,0.0,3,11.3,11.4
SKU-3787-RH,Важіль trailing RH (RN),SKU-3787-LH,RH,trailing,True,67.7,10.3,5.2,3.78,3.63,3.81,RN,RN,0.0,3,11.3,11.4
SKU-3788-LH,Важіль trailing LH (RN),SKU-3788-RH,LH,trailing,False,65.3,8.5,7.5,3.63,4.16,1.58,RN,RN,0.0,3,10.9,4.7
SKU-3788-RH,Важіль trailing RH (RN),SKU-3788-LH,RH,trailing,False,65.3,8.5,7.5,3.63,4.16,1.58,RN,RN,0.0,3,10.9,4.7
SKU-3789-LH,Важіль straight_link LH (RN),SKU-3789-RH,LH,straight_link,False,18.5,5.6,6.9,1.13,0.71,0.2,RN,RN,0.0,5,5.6,1.0
SKU-3789-RH,Важіль straight_link RH (RN),SKU-3789-LH,RH,straight_link,False,18.5,5.6,6.9,1.13,0.71,0.2,RN,RN,0.0,5,5.6,1.0
SKU-3790-LH,Важіль straight_link LH (RN),SKU-3790-RH,LH,straight_link,False,29.5,7.0,6.8,1.29,1.4,0.39,RN,RN,0.0,4,5.2,1.6
SKU-3790-RH,Важіль straight_link RH (RN),SKU-3790-LH,RH,straight_link,False,29.5,7.0,6.8,1.29,1.4,0.39,RN,RN,0.0,4,5.2,1.6
SKU-3791-LH,Важіль a_shaped LH (RN),SKU-3791-RH,LH,a_shaped,False,48.5,30.2,10.0,6.26,14.65,7.62,RN,RN,0.0,4,25.0,30.5
SKU-3791-RH,Важіль a_shaped RH (RN),SKU-3791-LH,RH,a_shaped,False,48.5,30.2,10.0,6.26,14.65,7.62,RN,RN,0.0,4,25.0,30.5
SKU-3792-LH,Важіль curved LH (RN),SKU-3792-RH,LH,curved,False,33.0,13.4,5.7,2.18,2.52,1.06,RN,RN,0.0,5,10.9,5.3
SKU-3792-RH,Важіль curved RH (RN),SKU-3792-LH,RH,curved,False,33.0,13.4,5.7,2.18,2.52,1.06,RN,RN,0.0,5,10.9,5.3
SKU-3793-LH,Важіль straight_link LH (RN),SKU-3793-RH,LH,straight_link,False,21.1,5.1,7.3,0.66,0.79,0.22,RN,RN,0.0,5,3.3,1.1
SKU-3793-RH,Важіль straight_link RH (RN),SKU-3793-LH,RH,straight_link,False,21.1,5.1,7.3,0.66,0.79,0.22,RN,RN,0.0,5,3.3,1.1
SKU-3794-LH,Важіль straight_link LH (RN),SKU-3794-RH,LH,straight_link,False,19.3,5.2,6.2,0.65,0.62,0.17,RN,RN,0.0,4,2.6,0.7
SKU-3794-RH,Важіль straight_link RH (RN),SKU-3794-LH,RH,straight_link,False,19.3,5.2,6.2,0.65,0.62,0.17,RN,RN,0.0,4,2.6,0.7
SKU-3795-LH,Важіль curved LH (RN),SKU-3795-RH,LH,curved,False,26.3,17.8,5.3,3.36,2.48,1.04,RN,RN,0.0,5,16.8,5.2
SKU-3795-RH,Важіль curved RH (RN),SKU-3795-LH,RH,curved,False,26.3,17.8,5.3,3.36,2.48,1.04,RN,RN,0.0,5,16.8,5.2
SKU-3796-LH,Важіль trailing LH (RN),SKU-3796-RH,LH,trailing,False,71.2,9.9,8.1,4.2,5.71,2.17,RN,RN,0.0,3,12.6,6.5
SKU-3796-RH,Важіль trailing RH (RN),SKU-3796-LH,RH,trailing,False,71.2,9.9,8.1,4.2,5.71,2.17,RN,RN,0.0,3,12.6,6.5
SKU-3797-LH,Важіль curved LH (RN),SKU-3797-RH,LH,curved,False,28.9,16.8,5.8,1.63,2.82,1.18,RN,RN,0.0,4,6.5,4.7
SKU-3797-RH,Важіль curved RH (RN),SKU-3797-LH,RH,curved,False,28.9,16.8,5.8,1.63,2.82,1.18,RN,RN,0.0,4,6.5,4.7
SKU-3798-LH,Важіль heavy_integral LH (RN),SKU-3798-RH,LH,heavy_integral,False,68.7,17.8,14.8,6.44,18.1,12.31,RN,RN,0.0,4,25.8,49.2
SKU-3798-RH,Важіль heavy_integral RH (RN),SKU-3798-LH,RH,heavy_integral,False,68.7,17.8,14.8,6.44,18.1,12.31,RN,RN,0.0,4,25.8,49.2
SKU-3799-LH,Важіль straight_link LH (RN),SKU-3799-RH,LH,straight_link,False,26.1,6.3,5.0,1.27,0.82,0.23,RN,RN,0.0,3,3.8,0.7
SKU-3799-RH,Важіль straight_link RH (RN),SKU-3799-LH,RH,straight_link,False,26.1,6.3,5.0,1.27,0.82,0.23,RN,RN,0.0,3,3.8,0.7
SKU-3800-LH,Важіль trailing LH (RN),SKU-3800-RH,LH,trailing,False,65.9,9.5,7.8,2.85,4.88,1.85,RN,RN,0.0,3,8.6,5.6
SKU-3800-RH,Важіль trailing RH (RN),SKU-3800-LH,RH,trailing,False,65.9,9.5,7.8,2.85,4.88,1.85,RN,RN,0.0,3,8.6,5.6
SKU-3801-LH,Важіль trailing LH (RN),SKU-3801-RH,LH,trailing,True,73.8,8.4,8.3,2.76,5.15,5.41,RN,RN,0.0,5,13.8,27.1
SKU-3801-RH,Важіль trailing RH (RN),SKU-3801-LH,RH,trailing,True,73.8,8.4,8.3,2.76,5.15,5.41,RN,RN,0.0,5,13.8,27.1
SKU-3802-LH,Важіль straight_link LH (RN),SKU-3802-RH,LH,straight_link,False,30.2,4.0,6.5,0.69,0.79,0.22,RN,RN,0.0,5,3.4,1.1
SKU-3802-RH,Важіль straight_link RH (RN),SKU-3802-LH,RH,straight_link,False,30.2,4.0,6.5,0.69,0.79,0.22,RN,RN,0.0,5,3.4,1.1
SKU-3803-LH,Важіль straight_link LH (RN),SKU-3803-RH,LH,straight_link,False,23.0,4.2,4.1,0.88,0.4,0.11,RN,RN,0.0,5,4.4,0.6
SKU-3803-RH,Важіль straight_link RH (RN),SKU-3803-LH,RH,straight_link,False,23.0,4.2,4.1,0.88,0.4,0.11,RN,RN,0.0,5,4.4,0.6
SKU-3804-LH,Важіль curved LH (RN),SKU-3804-RH,LH,curved,False,39.5,16.9,8.8,1.94,5.87,2.47,RN,RN,0.0,3,5.8,7.4
SKU-3804-RH,Важіль curved RH (RN),SKU-3804-LH,RH,curved,False,39.5,16.9,8.8,1.94,5.87,2.47,RN,RN,0.0,3,5.8,7.4
SKU-3805-LH,Важіль a_shaped LH (RN),SKU-3805-RH,LH,a_shaped,False,36.1,36.0,13.5,5.49,17.54,9.12,RN,RN,0.0,3,16.5,27.4
SKU-3805-RH,Важіль a_shaped RH (RN),SKU-3805-LH,RH,a_shaped,False,36.1,36.0,13.5,5.49,17.54,9.12,RN,RN,0.0,3,16.5,27.4
SKU-3806-LH,Важіль curved LH (RN),SKU-3806-RH,LH,curved,False,27.7,13.3,5.4,1.62,1.99,0.84,RN,RN,0.0,5,8.1,4.2
SKU-3806-RH,Важіль curved RH (RN),SKU-3806-LH,RH,curved,False,27.7,13.3,5.4,1.62,1.99,0.84,RN,RN,0.0,5,8.1,4.2
SKU-3807-LH,Важіль straight_link LH (RN),SKU-3807-RH,LH,straight_link,False,20.6,4.7,6.3,1.32,0.61,0.17,RN,RN,0.0,3,4.0,0.5
SKU-3807-RH,Важіль straight_link RH (RN),SKU-3807-LH,RH,straight_link,False,20.6,4.7,6.3,1.32,0.61,0.17,RN,RN,0.0,3,4.0,0.5
SKU-3808-LH,Важіль a_shaped LH (RN),SKU-3808-RH,LH,a_shaped,False,39.5,41.7,13.8,3.68,22.73,11.82,RN,RN,0.0,3,11.0,35.5
SKU-3808-RH,Важіль a_shaped RH (RN),SKU-3808-LH,RH,a_shaped,False,39.5,41.7,13.8,3.68,22.73,11.82,RN,RN,0.0,3,11.0,35.5
SKU-3809-LH,Важіль trailing LH (RN),SKU-3809-RH,LH,trailing,False,54.1,9.4,7.6,2.56,3.86,1.47,RN,RN,0.0,4,10.2,5.9
SKU-3809-RH,Важіль trailing RH (RN),SKU-3809-LH,RH,trailing,False,54.1,9.4,7.6,2.56,3.86,1.47,RN,RN,0.0,4,10.2,5.9
SKU-3810-LH,Важіль straight_link LH (RN),SKU-3810-RH,LH,straight_link,False,27.3,4.7,5.1,1.19,0.65,0.18,RN,RN,0.0,5,5.9,0.9
SKU-3810-RH,Важіль straight_link RH (RN),SKU-3810-LH,RH,straight_link,False,27.3,4.7,5.1,1.19,0.65,0.18,RN,RN,0.0,5,5.9,0.9
SKU-3811-LH,Важіль straight_link LH (RN),SKU-3811-RH,LH,straight_link,False,22.8,4.6,6.7,0.46,0.7,0.2,RN,RN,0.0,3,1.4,0.6
SKU-3811-RH,Важіль straight_link RH (RN),SKU-3811-LH,RH,straight_link,False,22.8,4.6,6.7,0.46,0.7,0.2,RN,RN,0.0,3,1.4,0.6
SKU-3812-LH,Важіль trailing LH (RN),SKU-3812-RH,LH,trailing,False,76.1,6.9,8.4,3.22,4.41,1.68,RN,RN,0.0,4,12.9,6.7
SKU-3812-RH,Важіль trailing RH (RN),SKU-3812-LH,RH,trailing,False,76.1,6.9,8.4,3.22,4.41,1.68,RN,RN,0.0,4,12.9,6.7
SKU-3813-LH,Важіль curved LH (RN),SKU-3813-RH,LH,curved,False,37.4,21.0,6.6,2.02,5.18,2.18,RN,RN,0.0,3,6.1,6.5
SKU-3813-RH,Важіль curved RH (RN),SKU-3813-LH,RH,curved,False,37.4,21.0,6.6,2.02,5.18,2.18,RN,RN,0.0,3,6.1,6.5
SKU-3814-LH,Важіль curved LH (RN),SKU-3814-RH,LH,curved,False,38.4,10.7,9.2,3.08,3.78,1.59,RN,RN,0.0,4,12.3,6.4
SKU-3814-RH,Важіль curved RH (RN),SKU-3814-LH,RH,curved,False,38.4,10.7,9.2,3.08,3.78,1.59,RN,RN,0.0,4,12.3,6.4
SKU-3815-LH,Важіль trailing LH (RN),SKU-3815-RH,LH,trailing,True,56.7,7.7,5.9,4.12,2.58,2.71,RN,RN,0.0,5,20.6,13.6
SKU-3815-RH,Важіль trailing RH (RN),SKU-3815-LH,RH,trailing,True,56.7,7.7,5.9,4.12,2.58,2.71,RN,RN,0.0,5,20.6,13.6
SKU-3816-LH,Важіль heavy_integral LH (RN),SKU-3816-RH,LH,heavy_integral,False,55.7,26.0,16.6,7.68,24.04,16.35,RN,RN,0.0,3,23.0,49.1
SKU-3816-RH,Важіль heavy_integral RH (RN),SKU-3816-LH,RH,heavy_integral,False,55.7,26.0,16.6,7.68,24.04,16.35,RN,RN,0.0,3,23.0,49.1
SKU-3817-LH,Важіль straight_link LH (RN),SKU-3817-RH,LH,straight_link,False,31.6,5.8,7.1,0.75,1.3,0.36,RN,RN,0.0,3,2.2,1.1
SKU-3817-RH,Важіль straight_link RH (RN),SKU-3817-LH,RH,straight_link,False,31.6,5.8,7.1,0.75,1.3,0.36,RN,RN,0.0,3,2.2,1.1
SKU-3818-LH,Важіль trailing LH (RN),SKU-3818-RH,LH,trailing,False,61.5,6.5,7.4,2.21,2.96,1.12,RN,RN,0.0,3,6.6,3.4
SKU-3818-RH,Важіль trailing RH (RN),SKU-3818-LH,RH,trailing,False,61.5,6.5,7.4,2.21,2.96,1.12,RN,RN,0.0,3,6.6,3.4
SKU-3819-LH,Важіль curved LH (RN),SKU-3819-RH,LH,curved,False,33.7,15.4,9.3,2.32,4.83,2.03,RN,RN,0.0,3,7.0,6.1
SKU-3819-RH,Важіль curved RH (RN),SKU-3819-LH,RH,curved,False,33.7,15.4,9.3,2.32,4.83,2.03,RN,RN,0.0,3,7.0,6.1
SKU-3820-LH,Важіль a_shaped LH (RN),SKU-3820-RH,LH,a_shaped,False,36.8,38.5,8.7,4.52,12.33,6.41,RN,RN,0.0,3,13.6,19.2
SKU-3820-RH,Важіль a_shaped RH (RN),SKU-3820-LH,RH,a_shaped,False,36.8,38.5,8.7,4.52,12.33,6.41,RN,RN,0.0,3,13.6,19.2
SKU-3821-LH,Важіль straight_link LH (RN),SKU-3821-RH,LH,straight_link,False,25.3,5.9,5.2,0.58,0.78,0.22,RN,RN,0.0,3,1.7,0.7
SKU-3821-RH,Важіль straight_link RH (RN),SKU-3821-LH,RH,straight_link,False,25.3,5.9,5.2,0.58,0.78,0.22,RN,RN,0.0,3,1.7,0.7
SKU-3822-LH,Важіль curved LH (RN),SKU-3822-RH,LH,curved,False,41.8,13.5,9.7,2.02,5.47,2.3,RN,RN,0.0,4,8.1,9.2
SKU-3822-RH,Важіль curved RH (RN),SKU-3822-LH,RH,curved,False,41.8,13.5,9.7,2.02,5.47,2.3,RN,RN,0.0,4,8.1,9.2
SKU-3823-LH,Важіль a_shaped LH (RN),SKU-3823-RH,LH,a_shaped,False,48.3,31.1,12.0,3.76,18.03,9.38,RN,RN,0.0,5,18.8,46.9
SKU-3823-RH,Важіль a_shaped RH (RN),SKU-3823-LH,RH,a_shaped,False,48.3,31.1,12.0,3.76,18.03,9.38,RN,RN,0.0,5,18.8,46.9
SKU-3824-LH,Важіль straight_link LH (RN),SKU-3824-RH,LH,straight_link,False,27.2,4.8,4.4,0.43,0.57,0.16,RN,RN,0.0,5,2.1,0.8
SKU-3824-RH,Важіль straight_link RH (RN),SKU-3824-LH,RH,straight_link,False,27.2,4.8,4.4,0.43,0.57,0.16,RN,RN,0.0,5,2.1,0.8
SKU-3825-LH,Важіль straight_link LH (RN),SKU-3825-RH,LH,straight_link,False,30.6,7.0,5.4,0.42,1.16,0.32,RN,RN,0.0,4,1.7,1.3
SKU-3825-RH,Важіль straight_link RH (RN),SKU-3825-LH,RH,straight_link,False,30.6,7.0,5.4,0.42,1.16,0.32,RN,RN,0.0,4,1.7,1.3
SKU-3826-LH,Важіль a_shaped LH (RN),SKU-3826-RH,LH,a_shaped,False,37.7,30.2,7.4,5.39,8.43,4.38,RN,RN,0.0,5,26.9,21.9
SKU-3826-RH,Важіль a_shaped RH (RN),SKU-3826-LH,RH,a_shaped,False,37.7,30.2,7.4,5.39,8.43,4.38,RN,RN,0.0,5,26.9,21.9
SKU-3827-LH,Важіль heavy_integral LH (RN),SKU-3827-RH,LH,heavy_integral,False,70.1,17.8,11.6,10.18,14.47,9.84,RN,RN,0.0,3,30.5,29.5
SKU-3827-RH,Важіль heavy_integral RH (RN),SKU-3827-LH,RH,heavy_integral,False,70.1,17.8,11.6,10.18,14.47,9.84,RN,RN,0.0,3,30.5,29.5
SKU-3828-LH,Важіль straight_link LH (RN),SKU-3828-RH,LH,straight_link,True,23.1,7.3,5.4,0.93,0.91,0.96,RN,RN,0.0,3,2.8,2.9
SKU-3828-RH,Важіль straight_link RH (RN),SKU-3828-LH,RH,straight_link,True,23.1,7.3,5.4,0.93,0.91,0.96,RN,RN,0.0,3,2.8,2.9
SKU-3829-LH,Важіль a_shaped LH (RN),SKU-3829-RH,LH,a_shaped,False,44.1,33.6,12.5,4.23,18.52,9.63,RN,RN,0.0,4,16.9,38.5
SKU-3829-RH,Важіль a_shaped RH (RN),SKU-3829-LH,RH,a_shaped,False,44.1,33.6,12.5,4.23,18.52,9.63,RN,RN,0.0,4,16.9,38.5
SKU-3830-LH,Важіль trailing LH (RN),SKU-3830-RH,LH,trailing,False,61.5,9.0,5.9,3.43,3.27,1.24,RN,RN,0.0,3,10.3,3.7
SKU-3830-RH,Важіль trailing RH (RN),SKU-3830-LH,RH,trailing,False,61.5,9.0,5.9,3.43,3.27,1.24,RN,RN,0.0,3,10.3,3.7
SKU-3831-LH,Важіль curved LH (RN),SKU-3831-RH,LH,curved,False,41.7,16.3,6.1,1.64,4.15,1.74,RN,RN,0.0,5,8.2,8.7
SKU-3831-RH,Важіль curved RH (RN),SKU-3831-LH,RH,curved,False,41.7,16.3,6.1,1.64,4.15,1.74,RN,RN,0.0,5,8.2,8.7
SKU-3832-LH,Важіль curved LH (RN),SKU-3832-RH,LH,curved,False,32.7,12.7,9.2,2.05,3.82,1.6,RN,RN,0.0,3,6.1,4.8
SKU-3832-RH,Важіль curved RH (RN),SKU-3832-LH,RH,curved,False,32.7,12.7,9.2,2.05,3.82,1.6,RN,RN,0.0,3,6.1,4.8
SKU-3833-LH,Важіль curved LH (RN),SKU-3833-RH,LH,curved,False,39.9,13.5,9.8,1.8,5.28,2.22,RN,RN,0.0,5,9.0,11.1
SKU-3833-RH,Важіль curved RH (RN),SKU-3833-LH,RH,curved,False,39.9,13.5,9.8,1.8,5.28,2.22,RN,RN,0.0,5,9.0,11.1
SKU-3834-LH,Важіль trailing LH (RN),SKU-3834-RH,LH,trailing,False,64.2,6.8,5.1,3.5,2.23,0.85,RN,RN,0.0,4,14.0,3.4
SKU-3834-RH,Важіль trailing RH (RN),SKU-3834-LH,RH,trailing,False,64.2,6.8,5.1,3.5,2.23,0.85,RN,RN,0.0,4,14.0,3.4
SKU-3835-LH,Важіль a_shaped LH (RN),SKU-3835-RH,LH,a_shaped,False,42.6,35.6,10.4,5.09,15.77,8.2,RN,RN,0.0,4,20.4,32.8
SKU-3835-RH,Важіль a_shaped RH (RN),SKU-3835-LH,RH,a_shaped,False,42.6,35.6,10.4,5.09,15.77,8.2,RN,RN,0.0,4,20.4,32.8
SKU-3836-LH,Важіль straight_link LH (RN),SKU-3836-RH,LH,straight_link,False,26.9,6.9,7.1,0.41,1.32,0.37,RN,RN,0.0,3,1.2,1.1
SKU-3836-RH,Важіль straight_link RH (RN),SKU-3836-LH,RH,straight_link,False,26.9,6.9,7.1,0.41,1.32,0.37,RN,RN,0.0,3,1.2,1.1
SKU-3837-LH,Важіль straight_link LH (RN),SKU-3837-RH,LH,straight_link,False,18.2,4.8,5.2,0.43,0.45,0.13,RN,RN,0.0,5,2.1,0.7
SKU-3837-RH,Важіль straight_link RH (RN),SKU-3837-LH,RH,straight_link,False,18.2,4.8,5.2,0.43,0.45,0.13,RN,RN,0.0,5,2.1,0.7
SKU-3838-LH,Важіль heavy_integral LH (RN),SKU-3838-RH,LH,heavy_integral,False,73.2,20.8,10.1,6.26,15.38,10.46,RN,RN,0.0,4,25.0,41.8
SKU-3838-RH,Важіль heavy_integral RH (RN),SKU-3838-LH,RH,heavy_integral,False,73.2,20.8,10.1,6.26,15.38,10.46,RN,RN,0.0,4,25.0,41.8
SKU-3839-LH,Важіль trailing LH (RN),SKU-3839-RH,LH,trailing,False,61.2,6.3,6.2,2.78,2.39,0.91,RN,RN,0.0,5,13.9,4.5
SKU-3839-RH,Важіль trailing RH (RN),SKU-3839-LH,RH,trailing,False,61.2,6.3,6.2,2.78,2.39,0.91,RN,RN,0.0,5,13.9,4.5
SKU-3840-LH,Важіль straight_link LH (RN),SKU-3840-RH,LH,straight_link,False,21.6,5.5,6.4,1.28,0.76,0.21,RN,RN,0.0,4,5.1,0.8
SKU-3840-RH,Важіль straight_link RH (RN),SKU-3840-LH,RH,straight_link,False,21.6,5.5,6.4,1.28,0.76,0.21,RN,RN,0.0,4,5.1,0.8
SKU-3841-LH,Важіль heavy_integral LH (RN),SKU-3841-RH,LH,heavy_integral,False,82.0,23.8,17.8,9.18,34.74,23.62,RN,RN,0.0,5,45.9,118.1
SKU-3841-RH,Важіль heavy_integral RH (RN),SKU-3841-LH,RH,heavy_integral,False,82.0,23.8,17.8,9.18,34.74,23.62,RN,RN,0.0,5,45.9,118.1
SKU-3842-LH,Важіль a_shaped LH (RN),SKU-3842-RH,LH,a_shaped,False,43.8,32.7,13.6,5.09,19.48,10.13,RN,RN,0.0,3,15.3,30.4
SKU-3842-RH,Важіль a_shaped RH (RN),SKU-3842-LH,RH,a_shaped,False,43.8,32.7,13.6,5.09,19.48,10.13,RN,RN,0.0,3,15.3,30.4
SKU-3843-LH,Важіль trailing LH (RN),SKU-3843-RH,LH,trailing,False,72.3,6.5,6.1,2.65,2.87,1.09,RN,RN,0.0,3,7.9,3.3
SKU-3843-RH,Важіль trailing RH (RN),SKU-3843-LH,RH,trailing,False,72.3,6.5,6.1,2.65,2.87,1.09,RN,RN,0.0,3,7.9,3.3
SKU-3844-LH,Важіль straight_link LH (RN),SKU-3844-RH,LH,straight_link,False,18.6,4.1,6.1,0.7,0.47,0.13,RN,RN,0.0,3,2.1,0.4
SKU-3844-RH,Важіль straight_link RH (RN),SKU-3844-LH,RH,straight_link,False,18.6,4.1,6.1,0.7,0.47,0.13,RN,RN,0.0,3,2.1,0.4
SKU-3845-LH,Важіль curved LH (RN),SKU-3845-RH,LH,curved,False,32.2,17.7,6.7,1.93,3.82,1.6,RN,RN,0.0,3,5.8,4.8
SKU-3845-RH,Важіль curved RH (RN),SKU-3845-LH,RH,curved,False,32.2,17.7,6.7,1.93,3.82,1.6,RN,RN,0.0,3,5.8,4.8
SKU-3846-LH,Важіль straight_link LH (RN),SKU-3846-RH,LH,straight_link,False,26.5,5.8,7.2,0.92,1.11,0.31,RN,RN,0.0,4,3.7,1.2
SKU-3846-RH,Важіль straight_link RH (RN),SKU-3846-LH,RH,straight_link,False,26.5,5.8,7.2,0.92,1.11,0.31,RN,RN,0.0,4,3.7,1.2
SKU-3847-LH,Важіль curved LH (RN),SKU-3847-RH,LH,curved,False,32.8,14.4,7.5,2.07,3.54,1.49,RN,RN,0.0,3,6.2,4.5
SKU-3847-RH,Важіль curved RH (RN),SKU-3847-LH,RH,curved,False,32.8,14.4,7.5,2.07,3.54,1.49,RN,RN,0.0,3,6.2,4.5
SKU-3848-LH,Важіль a_shaped LH (RN),SKU-3848-RH,LH,a_shaped,False,49.2,31.5,13.1,5.64,20.3,10.56,RN,RN,0.0,3,16.9,31.7
SKU-3848-RH,Важіль a_shaped RH (RN),SKU-3848-LH,RH,a_shaped,False,49.2,31.5,13.1,5.64,20.3,10.56,RN,RN,0.0,3,16.9,31.7
SKU-3849-LH,Важіль trailing LH (RN),SKU-3849-RH,LH,trailing,False,77.0,6.7,7.1,3.29,3.66,1.39,RN,RN,0.0,5,16.4,6.9
SKU-3849-RH,Важіль trailing RH (RN),SKU-3849-LH,RH,trailing,False,77.0,6.7,7.1,3.29,3.66,1.39,RN,RN,0.0,5,16.4,6.9
SKU-3850-LH,Важіль straight_link LH (RN),SKU-3850-RH,LH,straight_link,False,20.0,5.5,6.3,1.1,0.69,0.19,RN,RN,0.0,5,5.5,0.9
SKU-3850-RH,Важіль straight_link RH (RN),SKU-3850-LH,RH,straight_link,False,20.0,5.5,6.3,1.1,0.69,0.19,RN,RN,0.0,5,5.5,0.9
SKU-3851-LH,Важіль curved LH (RN),SKU-3851-RH,LH,curved,False,34.2,10.4,8.1,2.67,2.88,1.21,RN,RN,0.0,5,13.3,6.0
SKU-3851-RH,Важіль curved RH (RN),SKU-3851-LH,RH,curved,False,34.2,10.4,8.1,2.67,2.88,1.21,RN,RN,0.0,5,13.3,6.0
SKU-3852-LH,Важіль straight_link LH (RN),SKU-3852-RH,LH,straight_link,False,19.0,4.1,4.4,0.49,0.34,0.1,RN,RN,0.0,3,1.5,0.3
SKU-3852-RH,Важіль straight_link RH (RN),SKU-3852-LH,RH,straight_link,False,19.0,4.1,4.4,0.49,0.34,0.1,RN,RN,0.0,3,1.5,0.3
SKU-3853-LH,Важіль straight_link LH (RN),SKU-3853-RH,LH,straight_link,False,24.5,4.8,5.6,1.35,0.66,0.18,RN,RN,0.0,4,5.4,0.7
SKU-3853-RH,Важіль straight_link RH (RN),SKU-3853-LH,RH,straight_link,False,24.5,4.8,5.6,1.35,0.66,0.18,RN,RN,0.0,4,5.4,0.7
SKU-3854-LH,Важіль straight_link LH (RN),SKU-3854-RH,LH,straight_link,False,21.4,5.9,7.3,0.97,0.92,0.26,RN,RN,0.0,5,4.8,1.3
SKU-3854-RH,Важіль straight_link RH (RN),SKU-3854-LH,RH,straight_link,False,21.4,5.9,7.3,0.97,0.92,0.26,RN,RN,0.0,5,4.8,1.3
SKU-3855-LH,Важіль trailing LH (RN),SKU-3855-RH,LH,trailing,False,53.4,9.5,6.8,3.64,3.45,1.31,RN,RN,0.0,3,10.9,3.9
SKU-3855-RH,Важіль trailing RH (RN),SKU-3855-LH,RH,trailing,False,53.4,9.5,6.8,3.64,3.45,1.31,RN,RN,0.0,3,10.9,3.9
SKU-3856-LH,Важіль a_shaped LH (RN),SKU-3856-RH,LH,a_shaped,False,44.8,39.5,14.6,6.62,25.84,13.44,RN,RN,0.0,5,33.1,67.2
SKU-3856-RH,Важіль a_shaped RH (RN),SKU-3856-LH,RH,a_shaped,False,44.8,39.5,14.6,6.62,25.84,13.44,RN,RN,0.0,5,33.1,67.2
SKU-3857-LH,Важіль straight_link LH (RN),SKU-3857-RH,LH,straight_link,True,28.1,5.0,4.2,1.3,0.59,0.62,RN,RN,0.0,5,6.5,3.1
SKU-3857-RH,Важіль straight_link RH (RN),SKU-3857-LH,RH,straight_link,True,28.1,5.0,4.2,1.3,0.59,0.62,RN,RN,0.0,5,6.5,3.1
SKU-3858-LH,Важіль curved LH (RN),SKU-3858-RH,LH,curved,False,29.4,12.0,7.2,3.24,2.54,1.07,RN,RN,0.0,5,16.2,5.4
SKU-3858-RH,Важіль curved RH (RN),SKU-3858-LH,RH,curved,False,29.4,12.0,7.2,3.24,2.54,1.07,RN,RN,0.0,5,16.2,5.4
SKU-3859-LH,Важіль straight_link LH (RN),SKU-3859-RH,LH,straight_link,False,20.9,5.7,4.3,1.15,0.51,0.14,RN,RN,0.0,3,3.4,0.4
SKU-3859-RH,Важіль straight_link RH (RN),SKU-3859-LH,RH,straight_link,False,20.9,5.7,4.3,1.15,0.51,0.14,RN,RN,0.0,3,3.4,0.4
SKU-3860-LH,Важіль trailing LH (RN),SKU-3860-RH,LH,trailing,False,73.2,9.9,6.4,3.55,4.64,1.76,RN,RN,0.0,3,10.6,5.3
SKU-3860-RH,Важіль trailing RH (RN),SKU-3860-LH,RH,trailing,False,73.2,9.9,6.4,3.55,4.64,1.76,RN,RN,0.0,3,10.6,5.3
SKU-3861-LH,Важіль trailing LH (RN),SKU-3861-RH,LH,trailing,False,66.3,9.1,7.7,3.28,4.65,1.77,RN,RN,0.0,3,9.8,5.3
SKU-3861-RH,Важіль trailing RH (RN),SKU-3861-LH,RH,trailing,False,66.3,9.1,7.7,3.28,4.65,1.77,RN,RN,0.0,3,9.8,5.3
SKU-3862-LH,Важіль curved LH (RN),SKU-3862-RH,LH,curved,False,36.7,17.1,6.7,2.84,4.2,1.76,RN,RN,0.0,4,11.4,7.0
SKU-3862-RH,Важіль curved RH (RN),SKU-3862-LH,RH,curved,False,36.7,17.1,6.7,2.84,4.2,1.76,RN,RN,0.0,4,11.4,7.0
SKU-3863-LH,Важіль straight_link LH (RN),SKU-3863-RH,LH,straight_link,False,27.8,7.4,4.3,0.83,0.88,0.25,RN,RN,0.0,5,4.1,1.2
SKU-3863-RH,Важіль straight_link RH (RN),SKU-3863-LH,RH,straight_link,False,27.8,7.4,4.3,0.83,0.88,0.25,RN,RN,0.0,5,4.1,1.2
SKU-3864-LH,Важіль trailing LH (RN),SKU-3864-RH,LH,trailing,False,71.9,6.6,8.6,3.43,4.08,1.55,RN,RN,0.0,3,10.3,4.7
SKU-3864-RH,Важіль trailing RH (RN),SKU-3864-LH,RH,trailing,False,71.9,6.6,8.6,3.43,4.08,1.55,RN,RN,0.0,3,10.3,4.7
SKU-3865-LH,Важіль straight_link LH (RN),SKU-3865-RH,LH,straight_link,False,27.6,4.8,6.1,1.37,0.81,0.23,RN,RN,0.0,4,5.5,0.9
SKU-3865-RH,Важіль straight_link RH (RN),SKU-3865-LH,RH,straight_link,False,27.6,4.8,6.1,1.37,0.81,0.23,RN,RN,0.0,4,5.5,0.9
SKU-3866-LH,Важіль straight_link LH (RN),SKU-3866-RH,LH,straight_link,False,30.4,4.7,4.9,1.35,0.7,0.2,RN,RN,0.0,5,6.8,1.0
SKU-3866-RH,Важіль straight_link RH (RN),SKU-3866-LH,RH,straight_link,False,30.4,4.7,4.9,1.35,0.7,0.2,RN,RN,0.0,5,6.8,1.0
SKU-3867-LH,Важіль a_shaped LH (RN),SKU-3867-RH,LH,a_shaped,False,42.7,35.4,11.8,4.53,17.84,9.28,RN,RN,0.0,5,22.7,46.4
SKU-3867-RH,Важіль a_shaped RH (RN),SKU-3867-LH,RH,a_shaped,False,42.7,35.4,11.8,4.53,17.84,9.28,RN,RN,0.0,5,22.7,46.4
SKU-3868-LH,Важіль curved LH (RN),SKU-3868-RH,LH,curved,False,32.3,15.2,9.2,2.79,4.52,1.9,RN,RN,0.0,5,13.9,9.5
SKU-3868-RH,Важіль curved RH (RN),SKU-3868-LH,RH,curved,False,32.3,15.2,9.2,2.79,4.52,1.9,RN,RN,0.0,5,13.9,9.5
SKU-3869-LH,Важіль curved LH (RN),SKU-3869-RH,LH,curved,False,31.6,12.8,7.7,2.84,3.11,1.31,RN,RN,0.0,4,11.4,5.2
SKU-3869-RH,Важіль curved RH (RN),SKU-3869-LH,RH,curved,False,31.6,12.8,7.7,2.84,3.11,1.31,RN,RN,0.0,4,11.4,5.2
SKU-3870-LH,Важіль a_shaped LH (RN),SKU-3870-RH,LH,a_shaped,False,43.5,33.3,14.2,3.88,20.57,10.7,RN,RN,0.0,3,11.6,32.1
SKU-3870-RH,Важіль a_shaped RH (RN),SKU-3870-LH,RH,a_shaped,False,43.5,33.3,14.2,3.88,20.57,10.7,RN,RN,0.0,3,11.6,32.1
SKU-3871-LH,Важіль a_shaped LH (RN),SKU-3871-RH,LH,a_shaped,False,46.1,33.6,12.2,6.5,18.9,9.83,RN,RN,0.0,3,19.5,29.5
SKU-3871-RH,Важіль a_shaped RH (RN),SKU-3871-LH,RH,a_shaped,False,46.1,33.6,12.2,6.5,18.9,9.83,RN,RN,0.0,3,19.5,29.5
SKU-3872-LH,Важіль heavy_integral LH (RN),SKU-3872-RH,LH,heavy_integral,False,81.4,23.1,14.6,6.36,27.45,18.67,RN,RN,0.0,3,19.1,56.0
SKU-3872-RH,Важіль heavy_integral RH (RN),SKU-3872-LH,RH,heavy_integral,False,81.4,23.1,14.6,6.36,27.45,18.67,RN,RN,0.0,3,19.1,56.0
SKU-3873-LH,Важіль a_shaped LH (RN),SKU-3873-RH,LH,a_shaped,False,36.1,38.8,10.9,5.27,15.27,7.94,RN,RN,0.0,5,26.3,39.7
SKU-3873-RH,Важіль a_shaped RH (RN),SKU-3873-LH,RH,a_shaped,False,36.1,38.8,10.9,5.27,15.27,7.94,RN,RN,0.0,5,26.3,39.7
SKU-3874-LH,Важіль trailing LH (RN),SKU-3874-RH,LH,trailing,False,71.8,8.9,7.8,2.98,4.98,1.89,RN,RN,0.0,4,11.9,7.6
SKU-3874-RH,Важіль trailing RH (RN),SKU-3874-LH,RH,trailing,False,71.8,8.9,7.8,2.98,4.98,1.89,RN,RN,0.0,4,11.9,7.6
SKU-3875-LH,Важіль curved LH (RN),SKU-3875-RH,LH,curved,False,34.5,19.6,10.8,1.7,7.3,3.07,RN,RN,0.0,4,6.8,12.3
SKU-3875-RH,Важіль curved RH (RN),SKU-3875-LH,RH,curved,False,34.5,19.6,10.8,1.7,7.3,3.07,RN,RN,0.0,4,6.8,12.3
SKU-3876-LH,Важіль curved LH (RN),SKU-3876-RH,LH,curved,False,33.6,16.7,11.0,3.31,6.17,2.59,RN,RN,0.0,3,9.9,7.8
SKU-3876-RH,Важіль curved RH (RN),SKU-3876-LH,RH,curved,False,33.6,16.7,11.0,3.31,6.17,2.59,RN,RN,0.0,3,9.9,7.8
SKU-3877-LH,Важіль heavy_integral LH (RN),SKU-3877-RH,LH,heavy_integral,False,62.3,21.9,15.8,8.93,21.56,14.66,RN,RN,0.0,5,44.6,73.3
SKU-3877-RH,Важіль heavy_integral RH (RN),SKU-3877-LH,RH,heavy_integral,False,62.3,21.9,15.8,8.93,21.56,14.66,RN,RN,0.0,5,44.6,73.3
SKU-3878-LH,Важіль curved LH (RN),SKU-3878-RH,LH,curved,False,28.0,19.3,9.8,2.26,5.3,2.23,RN,RN,0.0,5,11.3,11.2
SKU-3878-RH,Важіль curved RH (RN),SKU-3878-LH,RH,curved,False,28.0,19.3,9.8,2.26,5.3,2.23,RN,RN,0.0,5,11.3,11.2
SKU-3879-LH,Важіль trailing LH (RN),SKU-3879-RH,LH,trailing,False,54.0,10.0,5.9,3.08,3.19,1.21,RN,RN,0.0,5,15.4,6.0
SKU-3879-RH,Важіль trailing RH (RN),SKU-3879-LH,RH,trailing,False,54.0,10.0,5.9,3.08,3.19,1.21,RN,RN,0.0,5,15.4,6.0
SKU-3880-LH,Важіль straight_link LH (RN),SKU-3880-RH,LH,straight_link,False,28.1,5.6,5.6,1.0,0.88,0.25,RN,RN,0.0,3,3.0,0.8
SKU-3880-RH,Важіль straight_link RH (RN),SKU-3880-LH,RH,straight_link,False,28.1,5.6,5.6,1.0,0.88,0.25,RN,RN,0.0,3,3.0,0.8
SKU-3881-LH,Важіль trailing LH (RN),SKU-3881-RH,LH,trailing,False,64.0,7.9,5.9,3.54,2.98,1.13,RN,RN,0.0,4,14.2,4.5
SKU-3881-RH,Важіль trailing RH (RN),SKU-3881-LH,RH,trailing,False,64.0,7.9,5.9,3.54,2.98,1.13,RN,RN,0.0,4,14.2,4.5
SKU-3882-LH,Важіль straight_link LH (RN),SKU-3882-RH,LH,straight_link,False,24.4,6.5,4.3,1.04,0.68,0.19,RN,RN,0.0,5,5.2,0.9
SKU-3882-RH,Важіль straight_link RH (RN),SKU-3882-LH,RH,straight_link,False,24.4,6.5,4.3,1.04,0.68,0.19,RN,RN,0.0,5,5.2,0.9
SKU-3883-LH,Важіль a_shaped LH (RN),SKU-3883-RH,LH,a_shaped,False,49.8,29.2,7.0,6.39,10.18,5.29,RN,RN,0.0,5,31.9,26.4
SKU-3883-RH,Важіль a_shaped RH (RN),SKU-3883-LH,RH,a_shaped,False,49.8,29.2,7.0,6.39,10.18,5.29,RN,RN,0.0,5,31.9,26.4
SKU-3884-LH,Важіль a_shaped LH (RN),SKU-3884-RH,LH,a_shaped,False,49.8,35.9,14.7,3.66,26.28,13.67,RN,RN,0.0,5,18.3,68.3
SKU-3884-RH,Важіль a_shaped RH (RN),SKU-3884-LH,RH,a_shaped,False,49.8,35.9,14.7,3.66,26.28,13.67,RN,RN,0.0,5,18.3,68.3
SKU-3885-LH,Важіль straight_link LH (RN),SKU-3885-RH,LH,straight_link,False,22.6,4.9,6.2,0.85,0.69,0.19,RN,RN,0.0,3,2.5,0.6
SKU-3885-RH,Важіль straight_link RH (RN),SKU-3885-LH,RH,straight_link,False,22.6,4.9,6.2,0.85,0.69,0.19,RN,RN,0.0,3,2.5,0.6
SKU-3886-LH,Важіль heavy_integral LH (RN),SKU-3886-RH,LH,heavy_integral,False,65.2,25.2,18.0,7.28,29.57,20.11,RN,RN,0.0,4,29.1,80.4
SKU-3886-RH,Важіль heavy_integral RH (RN),SKU-3886-LH,RH,heavy_integral,False,65.2,25.2,18.0,7.28,29.57,20.11,RN,RN,0.0,4,29.1,80.4
SKU-3887-LH,Важіль curved LH (RN),SKU-3887-RH,LH,curved,False,39.8,17.2,8.5,2.7,5.82,2.44,RN,RN,0.0,3,8.1,7.3
SKU-3887-RH,Важіль curved RH (RN),SKU-3887-LH,RH,curved,False,39.8,17.2,8.5,2.7,5.82,2.44,RN,RN,0.0,3,8.1,7.3
SKU-3888-LH,Важіль a_shaped LH (RN),SKU-3888-RH,LH,a_shaped,False,39.8,34.9,10.1,5.07,14.03,7.3,RN,RN,0.0,5,25.4,36.5
SKU-3888-RH,Важіль a_shaped RH (RN),SKU-3888-LH,RH,a_shaped,False,39.8,34.9,10.1,5.07,14.03,7.3,RN,RN,0.0,5,25.4,36.5
SKU-3889-LH,Важіль heavy_integral LH (RN),SKU-3889-RH,LH,heavy_integral,False,62.0,16.6,14.2,9.01,14.61,9.93,RN,RN,0.0,3,27.0,29.8
SKU-3889-RH,Важіль heavy_integral RH (RN),SKU-3889-LH,RH,heavy_integral,False,62.0,16.6,14.2,9.01,14.61,9.93,RN,RN,0.0,3,27.0,29.8
SKU-3890-LH,Важіль heavy_integral LH (RN),SKU-3890-RH,LH,heavy_integral,False,69.5,25.8,11.5,8.13,20.62,14.02,RN,RN,0.0,5,40.7,70.1
SKU-3890-RH,Важіль heavy_integral RH (RN),SKU-3890-LH,RH,heavy_integral,False,69.5,25.8,11.5,8.13,20.62,14.02,RN,RN,0.0,5,40.7,70.1
SKU-3891-LH,Важіль straight_link LH (RN),SKU-3891-RH,LH,straight_link,False,30.6,5.1,7.4,1.21,1.15,0.32,RN,RN,0.0,4,4.8,1.3
SKU-3891-RH,Важіль straight_link RH (RN),SKU-3891-LH,RH,straight_link,False,30.6,5.1,7.4,1.21,1.15,0.32,RN,RN,0.0,4,4.8,1.3
SKU-3892-LH,Важіль curved LH (RN),SKU-3892-RH,LH,curved,False,33.4,12.4,5.1,2.61,2.11,0.89,RN,RN,0.0,3,7.8,2.7
SKU-3892-RH,Важіль curved RH (RN),SKU-3892-LH,RH,curved,False,33.4,12.4,5.1,2.61,2.11,0.89,RN,RN,0.0,3,7.8,2.7
SKU-3893-LH,Важіль trailing LH (RN),SKU-3893-RH,LH,trailing,False,77.0,8.5,6.6,3.86,4.32,1.64,RN,RN,0.0,4,15.4,6.6
SKU-3893-RH,Важіль trailing RH (RN),SKU-3893-LH,RH,trailing,False,77.0,8.5,6.6,3.86,4.32,1.64,RN,RN,0.0,4,15.4,6.6
SKU-3894-LH,Важіль a_shaped LH (RN),SKU-3894-RH,LH,a_shaped,False,38.1,31.6,9.4,6.37,11.32,5.89,RN,RN,0.0,4,25.5,23.6
SKU-3894-RH,Важіль a_shaped RH (RN),SKU-3894-LH,RH,a_shaped,False,38.1,31.6,9.4,6.37,11.32,5.89,RN,RN,0.0,4,25.5,23.6
SKU-3895-LH,Важіль heavy_integral LH (RN),SKU-3895-RH,LH,heavy_integral,False,70.5,25.2,14.1,7.48,25.05,17.03,RN,RN,0.0,4,29.9,68.1
SKU-3895-RH,Важіль heavy_integral RH (RN),SKU-3895-LH,RH,heavy_integral,False,70.5,25.2,14.1,7.48,25.05,17.03,RN,RN,0.0,4,29.9,68.1
SKU-3896-LH,Важіль straight_link LH (RN),SKU-3896-RH,LH,straight_link,False,23.2,6.1,6.5,0.48,0.92,0.26,RN,RN,0.0,3,1.4,0.8
SKU-3896-RH,Важіль straight_link RH (RN),SKU-3896-LH,RH,straight_link,False,23.2,6.1,6.5,0.48,0.92,0.26,RN,RN,0.0,3,1.4,0.8
SKU-3897-LH,Важіль heavy_integral LH (RN),SKU-3897-RH,LH,heavy_integral,False,64.6,22.3,15.7,10.33,22.62,15.38,RN,RN,0.0,3,31.0,46.1
SKU-3897-RH,Важіль heavy_integral RH (RN),SKU-3897-LH,RH,heavy_integral,False,64.6,22.3,15.7,10.33,22.62,15.38,RN,RN,0.0,3,31.0,46.1
SKU-3898-LH,Важіль straight_link LH (RN),SKU-3898-RH,LH,straight_link,False,21.8,5.0,4.2,0.69,0.46,0.13,RN,RN,0.0,4,2.8,0.5
SKU-3898-RH,Важіль straight_link RH (RN),SKU-3898-LH,RH,straight_link,False,21.8,5.0,4.2,0.69,0.46,0.13,RN,RN,0.0,4,2.8,0.5
SKU-3899-LH,Важіль a_shaped LH (RN),SKU-3899-RH,LH,a_shaped,False,42.3,28.0,10.9,5.27,12.91,6.71,RN,RN,0.0,3,15.8,20.1
SKU-3899-RH,Важіль a_shaped RH (RN),SKU-3899-LH,RH,a_shaped,False,42.3,28.0,10.9,5.27,12.91,6.71,RN,RN,0.0,3,15.8,20.1
SKU-3900-LH,Важіль a_shaped LH (RN),SKU-3900-RH,LH,a_shaped,False,40.5,33.5,14.3,5.42,19.4,10.09,RN,RN,0.0,5,27.1,50.5
SKU-3900-RH,Важіль a_shaped RH (RN),SKU-3900-LH,RH,a_shaped,False,40.5,33.5,14.3,5.42,19.4,10.09,RN,RN,0.0,5,27.1,50.5
SKU-3901-LH,Важіль trailing LH (RN),SKU-3901-RH,LH,trailing,False,64.7,7.1,5.2,3.74,2.39,0.91,RN,RN,0.0,4,15.0,3.6
SKU-3901-RH,Важіль trailing RH (RN),SKU-3901-LH,RH,trailing,False,64.7,7.1,5.2,3.74,2.39,0.91,RN,RN,0.0,4,15.0,3.6
SKU-3902-LH,Важіль a_shaped LH (RN),SKU-3902-RH,LH,a_shaped,False,36.8,39.8,8.4,6.58,12.3,6.4,RN,RN,0.0,5,32.9,32.0
SKU-3902-RH,Важіль a_shaped RH (RN),SKU-3902-LH,RH,a_shaped,False,36.8,39.8,8.4,6.58,12.3,6.4,RN,RN,0.0,5,32.9,32.0
SKU-3903-LH,Важіль a_shaped LH (RN),SKU-3903-RH,LH,a_shaped,False,49.5,37.4,14.2,4.4,26.29,13.67,RN,RN,0.0,3,13.2,41.0
SKU-3903-RH,Важіль a_shaped RH (RN),SKU-3903-LH,RH,a_shaped,False,49.5,37.4,14.2,4.4,26.29,13.67,RN,RN,0.0,3,13.2,41.0
SKU-3904-LH,Важіль straight_link LH (RN),SKU-3904-RH,LH,straight_link,False,27.7,4.9,4.6,0.63,0.62,0.17,RN,RN,0.0,5,3.1,0.9
SKU-3904-RH,Важіль straight_link RH (RN),SKU-3904-LH,RH,straight_link,False,27.7,4.9,4.6,0.63,0.62,0.17,RN,RN,0.0,5,3.1,0.9
SKU-3905-LH,Важіль curved LH (RN),SKU-3905-RH,LH,curved,False,29.7,12.6,7.4,2.34,2.77,1.16,RN,RN,0.0,3,7.0,3.5
SKU-3905-RH,Важіль curved RH (RN),SKU-3905-LH,RH,curved,False,29.7,12.6,7.4,2.34,2.77,1.16,RN,RN,0.0,3,7.0,3.5
SKU-3906-LH,Важіль a_shaped LH (RN),SKU-3906-RH,LH,a_shaped,False,37.0,27.3,8.0,6.27,8.08,4.2,RN,RN,0.0,4,25.1,16.8
SKU-3906-RH,Важіль a_shaped RH (RN),SKU-3906-LH,RH,a_shaped,False,37.0,27.3,8.0,6.27,8.08,4.2,RN,RN,0.0,4,25.1,16.8
SKU-3907-LH,Важіль curved LH (RN),SKU-3907-RH,LH,curved,True,32.8,15.4,10.7,2.46,5.4,5.67,RN,RN,0.0,5,12.3,28.4
SKU-3907-RH,Важіль curved RH (RN),SKU-3907-LH,RH,curved,True,32.8,15.4,10.7,2.46,5.4,5.67,RN,RN,0.0,5,12.3,28.4
SKU-3908-LH,Важіль heavy_integral LH (RN),SKU-3908-RH,LH,heavy_integral,False,60.1,17.4,15.9,9.98,16.63,11.31,RN,RN,0.0,3,29.9,33.9
SKU-3908-RH,Важіль heavy_integral RH (RN),SKU-3908-LH,RH,heavy_integral,False,60.1,17.4,15.9,9.98,16.63,11.31,RN,RN,0.0,3,29.9,33.9
SKU-3909-LH,Важіль straight_link LH (RN),SKU-3909-RH,LH,straight_link,False,18.7,4.7,6.5,0.98,0.57,0.16,RN,RN,0.0,3,2.9,0.5
SKU-3909-RH,Важіль straight_link RH (RN),SKU-3909-LH,RH,straight_link,False,18.7,4.7,6.5,0.98,0.57,0.16,RN,RN,0.0,3,2.9,0.5
SKU-3910-LH,Важіль a_shaped LH (RN),SKU-3910-RH,LH,a_shaped,False,41.9,33.2,13.5,3.64,18.78,9.77,RN,RN,0.0,4,14.6,39.1
SKU-3910-RH,Важіль a_shaped RH (RN),SKU-3910-LH,RH,a_shaped,False,41.9,33.2,13.5,3.64,18.78,9.77,RN,RN,0.0,4,14.6,39.1
SKU-3911-LH,Важіль heavy_integral LH (RN),SKU-3911-RH,LH,heavy_integral,False,57.4,21.1,15.3,6.39,18.53,12.6,RN,RN,0.0,5,31.9,63.0
SKU-3911-RH,Важіль heavy_integral RH (RN),SKU-3911-LH,RH,heavy_integral,False,57.4,21.1,15.3,6.39,18.53,12.6,RN,RN,0.0,5,31.9,63.0
SKU-3912-LH,Важіль curved LH (RN),SKU-3912-RH,LH,curved,False,28.4,17.6,10.3,3.24,5.15,2.16,RN,RN,0.0,3,9.7,6.5
SKU-3912-RH,Важіль curved RH (RN),SKU-3912-LH,RH,curved,False,28.4,17.6,10.3,3.24,5.15,2.16,RN,RN,0.0,3,9.7,6.5
SKU-3913-LH,Важіль curved LH (RN),SKU-3913-RH,LH,curved,False,39.1,13.3,10.5,2.88,5.46,2.29,RN,RN,0.0,4,11.5,9.2
SKU-3913-RH,Важіль curved RH (RN),SKU-3913-LH,RH,curved,False,39.1,13.3,10.5,2.88,5.46,2.29,RN,RN,0.0,4,11.5,9.2
SKU-3914-LH,Важіль straight_link LH (RN),SKU-3914-RH,LH,straight_link,False,28.0,5.7,6.2,1.02,0.99,0.28,RN,RN,0.0,3,3.1,0.8
SKU-3914-RH,Важіль straight_link RH (RN),SKU-3914-LH,RH,straight_link,False,28.0,5.7,6.2,1.02,0.99,0.28,RN,RN,0.0,3,3.1,0.8
SKU-3915-LH,Важіль heavy_integral LH (RN),SKU-3915-RH,LH,heavy_integral,False,51.4,22.1,15.5,6.66,17.61,11.97,RN,RN,0.0,3,20.0,35.9
SKU-3915-RH,Важіль heavy_integral RH (RN),SKU-3915-LH,RH,heavy_integral,False,51.4,22.1,15.5,6.66,17.61,11.97,RN,RN,0.0,3,20.0,35.9
SKU-3916-LH,Важіль a_shaped LH (RN),SKU-3916-RH,LH,a_shaped,False,36.8,30.6,10.6,5.31,11.94,6.21,RN,RN,0.0,5,26.5,31.1
SKU-3916-RH,Важіль a_shaped RH (RN),SKU-3916-LH,RH,a_shaped,False,36.8,30.6,10.6,5.31,11.94,6.21,RN,RN,0.0,5,26.5,31.1
SKU-3917-LH,Важіль curved LH (RN),SKU-3917-RH,LH,curved,False,27.6,16.5,9.9,2.03,4.51,1.89,RN,RN,0.0,3,6.1,5.7
SKU-3917-RH,Важіль curved RH (RN),SKU-3917-LH,RH,curved,False,27.6,16.5,9.9,2.03,4.51,1.89,RN,RN,0.0,3,6.1,5.7
SKU-3918-LH,Важіль trailing LH (RN),SKU-3918-RH,LH,trailing,False,55.2,10.7,7.2,3.39,4.25,1.61,RN,RN,0.0,3,10.2,4.8
SKU-3918-RH,Важіль trailing RH (RN),SKU-3918-LH,RH,trailing,False,55.2,10.7,7.2,3.39,4.25,1.61,RN,RN,0.0,3,10.2,4.8
SKU-3919-LH,Важіль curved LH (RN),SKU-3919-RH,LH,curved,False,38.7,13.8,6.5,2.53,3.47,1.46,RN,RN,0.0,3,7.6,4.4
SKU-3919-RH,Важіль curved RH (RN),SKU-3919-LH,RH,curved,False,38.7,13.8,6.5,2.53,3.47,1.46,RN,RN,0.0,3,7.6,4.4
SKU-3920-LH,Важіль straight_link LH (RN),SKU-3920-RH,LH,straight_link,False,23.8,7.1,5.7,1.22,0.96,0.27,RN,RN,0.0,5,6.1,1.4
SKU-3920-RH,Важіль straight_link RH (RN),SKU-3920-LH,RH,straight_link,False,23.8,7.1,5.7,1.22,0.96,0.27,RN,RN,0.0,5,6.1,1.4
SKU-3921-LH,Важіль straight_link LH (RN),SKU-3921-RH,LH,straight_link,False,24.8,6.6,7.0,0.79,1.15,0.32,RN,RN,0.0,5,4.0,1.6
SKU-3921-RH,Важіль straight_link RH (RN),SKU-3921-LH,RH,straight_link,False,24.8,6.6,7.0,0.79,1.15,0.32,RN,RN,0.0,5,4.0,1.6
SKU-3922-LH,Важіль straight_link LH (RN),SKU-3922-RH,LH,straight_link,False,19.8,4.4,4.6,1.15,0.4,0.11,RN,RN,0.0,5,5.8,0.6
SKU-3922-RH,Важіль straight_link RH (RN),SKU-3922-LH,RH,straight_link,False,19.8,4.4,4.6,1.15,0.4,0.11,RN,RN,0.0,5,5.8,0.6
SKU-3923-LH,Важіль curved LH (RN),SKU-3923-RH,LH,curved,False,28.9,21.6,7.1,2.19,4.43,1.86,RN,RN,0.0,5,10.9,9.3
SKU-3923-RH,Важіль curved RH (RN),SKU-3923-LH,RH,curved,False,28.9,21.6,7.1,2.19,4.43,1.86,RN,RN,0.0,5,10.9,9.3
SKU-3924-LH,Важіль straight_link LH (RN),SKU-3924-RH,LH,straight_link,False,23.3,5.2,6.9,0.44,0.84,0.24,RN,RN,0.0,3,1.3,0.7
SKU-3924-RH,Важіль straight_link RH (RN),SKU-3924-LH,RH,straight_link,False,23.3,5.2,6.9,0.44,0.84,0.24,RN,RN,0.0,3,1.3,0.7
SKU-3925-LH,Важіль heavy_integral LH (RN),SKU-3925-RH,LH,heavy_integral,False,74.4,18.3,17.7,8.88,24.1,16.39,RN,RN,0.0,5,44.4,82.0
SKU-3925-RH,Важіль heavy_integral RH (RN),SKU-3925-LH,RH,heavy_integral,False,74.4,18.3,17.7,8.88,24.1,16.39,RN,RN,0.0,5,44.4,82.0
SKU-3926-LH,Важіль straight_link LH (RN),SKU-3926-RH,LH,straight_link,False,28.1,5.5,6.3,0.6,0.97,0.27,RN,RN,0.0,5,3.0,1.4
SKU-3926-RH,Важіль straight_link RH (RN),SKU-3926-LH,RH,straight_link,False,28.1,5.5,6.3,0.6,0.97,0.27,RN,RN,0.0,5,3.0,1.4
SKU-3927-LH,Важіль straight_link LH (RN),SKU-3927-RH,LH,straight_link,True,22.0,6.5,6.2,0.48,0.89,0.93,RN,RN,0.0,3,1.4,2.8
SKU-3927-RH,Важіль straight_link RH (RN),SKU-3927-LH,RH,straight_link,True,22.0,6.5,6.2,0.48,0.89,0.93,RN,RN,0.0,3,1.4,2.8
SKU-3928-LH,Важіль a_shaped LH (RN),SKU-3928-RH,LH,a_shaped,False,44.0,26.3,14.2,6.25,16.43,8.54,RN,RN,0.0,5,31.2,42.7
SKU-3928-RH,Важіль a_shaped RH (RN),SKU-3928-LH,RH,a_shaped,False,44.0,26.3,14.2,6.25,16.43,8.54,RN,RN,0.0,5,31.2,42.7
SKU-3929-LH,Важіль heavy_integral LH (RN),SKU-3929-RH,LH,heavy_integral,False,79.2,21.0,12.2,7.88,20.29,13.8,RN,RN,0.0,3,23.6,41.4
SKU-3929-RH,Важіль heavy_integral RH (RN),SKU-3929-LH,RH,heavy_integral,False,79.2,21.0,12.2,7.88,20.29,13.8,RN,RN,0.0,3,23.6,41.4
SKU-3930-LH,Важіль a_shaped LH (RN),SKU-3930-RH,LH,a_shaped,False,36.7,32.2,12.2,4.51,14.42,7.5,RN,RN,0.0,4,18.0,30.0
SKU-3930-RH,Важіль a_shaped RH (RN),SKU-3930-LH,RH,a_shaped,False,36.7,32.2,12.2,4.51,14.42,7.5,RN,RN,0.0,4,18.0,30.0
SKU-3931-LH,Важіль trailing LH (RN),SKU-3931-RH,LH,trailing,False,58.8,6.1,5.6,3.02,2.01,0.76,RN,RN,0.0,4,12.1,3.0
SKU-3931-RH,Важіль trailing RH (RN),SKU-3931-LH,RH,trailing,False,58.8,6.1,5.6,3.02,2.01,0.76,RN,RN,0.0,4,12.1,3.0
SKU-3932-LH,Важіль straight_link LH (RN),SKU-3932-RH,LH,straight_link,False,29.8,7.0,4.3,1.31,0.9,0.25,RN,RN,0.0,3,3.9,0.8
SKU-3932-RH,Важіль straight_link RH (RN),SKU-3932-LH,RH,straight_link,False,29.8,7.0,4.3,1.31,0.9,0.25,RN,RN,0.0,3,3.9,0.8
SKU-3933-LH,Важіль curved LH (RN),SKU-3933-RH,LH,curved,False,27.7,15.3,5.8,3.38,2.46,1.03,RN,RN,0.0,4,13.5,4.1
SKU-3933-RH,Важіль curved RH (RN),SKU-3933-LH,RH,curved,False,27.7,15.3,5.8,3.38,2.46,1.03,RN,RN,0.0,4,13.5,4.1
SKU-3934-LH,Важіль heavy_integral LH (RN),SKU-3934-RH,LH,heavy_integral,False,64.8,25.6,11.5,6.88,19.08,12.97,RN,RN,0.0,4,27.5,51.9
SKU-3934-RH,Важіль heavy_integral RH (RN),SKU-3934-LH,RH,heavy_integral,False,64.8,25.6,11.5,6.88,19.08,12.97,RN,RN,0.0,4,27.5,51.9
SKU-3935-LH,Важіль a_shaped LH (RN),SKU-3935-RH,LH,a_shaped,False,45.7,27.5,14.1,5.34,17.72,9.21,RN,RN,0.0,3,16.0,27.6
SKU-3935-RH,Важіль a_shaped RH (RN),SKU-3935-LH,RH,a_shaped,False,45.7,27.5,14.1,5.34,17.72,9.21,RN,RN,0.0,3,16.0,27.6
SKU-3936-LH,Важіль a_shaped LH (RN),SKU-3936-RH,LH,a_shaped,False,40.6,29.7,8.2,4.76,9.89,5.14,RN,RN,0.0,3,14.3,15.4
SKU-3936-RH,Важіль a_shaped RH (RN),SKU-3936-LH,RH,a_shaped,False,40.6,29.7,8.2,4.76,9.89,5.14,RN,RN,0.0,3,14.3,15.4
SKU-3937-LH,Важіль a_shaped LH (RN),SKU-3937-RH,LH,a_shaped,True,40.0,40.0,14.2,5.07,22.72,23.86,RN,RN,0.0,5,25.4,119.3
SKU-3937-RH,Важіль a_shaped RH (RN),SKU-3937-LH,RH,a_shaped,True,40.0,40.0,14.2,5.07,22.72,23.86,RN,RN,0.0,5,25.4,119.3
SKU-3938-LH,Важіль heavy_integral LH (RN),SKU-3938-RH,LH,heavy_integral,False,81.0,18.1,11.5,9.04,16.86,11.46,RN,RN,0.0,5,45.2,57.3
SKU-3938-RH,Важіль heavy_integral RH (RN),SKU-3938-LH,RH,heavy_integral,False,81.0,18.1,11.5,9.04,16.86,11.46,RN,RN,0.0,5,45.2,57.3
SKU-3939-LH,Важіль trailing LH (RN),SKU-3939-RH,LH,trailing,False,71.3,6.7,8.2,2.54,3.92,1.49,RN,RN,0.0,5,12.7,7.5
SKU-3939-RH,Важіль trailing RH (RN),SKU-3939-LH,RH,trailing,False,71.3,6.7,8.2,2.54,3.92,1.49,RN,RN,0.0,5,12.7,7.5
SKU-3940-UNI,Тяга/стійка trailing UNI (RN),,UNI,trailing,False,62.7,10.5,5.0,4.15,3.29,1.25,RN,RN,0.0,3,12.5,3.8
SKU-3941-UNI,Тяга/стійка straight_link UNI (RN),,UNI,straight_link,False,22.0,6.9,7.2,0.81,1.09,0.31,RN,RN,0.0,4,3.2,1.2
SKU-3942-UNI,Тяга/стійка straight_link UNI (RN),,UNI,straight_link,False,27.1,5.9,4.3,0.93,0.69,0.19,RN,RN,0.0,4,3.7,0.8
SKU-3943-UNI,Тяга/стійка straight_link UNI (RN),,UNI,straight_link,False,25.1,7.2,6.0,0.85,1.08,0.3,RN,RN,0.0,4,3.4,1.2
SKU-3944-UNI,Тяга/стійка straight_link UNI (RN),,UNI,straight_link,False,27.0,6.0,5.8,0.42,0.94,0.26,RN,RN,0.0,3,1.3,0.8
SKU-3945-UNI,Тяга/стійка straight_link UNI (RN),,UNI,straight_link,False,31.9,6.0,6.4,1.08,1.22,0.34,RN,RN,0.0,5,5.4,1.7
SKU-3946-UNI,Тяга/стійка trailing UNI (RN),,UNI,trailing,False,65.0,7.5,7.1,3.18,3.46,1.31,RN,RN,0.0,2,6.4,2.6
SKU-3947-UNI,Тяга/стійка straight_link UNI (RN),,UNI,straight_link,False,22.5,6.4,6.1,0.6,0.88,0.25,RN,RN,0.0,3,1.8,0.8
SKU-3948-UNI,Тяга/стійка trailing UNI (RN),,UNI,trailing,False,74.8,9.0,6.8,2.57,4.58,1.74,RN,RN,0.0,2,5.1,3.5
SKU-3949-UNI,Тяга/стійка straight_link UNI (RN),,UNI,straight_link,False,19.5,6.0,5.0,1.02,0.58,0.16,RN,RN,0.0,3,3.1,0.5
SKU-3950-UNI,Тяга/стійка straight_link UNI (RN),,UNI,straight_link,False,22.0,5.5,5.3,1.25,0.64,0.18,RN,RN,0.0,3,3.8,0.5
SKU-3951-UNI,Тяга/стійка trailing UNI (RN),,UNI,trailing,False,70.2,6.5,5.3,2.39,2.42,0.92,RN,RN,0.0,5,12.0,4.6
SKU-3952-UNI,Тяга/стійка straight_link UNI (RN),,UNI,straight_link,False,29.5,6.8,5.2,1.36,1.04,0.29,RN,RN,0.0,5,6.8,1.4
SKU-3953-UNI,Тяга/стійка trailing UNI (RN),,UNI,trailing,False,69.3,7.5,5.2,3.33,2.7,1.03,RN,RN,0.0,2,6.7,2.1
SKU-3954-UNI,Тяга/стійка straight_link UNI (RN),,UNI,straight_link,False,30.1,6.1,6.9,0.71,1.27,0.36,RN,RN,0.0,5,3.5,1.8
SKU-3955-UNI,Тяга/стійка straight_link UNI (RN),,UNI,straight_link,False,29.4,6.0,4.2,0.87,0.74,0.21,RN,RN,0.0,2,1.7,0.4
SKU-3956-UNI,Тяга/стійка straight_link UNI (RN),,UNI,straight_link,False,18.5,6.3,6.3,1.34,0.73,0.2,RN,RN,0.0,5,6.7,1.0
SKU-3957-UNI,Тяга/стійка straight_link UNI (RN),,UNI,straight_link,False,22.8,7.2,6.6,1.06,1.08,0.3,RN,RN,0.0,5,5.3,1.5
SKU-3958-UNI,Тяга/стійка straight_link UNI (RN),,UNI,straight_link,False,23.9,6.5,7.0,1.38,1.09,0.31,RN,RN,0.0,5,6.9,1.6
SKU-3959-UNI,Тяга/стійка straight_link UNI (RN),,UNI,straight_link,False,28.7,4.6,4.9,1.18,0.65,0.18,RN,RN,0.0,5,5.9,0.9
SKU-3960-UNI,Тяга/стійка straight_link UNI (RN),,UNI,straight_link,False,26.7,6.3,6.7,0.58,1.13,0.32,RN,RN,0.0,4,2.3,1.3
SKU-3961-UNI,Тяга/стійка straight_link UNI (RN),,UNI,straight_link,False,19.8,5.1,4.7,1.02,0.47,0.13,RN,RN,0.0,4,4.1,0.5
SKU-3962-UNI,Тяга/стійка trailing UNI (RN),,UNI,trailing,False,61.0,9.9,5.9,3.72,3.56,1.35,RN,RN,0.0,3,11.2,4.1
SKU-3963-UNI,Тяга/стійка trailing UNI (RN),,UNI,trailing,False,68.3,10.0,5.3,2.54,3.62,1.38,RN,RN,0.0,5,12.7,6.9
SKU-3964-UNI,Тяга/стійка straight_link UNI (RN),,UNI,straight_link,False,28.0,6.3,6.7,0.58,1.18,0.33,RN,RN,0.0,3,1.7,1.0
SKU-3965-UNI,Тяга/стійка trailing UNI (RN),,UNI,trailing,False,65.8,11.0,7.1,3.3,5.14,1.95,RN,RN,0.0,5,16.5,9.8
SKU-3966-UNI,Тяга/стійка trailing UNI (RN),,UNI,trailing,False,75.8,6.1,8.5,2.56,3.93,1.49,RN,RN,0.0,4,10.2,6.0
SKU-3967-UNI,Тяга/стійка straight_link UNI (RN),,UNI,straight_link,False,22.3,6.9,6.3,0.68,0.97,0.27,RN,RN,0.0,5,3.4,1.4
SKU-3968-UNI,Тяга/стійка straight_link UNI (RN),,UNI,straight_link,False,23.5,5.2,5.5,1.14,0.67,0.19,RN,RN,0.0,3,3.4,0.6
SKU-3969-UNI,Тяга/стійка trailing UNI (RN),,UNI,trailing,False,77.0,10.4,7.1,3.25,5.69,2.16,RN,RN,0.0,5,16.2,10.8
SKU-3970-UNI,Тяга/стійка trailing UNI (RN),,UNI,trailing,False,73.3,8.7,8.5,3.6,5.42,2.06,RN,RN,0.0,2,7.2,4.1
SKU-3971-UNI,Тяга/стійка straight_link UNI (RN),,UNI,straight_link,False,29.9,5.7,6.2,0.69,1.06,0.3,RN,RN,0.0,2,1.4,0.6
SKU-3972-UNI,Тяга/стійка straight_link UNI (RN),,UNI,straight_link,False,31.8,5.9,6.3,0.68,1.18,0.33,RN,RN,0.0,2,1.4,0.7
SKU-3973-UNI,Тяга/стійка trailing UNI (RN),,UNI,trailing,False,76.6,10.1,8.7,3.5,6.73,2.56,RN,RN,0.0,5,17.5,12.8
SKU-3974-UNI,Тяга/стійка straight_link UNI (RN),,UNI,straight_link,False,19.3,6.7,6.0,1.07,0.78,0.22,RN,RN,0.0,3,3.2,0.7
SKU-3975-UNI,Тяга/стійка straight_link UNI (RN),,UNI,straight_link,False,19.5,4.4,6.4,1.18,0.55,0.15,RN,RN,0.0,3,3.5,0.4
SKU-3976-UNI,Тяга/стійка straight_link UNI (RN),,UNI,straight_link,False,21.1,5.8,4.1,1.3,0.5,0.14,RN,RN,0.0,4,5.2,0.6
SKU-3977-UNI,Тяга/стійка trailing UNI (RN),,UNI,trailing,False,57.8,7.1,6.8,2.79,2.79,1.06,RN,RN,0.0,5,13.9,5.3
SKU-3978-UNI,Тяга/стійка straight_link UNI (RN),,UNI,straight_link,False,26.1,7.4,6.9,1.4,1.33,0.37,RN,RN,0.0,3,4.2,1.1
SKU-3979-UNI,Тяга/стійка trailing UNI (RN),,UNI,trailing,True,58.7,8.8,8.1,3.54,4.18,4.39,RN,RN,0.0,4,14.2,17.6
SKU-3980-UNI,Тяга/стійка straight_link UNI (RN),,UNI,straight_link,False,21.3,7.1,4.5,1.07,0.68,0.19,RN,RN,0.0,5,5.4,0.9
SKU-3981-UNI,Тяга/стійка straight_link UNI (RN),,UNI,straight_link,False,23.6,4.1,4.3,1.25,0.42,0.12,RN,RN,0.0,4,5.0,0.5
SKU-3982-UNI,Тяга/стійка straight_link UNI (RN),,UNI,straight_link,False,27.0,5.1,6.4,0.46,0.88,0.25,RN,RN,0.0,4,1.8,1.0
SKU-3983-UNI,Тяга/стійка trailing UNI (RN),,UNI,trailing,False,68.9,8.5,8.2,2.23,4.8,1.82,RN,RN,0.0,3,6.7,5.5
SKU-3984-UNI,Тяга/стійка straight_link UNI (RN),,UNI,straight_link,False,19.9,5.1,4.4,0.85,0.45,0.13,RN,RN,0.0,4,3.4,0.5
SKU-3985-UNI,Тяга/стійка straight_link UNI (RN),,UNI,straight_link,False,25.3,5.8,5.3,1.12,0.78,0.22,RN,RN,0.0,3,3.4,0.7
SKU-3986-UNI,Тяга/стійка straight_link UNI (RN),,UNI,straight_link,False,27.3,5.5,4.2,0.87,0.63,0.18,RN,RN,0.0,4,3.5,0.7
SKU-3987-UNI,Тяга/стійка straight_link UNI (RN),,UNI,straight_link,False,22.9,4.8,7.5,0.55,0.82,0.23,RN,RN,0.0,5,2.8,1.2
SKU-3988-UNI,Тяга/стійка straight_link UNI (RN),,UNI,straight_link,False,24.4,7.4,5.8,1.14,1.05,0.29,RN,RN,0.0,3,3.4,0.9
SKU-3989-UNI,Тяга/стійка straight_link UNI (RN),,UNI,straight_link,False,29.5,6.7,4.5,1.31,0.89,0.25,RN,RN,0.0,2,2.6,0.5
SKU-3990-UNI,Тяга/стійка straight_link UNI (RN),,UNI,straight_link,False,31.6,6.7,5.0,0.96,1.06,0.3,RN,RN,0.0,3,2.9,0.9
SKU-3991-UNI,Тяга/стійка straight_link UNI (RN),,UNI,straight_link,False,28.7,4.9,6.3,0.75,0.89,0.25,RN,RN,0.0,5,3.8,1.2
SKU-3992-UNI,Тяга/стійка straight_link UNI (RN),,UNI,straight_link,False,20.2,6.9,4.9,0.83,0.68,0.19,RN,RN,0.0,4,3.3,0.8
SKU-3993-UNI,Тяга/стійка trailing UNI (RN),,UNI,trailing,False,70.0,10.1,7.7,3.24,5.44,2.07,RN,RN,0.0,3,9.7,6.2
SKU-3994-UNI,Тяга/стійка trailing UNI (RN),,UNI,trailing,False,72.5,10.4,8.0,3.98,6.03,2.29,RN,RN,0.0,4,15.9,9.2
SKU-3995-UNI,Тяга/стійка straight_link UNI (RN),,UNI,straight_link,True,23.8,5.1,4.5,0.78,0.55,0.58,RN,RN,0.0,2,1.6,1.2
SKU-3996-UNI,Тяга/стійка straight_link UNI (RN),,UNI,straight_link,False,32.0,6.7,5.3,0.96,1.14,0.32,RN,RN,0.0,5,4.8,1.6
SKU-3997-UNI,Тяга/стійка straight_link UNI (RN),,UNI,straight_link,False,21.1,6.8,5.8,1.11,0.83,0.23,RN,RN,0.0,4,4.4,0.9
SKU-3998-UNI,Тяга/стійка straight_link UNI (RN),,UNI,straight_link,False,18.8,4.3,4.9,0.66,0.4,0.11,RN,RN,0.0,3,2.0,0.3
SKU-3999-UNI,Тяга/стійка straight_link UNI (RN),,UNI,straight_link,False,18.9,7.1,7.4,0.55,0.99,0.28,RN,RN,0.0,4,2.2,1.1
SKU-4000-UNI,Тяга/стійка trailing UNI (RN),,UNI,trailing,False,73.5,7.7,5.3,2.72,3.0,1.14,RN,RN,0.0,5,13.6,5.7
SKU-4001-UNI,Тяга/стійка straight_link UNI (RN),,UNI,straight_link,False,25.4,6.5,6.8,0.49,1.12,0.31,RN,RN,0.0,2,1.0,0.6
SKU-4002-UNI,Тяга/стійка straight_link UNI (RN),,UNI,straight_link,True,25.8,4.6,4.0,1.27,0.47,0.49,RN,RN,0.0,2,2.5,1.0
SKU-4003-UNI,Тяга/стійка straight_link UNI (RN),,UNI,straight_link,False,28.9,5.5,5.2,0.47,0.83,0.23,RN,RN,0.0,4,1.9,0.9
SKU-4004-UNI,Тяга/стійка straight_link UNI (RN),,UNI,straight_link,False,21.4,5.4,5.2,1.17,0.6,0.17,RN,RN,0.0,5,5.8,0.9
SKU-4005-UNI,Тяга/стійка trailing UNI (RN),,UNI,trailing,False,75.4,6.7,7.0,3.45,3.54,1.35,RN,RN,0.0,2,6.9,2.7
SKU-4006-UNI,Тяга/стійка straight_link UNI (RN),,UNI,straight_link,False,18.1,6.2,6.6,1.32,0.74,0.21,RN,RN,0.0,3,4.0,0.6
SKU-4007-UNI,Тяга/стійка straight_link UNI (RN),,UNI,straight_link,False,27.8,6.4,6.4,0.91,1.14,0.32,RN,RN,0.0,4,3.6,1.3
SKU-4008-UNI,Тяга/стійка trailing UNI (RN),,UNI,trailing,False,63.3,8.3,6.6,4.03,3.47,1.32,RN,RN,0.0,5,20.2,6.6
SKU-4009-UNI,Тяга/стійка straight_link UNI (RN),,UNI,straight_link,False,28.9,5.1,6.5,1.33,0.96,0.27,RN,RN,0.0,4,5.3,1.1
SKU-4010-UNI,Тяга/стійка straight_link UNI (RN),,UNI,straight_link,False,22.6,4.4,4.9,0.53,0.49,0.14,RN,RN,0.0,3,1.6,0.4
SKU-4011-UNI,Тяга/стійка straight_link UNI (RN),,UNI,straight_link,False,27.4,5.5,5.1,1.14,0.77,0.22,RN,RN,0.0,3,3.4,0.7
SKU-4012-UNI,Тяга/стійка straight_link UNI (RN),,UNI,straight_link,False,28.2,5.4,5.1,1.25,0.78,0.22,RN,RN,0.0,5,6.2,1.1
SKU-4013-UNI,Тяга/стійка straight_link UNI (RN),,UNI,straight_link,False,26.7,5.6,4.3,0.49,0.64,0.18,RN,RN,0.0,5,2.5,0.9
SKU-4014-UNI,Тяга/стійка trailing UNI (RN),,UNI,trailing,False,65.5,9.4,8.7,3.24,5.36,2.04,RN,RN,0.0,5,16.2,10.2
SKU-4015-UNI,Тяга/стійка straight_link UNI (RN),,UNI,straight_link,False,25.6,4.2,5.3,0.55,0.57,0.16,RN,RN,0.0,4,2.2,0.6
SKU-4016-UNI,Тяга/стійка straight_link UNI (RN),,UNI,straight_link,True,24.6,5.6,6.3,0.87,0.87,0.91,RN,RN,0.0,3,2.6,2.7
SKU-4017-UNI,Тяга/стійка straight_link UNI (RN),,UNI,straight_link,True,24.6,6.0,4.1,1.19,0.61,0.64,RN,RN,0.0,5,5.9,3.2
SKU-4018-UNI,Тяга/стійка straight_link UNI (RN),,UNI,straight_link,False,20.1,7.3,6.2,1.25,0.91,0.25,RN,RN,0.0,3,3.8,0.8
SKU-4019-UNI,Тяга/стійка straight_link UNI (RN),,UNI,straight_link,False,19.0,6.2,5.0,0.5,0.59,0.17,RN,RN,0.0,3,1.5,0.5
